PS C:\Users\daves> Set-Location 'E:\Game Development\Apps\CamSure'
PS E:\Game Development\Apps\CamSure> dotnet run --project tools/windows-rtp-receiver -- --port 5004 --obs-pipe camsure-camera-1
CamSure Phase 4 RTP/H.264 counter receiver
Listening on 0.0.0.0:5004 (IPv4 UDP)
Requested OS receive buffer: 1048576 bytes; application access-unit reassembly: 2 MiB / 500 ms
Profile: RTP PT=96, H.264 packetization-mode=1, 90 kHz clock, RFC 8285 profile 0xBEDE
DNS-SD: advertising 'CamSure Receiver DEYB' as _camsure-rtp._udp.local.
DNS-SD IPv4 interfaces: 192.168.0.146; media endpoint UDP 5004; mDNS UDP 5353
If discovery is blocked, allow this receiver on the Windows Private network and check that AP multicast/client isolation is disabled.
Encoded AU bridge: camsure-camera-1
t=00:00:01 | packets=0/0 (0 bytes) | AUs complete=0, IDR=0, incomplete=0 | gaps=0, out-of-order=0, bad-packets=0, oversized-datagrams=0, unsupported=0 | PTS-map-mismatch=0, nonmonotonic-PTS=0, key-flag-mismatch=0 | config-AUs=0, AUs-without-SPS/PPS=0 | reassembly-depth=0/1, bytes=0/2097152, age=0 ms/500 ms, high-water=0 bytes/0 ms | SSRC=waiting, restarts=0
bridge written=0, dropped=0, connections/errors=3, AU-depth=0/4, bytes=0/4194304, current-age=0ms, max-depth=0, max-age=0ms, reconstruction-to-write-max=0us
t=00:00:02 | packets=0/0 (0 bytes) | AUs complete=0, IDR=0, incomplete=0 | gaps=0, out-of-order=0, bad-packets=0, oversized-datagrams=0, unsupported=0 | PTS-map-mismatch=0, nonmonotonic-PTS=0, key-flag-mismatch=0 | config-AUs=0, AUs-without-SPS/PPS=0 | reassembly-depth=0/1, bytes=0/2097152, age=0 ms/500 ms, high-water=0 bytes/0 ms | SSRC=waiting, restarts=0
bridge written=0, dropped=0, connections/errors=6, AU-depth=0/4, bytes=0/4194304, current-age=0ms, max-depth=0, max-age=0ms, reconstruction-to-write-max=0us
t=00:00:03 | packets=0/0 (0 bytes) | AUs complete=0, IDR=0, incomplete=0 | gaps=0, out-of-order=0, bad-packets=0, oversized-datagrams=0, unsupported=0 | PTS-map-mismatch=0, nonmonotonic-PTS=0, key-flag-mismatch=0 | config-AUs=0, AUs-without-SPS/PPS=0 | reassembly-depth=0/1, bytes=0/2097152, age=0 ms/500 ms, high-water=0 bytes/0 ms | SSRC=waiting, restarts=0
bridge written=0, dropped=0, connections/errors=9, AU-depth=0/4, bytes=0/4194304, current-age=0ms, max-depth=0, max-age=0ms, reconstruction-to-write-max=0us
t=00:00:04 | packets=0/0 (0 bytes) | AUs complete=0, IDR=0, incomplete=0 | gaps=0, out-of-order=0, bad-packets=0, oversized-datagrams=0, unsupported=0 | PTS-map-mismatch=0, nonmonotonic-PTS=0, key-flag-mismatch=0 | config-AUs=0, AUs-without-SPS/PPS=0 | reassembly-depth=0/1, bytes=0/2097152, age=0 ms/500 ms, high-water=0 bytes/0 ms | SSRC=waiting, restarts=0
bridge written=0, dropped=0, connections/errors=12, AU-depth=0/4, bytes=0/4194304, current-age=0ms, max-depth=0, max-age=0ms, reconstruction-to-write-max=0us
t=00:00:05 | packets=0/0 (0 bytes) | AUs complete=0, IDR=0, incomplete=0 | gaps=0, out-of-order=0, bad-packets=0, oversized-datagrams=0, unsupported=0 | PTS-map-mismatch=0, nonmonotonic-PTS=0, key-flag-mismatch=0 | config-AUs=0, AUs-without-SPS/PPS=0 | reassembly-depth=0/1, bytes=0/2097152, age=0 ms/500 ms, high-water=0 bytes/0 ms | SSRC=waiting, restarts=0
bridge written=0, dropped=0, connections/errors=15, AU-depth=0/4, bytes=0/4194304, current-age=0ms, max-depth=0, max-age=0ms, reconstruction-to-write-max=0us
t=00:00:06 | packets=0/0 (0 bytes) | AUs complete=0, IDR=0, incomplete=0 | gaps=0, out-of-order=0, bad-packets=0, oversized-datagrams=0, unsupported=0 | PTS-map-mismatch=0, nonmonotonic-PTS=0, key-flag-mismatch=0 | config-AUs=0, AUs-without-SPS/PPS=0 | reassembly-depth=0/1, bytes=0/2097152, age=0 ms/500 ms, high-water=0 bytes/0 ms | SSRC=waiting, restarts=0
bridge written=0, dropped=0, connections/errors=18, AU-depth=0/4, bytes=0/4194304, current-age=0ms, max-depth=0, max-age=0ms, reconstruction-to-write-max=0us
t=00:00:07 | packets=0/0 (0 bytes) | AUs complete=0, IDR=0, incomplete=0 | gaps=0, out-of-order=0, bad-packets=0, oversized-datagrams=0, unsupported=0 | PTS-map-mismatch=0, nonmonotonic-PTS=0, key-flag-mismatch=0 | config-AUs=0, AUs-without-SPS/PPS=0 | reassembly-depth=0/1, bytes=0/2097152, age=0 ms/500 ms, high-water=0 bytes/0 ms | SSRC=waiting, restarts=0
bridge written=0, dropped=0, connections/errors=21, AU-depth=0/4, bytes=0/4194304, current-age=0ms, max-depth=0, max-age=0ms, reconstruction-to-write-max=0us
t=00:00:08 | packets=0/0 (0 bytes) | AUs complete=0, IDR=0, incomplete=0 | gaps=0, out-of-order=0, bad-packets=0, oversized-datagrams=0, unsupported=0 | PTS-map-mismatch=0, nonmonotonic-PTS=0, key-flag-mismatch=0 | config-AUs=0, AUs-without-SPS/PPS=0 | reassembly-depth=0/1, bytes=0/2097152, age=0 ms/500 ms, high-water=0 bytes/0 ms | SSRC=waiting, restarts=0
bridge written=0, dropped=0, connections/errors=24, AU-depth=0/4, bytes=0/4194304, current-age=0ms, max-depth=0, max-age=0ms, reconstruction-to-write-max=0us
t=00:00:09 | packets=0/0 (0 bytes) | AUs complete=0, IDR=0, incomplete=0 | gaps=0, out-of-order=0, bad-packets=0, oversized-datagrams=0, unsupported=0 | PTS-map-mismatch=0, nonmonotonic-PTS=0, key-flag-mismatch=0 | config-AUs=0, AUs-without-SPS/PPS=0 | reassembly-depth=0/1, bytes=0/2097152, age=0 ms/500 ms, high-water=0 bytes/0 ms | SSRC=waiting, restarts=0
bridge written=0, dropped=0, connections/errors=27, AU-depth=0/4, bytes=0/4194304, current-age=0ms, max-depth=0, max-age=0ms, reconstruction-to-write-max=0us
t=00:00:10 | packets=0/0 (0 bytes) | AUs complete=0, IDR=0, incomplete=0 | gaps=0, out-of-order=0, bad-packets=0, oversized-datagrams=0, unsupported=0 | PTS-map-mismatch=0, nonmonotonic-PTS=0, key-flag-mismatch=0 | config-AUs=0, AUs-without-SPS/PPS=0 | reassembly-depth=0/1, bytes=0/2097152, age=0 ms/500 ms, high-water=0 bytes/0 ms | SSRC=waiting, restarts=0
bridge written=0, dropped=0, connections/errors=30, AU-depth=0/4, bytes=0/4194304, current-age=0ms, max-depth=0, max-age=0ms, reconstruction-to-write-max=0us
t=00:00:12 | packets=0/0 (0 bytes) | AUs complete=0, IDR=0, incomplete=0 | gaps=0, out-of-order=0, bad-packets=0, oversized-datagrams=0, unsupported=0 | PTS-map-mismatch=0, nonmonotonic-PTS=0, key-flag-mismatch=0 | config-AUs=0, AUs-without-SPS/PPS=0 | reassembly-depth=0/1, bytes=0/2097152, age=0 ms/500 ms, high-water=0 bytes/0 ms | SSRC=waiting, restarts=0
bridge written=0, dropped=0, connections/errors=33, AU-depth=0/4, bytes=0/4194304, current-age=0ms, max-depth=0, max-age=0ms, reconstruction-to-write-max=0us
t=00:00:13 | packets=0/0 (0 bytes) | AUs complete=0, IDR=0, incomplete=0 | gaps=0, out-of-order=0, bad-packets=0, oversized-datagrams=0, unsupported=0 | PTS-map-mismatch=0, nonmonotonic-PTS=0, key-flag-mismatch=0 | config-AUs=0, AUs-without-SPS/PPS=0 | reassembly-depth=0/1, bytes=0/2097152, age=0 ms/500 ms, high-water=0 bytes/0 ms | SSRC=waiting, restarts=0
bridge written=0, dropped=0, connections/errors=36, AU-depth=0/4, bytes=0/4194304, current-age=0ms, max-depth=0, max-age=0ms, reconstruction-to-write-max=0us
t=00:00:14 | packets=0/0 (0 bytes) | AUs complete=0, IDR=0, incomplete=0 | gaps=0, out-of-order=0, bad-packets=0, oversized-datagrams=0, unsupported=0 | PTS-map-mismatch=0, nonmonotonic-PTS=0, key-flag-mismatch=0 | config-AUs=0, AUs-without-SPS/PPS=0 | reassembly-depth=0/1, bytes=0/2097152, age=0 ms/500 ms, high-water=0 bytes/0 ms | SSRC=waiting, restarts=0
bridge written=0, dropped=0, connections/errors=39, AU-depth=0/4, bytes=0/4194304, current-age=0ms, max-depth=0, max-age=0ms, reconstruction-to-write-max=0us
t=00:00:15 | packets=0/0 (0 bytes) | AUs complete=0, IDR=0, incomplete=0 | gaps=0, out-of-order=0, bad-packets=0, oversized-datagrams=0, unsupported=0 | PTS-map-mismatch=0, nonmonotonic-PTS=0, key-flag-mismatch=0 | config-AUs=0, AUs-without-SPS/PPS=0 | reassembly-depth=0/1, bytes=0/2097152, age=0 ms/500 ms, high-water=0 bytes/0 ms | SSRC=waiting, restarts=0
bridge written=0, dropped=0, connections/errors=42, AU-depth=0/4, bytes=0/4194304, current-age=0ms, max-depth=0, max-age=0ms, reconstruction-to-write-max=0us
t=00:00:16 | packets=0/0 (0 bytes) | AUs complete=0, IDR=0, incomplete=0 | gaps=0, out-of-order=0, bad-packets=0, oversized-datagrams=0, unsupported=0 | PTS-map-mismatch=0, nonmonotonic-PTS=0, key-flag-mismatch=0 | config-AUs=0, AUs-without-SPS/PPS=0 | reassembly-depth=0/1, bytes=0/2097152, age=0 ms/500 ms, high-water=0 bytes/0 ms | SSRC=waiting, restarts=0
bridge written=0, dropped=0, connections/errors=45, AU-depth=0/4, bytes=0/4194304, current-age=0ms, max-depth=0, max-age=0ms, reconstruction-to-write-max=0us
t=00:00:17 | packets=0/0 (0 bytes) | AUs complete=0, IDR=0, incomplete=0 | gaps=0, out-of-order=0, bad-packets=0, oversized-datagrams=0, unsupported=0 | PTS-map-mismatch=0, nonmonotonic-PTS=0, key-flag-mismatch=0 | config-AUs=0, AUs-without-SPS/PPS=0 | reassembly-depth=0/1, bytes=0/2097152, age=0 ms/500 ms, high-water=0 bytes/0 ms | SSRC=waiting, restarts=0
bridge written=0, dropped=0, connections/errors=48, AU-depth=0/4, bytes=0/4194304, current-age=0ms, max-depth=0, max-age=0ms, reconstruction-to-write-max=0us
t=00:00:18 | packets=0/0 (0 bytes) | AUs complete=0, IDR=0, incomplete=0 | gaps=0, out-of-order=0, bad-packets=0, oversized-datagrams=0, unsupported=0 | PTS-map-mismatch=0, nonmonotonic-PTS=0, key-flag-mismatch=0 | config-AUs=0, AUs-without-SPS/PPS=0 | reassembly-depth=0/1, bytes=0/2097152, age=0 ms/500 ms, high-water=0 bytes/0 ms | SSRC=waiting, restarts=0
bridge written=0, dropped=0, connections/errors=52, AU-depth=0/4, bytes=0/4194304, current-age=0ms, max-depth=0, max-age=0ms, reconstruction-to-write-max=0us
t=00:00:19 | packets=0/0 (0 bytes) | AUs complete=0, IDR=0, incomplete=0 | gaps=0, out-of-order=0, bad-packets=0, oversized-datagrams=0, unsupported=0 | PTS-map-mismatch=0, nonmonotonic-PTS=0, key-flag-mismatch=0 | config-AUs=0, AUs-without-SPS/PPS=0 | reassembly-depth=0/1, bytes=0/2097152, age=0 ms/500 ms, high-water=0 bytes/0 ms | SSRC=waiting, restarts=0
bridge written=0, dropped=0, connections/errors=55, AU-depth=0/4, bytes=0/4194304, current-age=0ms, max-depth=0, max-age=0ms, reconstruction-to-write-max=0us
t=00:00:20 | packets=0/0 (0 bytes) | AUs complete=0, IDR=0, incomplete=0 | gaps=0, out-of-order=0, bad-packets=0, oversized-datagrams=0, unsupported=0 | PTS-map-mismatch=0, nonmonotonic-PTS=0, key-flag-mismatch=0 | config-AUs=0, AUs-without-SPS/PPS=0 | reassembly-depth=0/1, bytes=0/2097152, age=0 ms/500 ms, high-water=0 bytes/0 ms | SSRC=waiting, restarts=0
bridge written=0, dropped=0, connections/errors=58, AU-depth=0/4, bytes=0/4194304, current-age=0ms, max-depth=0, max-age=0ms, reconstruction-to-write-max=0us
t=00:00:21 | packets=0/0 (0 bytes) | AUs complete=0, IDR=0, incomplete=0 | gaps=0, out-of-order=0, bad-packets=0, oversized-datagrams=0, unsupported=0 | PTS-map-mismatch=0, nonmonotonic-PTS=0, key-flag-mismatch=0 | config-AUs=0, AUs-without-SPS/PPS=0 | reassembly-depth=0/1, bytes=0/2097152, age=0 ms/500 ms, high-water=0 bytes/0 ms | SSRC=waiting, restarts=0
bridge written=0, dropped=0, connections/errors=61, AU-depth=0/4, bytes=0/4194304, current-age=0ms, max-depth=0, max-age=0ms, reconstruction-to-write-max=0us
t=00:00:22 | packets=0/0 (0 bytes) | AUs complete=0, IDR=0, incomplete=0 | gaps=0, out-of-order=0, bad-packets=0, oversized-datagrams=0, unsupported=0 | PTS-map-mismatch=0, nonmonotonic-PTS=0, key-flag-mismatch=0 | config-AUs=0, AUs-without-SPS/PPS=0 | reassembly-depth=0/1, bytes=0/2097152, age=0 ms/500 ms, high-water=0 bytes/0 ms | SSRC=waiting, restarts=0
bridge written=0, dropped=0, connections/errors=64, AU-depth=0/4, bytes=0/4194304, current-age=0ms, max-depth=0, max-age=0ms, reconstruction-to-write-max=0us
t=00:00:24 | packets=0/0 (0 bytes) | AUs complete=0, IDR=0, incomplete=0 | gaps=0, out-of-order=0, bad-packets=0, oversized-datagrams=0, unsupported=0 | PTS-map-mismatch=0, nonmonotonic-PTS=0, key-flag-mismatch=0 | config-AUs=0, AUs-without-SPS/PPS=0 | reassembly-depth=0/1, bytes=0/2097152, age=0 ms/500 ms, high-water=0 bytes/0 ms | SSRC=waiting, restarts=0
bridge written=0, dropped=0, connections/errors=67, AU-depth=0/4, bytes=0/4194304, current-age=0ms, max-depth=0, max-age=0ms, reconstruction-to-write-max=0us
t=00:00:25 | packets=0/0 (0 bytes) | AUs complete=0, IDR=0, incomplete=0 | gaps=0, out-of-order=0, bad-packets=0, oversized-datagrams=0, unsupported=0 | PTS-map-mismatch=0, nonmonotonic-PTS=0, key-flag-mismatch=0 | config-AUs=0, AUs-without-SPS/PPS=0 | reassembly-depth=0/1, bytes=0/2097152, age=0 ms/500 ms, high-water=0 bytes/0 ms | SSRC=waiting, restarts=0
bridge written=0, dropped=0, connections/errors=70, AU-depth=0/4, bytes=0/4194304, current-age=0ms, max-depth=0, max-age=0ms, reconstruction-to-write-max=0us
t=00:00:26 | packets=0/0 (0 bytes) | AUs complete=0, IDR=0, incomplete=0 | gaps=0, out-of-order=0, bad-packets=0, oversized-datagrams=0, unsupported=0 | PTS-map-mismatch=0, nonmonotonic-PTS=0, key-flag-mismatch=0 | config-AUs=0, AUs-without-SPS/PPS=0 | reassembly-depth=0/1, bytes=0/2097152, age=0 ms/500 ms, high-water=0 bytes/0 ms | SSRC=waiting, restarts=0
bridge written=0, dropped=0, connections/errors=73, AU-depth=0/4, bytes=0/4194304, current-age=0ms, max-depth=0, max-age=0ms, reconstruction-to-write-max=0us
t=00:00:27 | packets=0/0 (0 bytes) | AUs complete=0, IDR=0, incomplete=0 | gaps=0, out-of-order=0, bad-packets=0, oversized-datagrams=0, unsupported=0 | PTS-map-mismatch=0, nonmonotonic-PTS=0, key-flag-mismatch=0 | config-AUs=0, AUs-without-SPS/PPS=0 | reassembly-depth=0/1, bytes=0/2097152, age=0 ms/500 ms, high-water=0 bytes/0 ms | SSRC=waiting, restarts=0
bridge written=0, dropped=0, connections/errors=76, AU-depth=0/4, bytes=0/4194304, current-age=0ms, max-depth=0, max-age=0ms, reconstruction-to-write-max=0us
t=00:00:28 | packets=0/0 (0 bytes) | AUs complete=0, IDR=0, incomplete=0 | gaps=0, out-of-order=0, bad-packets=0, oversized-datagrams=0, unsupported=0 | PTS-map-mismatch=0, nonmonotonic-PTS=0, key-flag-mismatch=0 | config-AUs=0, AUs-without-SPS/PPS=0 | reassembly-depth=0/1, bytes=0/2097152, age=0 ms/500 ms, high-water=0 bytes/0 ms | SSRC=waiting, restarts=0
bridge written=0, dropped=0, connections/errors=79, AU-depth=0/4, bytes=0/4194304, current-age=0ms, max-depth=0, max-age=0ms, reconstruction-to-write-max=0us
t=00:00:29 | packets=0/0 (0 bytes) | AUs complete=0, IDR=0, incomplete=0 | gaps=0, out-of-order=0, bad-packets=0, oversized-datagrams=0, unsupported=0 | PTS-map-mismatch=0, nonmonotonic-PTS=0, key-flag-mismatch=0 | config-AUs=0, AUs-without-SPS/PPS=0 | reassembly-depth=0/1, bytes=0/2097152, age=0 ms/500 ms, high-water=0 bytes/0 ms | SSRC=waiting, restarts=0
bridge written=0, dropped=0, connections/errors=82, AU-depth=0/4, bytes=0/4194304, current-age=0ms, max-depth=0, max-age=0ms, reconstruction-to-write-max=0us
t=00:00:30 | packets=0/0 (0 bytes) | AUs complete=0, IDR=0, incomplete=0 | gaps=0, out-of-order=0, bad-packets=0, oversized-datagrams=0, unsupported=0 | PTS-map-mismatch=0, nonmonotonic-PTS=0, key-flag-mismatch=0 | config-AUs=0, AUs-without-SPS/PPS=0 | reassembly-depth=0/1, bytes=0/2097152, age=0 ms/500 ms, high-water=0 bytes/0 ms | SSRC=waiting, restarts=0
bridge written=0, dropped=0, connections/errors=85, AU-depth=0/4, bytes=0/4194304, current-age=0ms, max-depth=0, max-age=0ms, reconstruction-to-write-max=0us
t=00:00:31 | packets=0/0 (0 bytes) | AUs complete=0, IDR=0, incomplete=0 | gaps=0, out-of-order=0, bad-packets=0, oversized-datagrams=0, unsupported=0 | PTS-map-mismatch=0, nonmonotonic-PTS=0, key-flag-mismatch=0 | config-AUs=0, AUs-without-SPS/PPS=0 | reassembly-depth=0/1, bytes=0/2097152, age=0 ms/500 ms, high-water=0 bytes/0 ms | SSRC=waiting, restarts=0
bridge written=0, dropped=0, connections/errors=88, AU-depth=0/4, bytes=0/4194304, current-age=0ms, max-depth=0, max-age=0ms, reconstruction-to-write-max=0us
t=00:00:32 | packets=0/0 (0 bytes) | AUs complete=0, IDR=0, incomplete=0 | gaps=0, out-of-order=0, bad-packets=0, oversized-datagrams=0, unsupported=0 | PTS-map-mismatch=0, nonmonotonic-PTS=0, key-flag-mismatch=0 | config-AUs=0, AUs-without-SPS/PPS=0 | reassembly-depth=0/1, bytes=0/2097152, age=0 ms/500 ms, high-water=0 bytes/0 ms | SSRC=waiting, restarts=0
bridge written=0, dropped=0, connections/errors=91, AU-depth=0/4, bytes=0/4194304, current-age=0ms, max-depth=0, max-age=0ms, reconstruction-to-write-max=0us
t=00:00:33 | packets=0/0 (0 bytes) | AUs complete=0, IDR=0, incomplete=0 | gaps=0, out-of-order=0, bad-packets=0, oversized-datagrams=0, unsupported=0 | PTS-map-mismatch=0, nonmonotonic-PTS=0, key-flag-mismatch=0 | config-AUs=0, AUs-without-SPS/PPS=0 | reassembly-depth=0/1, bytes=0/2097152, age=0 ms/500 ms, high-water=0 bytes/0 ms | SSRC=waiting, restarts=0
bridge written=0, dropped=0, connections/errors=94, AU-depth=0/4, bytes=0/4194304, current-age=0ms, max-depth=0, max-age=0ms, reconstruction-to-write-max=0us
t=00:00:34 | packets=0/0 (0 bytes) | AUs complete=0, IDR=0, incomplete=0 | gaps=0, out-of-order=0, bad-packets=0, oversized-datagrams=0, unsupported=0 | PTS-map-mismatch=0, nonmonotonic-PTS=0, key-flag-mismatch=0 | config-AUs=0, AUs-without-SPS/PPS=0 | reassembly-depth=0/1, bytes=0/2097152, age=0 ms/500 ms, high-water=0 bytes/0 ms | SSRC=waiting, restarts=0
bridge written=0, dropped=0, connections/errors=97, AU-depth=0/4, bytes=0/4194304, current-age=0ms, max-depth=0, max-age=0ms, reconstruction-to-write-max=0us
t=00:00:36 | packets=0/0 (0 bytes) | AUs complete=0, IDR=0, incomplete=0 | gaps=0, out-of-order=0, bad-packets=0, oversized-datagrams=0, unsupported=0 | PTS-map-mismatch=0, nonmonotonic-PTS=0, key-flag-mismatch=0 | config-AUs=0, AUs-without-SPS/PPS=0 | reassembly-depth=0/1, bytes=0/2097152, age=0 ms/500 ms, high-water=0 bytes/0 ms | SSRC=waiting, restarts=0
bridge written=0, dropped=0, connections/errors=100, AU-depth=0/4, bytes=0/4194304, current-age=0ms, max-depth=0, max-age=0ms, reconstruction-to-write-max=0us
t=00:00:37 | packets=0/0 (0 bytes) | AUs complete=0, IDR=0, incomplete=0 | gaps=0, out-of-order=0, bad-packets=0, oversized-datagrams=0, unsupported=0 | PTS-map-mismatch=0, nonmonotonic-PTS=0, key-flag-mismatch=0 | config-AUs=0, AUs-without-SPS/PPS=0 | reassembly-depth=0/1, bytes=0/2097152, age=0 ms/500 ms, high-water=0 bytes/0 ms | SSRC=waiting, restarts=0
bridge written=0, dropped=0, connections/errors=103, AU-depth=0/4, bytes=0/4194304, current-age=0ms, max-depth=0, max-age=0ms, reconstruction-to-write-max=0us
t=00:00:38 | packets=0/0 (0 bytes) | AUs complete=0, IDR=0, incomplete=0 | gaps=0, out-of-order=0, bad-packets=0, oversized-datagrams=0, unsupported=0 | PTS-map-mismatch=0, nonmonotonic-PTS=0, key-flag-mismatch=0 | config-AUs=0, AUs-without-SPS/PPS=0 | reassembly-depth=0/1, bytes=0/2097152, age=0 ms/500 ms, high-water=0 bytes/0 ms | SSRC=waiting, restarts=0
bridge written=0, dropped=0, connections/errors=105, AU-depth=0/4, bytes=0/4194304, current-age=0ms, max-depth=0, max-age=0ms, reconstruction-to-write-max=0us
t=00:00:39 | packets=0/0 (0 bytes) | AUs complete=0, IDR=0, incomplete=0 | gaps=0, out-of-order=0, bad-packets=0, oversized-datagrams=0, unsupported=0 | PTS-map-mismatch=0, nonmonotonic-PTS=0, key-flag-mismatch=0 | config-AUs=0, AUs-without-SPS/PPS=0 | reassembly-depth=0/1, bytes=0/2097152, age=0 ms/500 ms, high-water=0 bytes/0 ms | SSRC=waiting, restarts=0
bridge written=0, dropped=0, connections/errors=105, AU-depth=0/4, bytes=0/4194304, current-age=0ms, max-depth=0, max-age=0ms, reconstruction-to-write-max=0us
t=00:00:40 | packets=0/0 (0 bytes) | AUs complete=0, IDR=0, incomplete=0 | gaps=0, out-of-order=0, bad-packets=0, oversized-datagrams=0, unsupported=0 | PTS-map-mismatch=0, nonmonotonic-PTS=0, key-flag-mismatch=0 | config-AUs=0, AUs-without-SPS/PPS=0 | reassembly-depth=0/1, bytes=0/2097152, age=0 ms/500 ms, high-water=0 bytes/0 ms | SSRC=waiting, restarts=0
bridge written=0, dropped=0, connections/errors=105, AU-depth=0/4, bytes=0/4194304, current-age=0ms, max-depth=0, max-age=0ms, reconstruction-to-write-max=0us
DNS-SD browse query from 192.168.0.233:5353.
DNS-SD answered 1 record(s) plus 3 additional record(s) to 192.168.0.233:5353.
t=00:00:41 | packets=0/0 (0 bytes) | AUs complete=0, IDR=0, incomplete=0 | gaps=0, out-of-order=0, bad-packets=0, oversized-datagrams=0, unsupported=0 | PTS-map-mismatch=0, nonmonotonic-PTS=0, key-flag-mismatch=0 | config-AUs=0, AUs-without-SPS/PPS=0 | reassembly-depth=0/1, bytes=0/2097152, age=0 ms/500 ms, high-water=0 bytes/0 ms | SSRC=waiting, restarts=0
bridge written=0, dropped=0, connections/errors=105, AU-depth=0/4, bytes=0/4194304, current-age=0ms, max-depth=0, max-age=0ms, reconstruction-to-write-max=0us
DNS-SD browse query from 192.168.0.233:5353.
DNS-SD answered 1 record(s) plus 3 additional record(s) to 192.168.0.233:5353.
t=00:00:42 | packets=0/0 (0 bytes) | AUs complete=0, IDR=0, incomplete=0 | gaps=0, out-of-order=0, bad-packets=0, oversized-datagrams=0, unsupported=0 | PTS-map-mismatch=0, nonmonotonic-PTS=0, key-flag-mismatch=0 | config-AUs=0, AUs-without-SPS/PPS=0 | reassembly-depth=0/1, bytes=0/2097152, age=0 ms/500 ms, high-water=0 bytes/0 ms | SSRC=waiting, restarts=0
bridge written=0, dropped=0, connections/errors=105, AU-depth=0/4, bytes=0/4194304, current-age=0ms, max-depth=0, max-age=0ms, reconstruction-to-write-max=0us
DNS-SD browse query from 192.168.0.233:5353.
DNS-SD answered 1 record(s) plus 3 additional record(s) to 192.168.0.233:5353.
t=00:00:43 | packets=0/0 (0 bytes) | AUs complete=0, IDR=0, incomplete=0 | gaps=0, out-of-order=0, bad-packets=0, oversized-datagrams=0, unsupported=0 | PTS-map-mismatch=0, nonmonotonic-PTS=0, key-flag-mismatch=0 | config-AUs=0, AUs-without-SPS/PPS=0 | reassembly-depth=0/1, bytes=0/2097152, age=0 ms/500 ms, high-water=0 bytes/0 ms | SSRC=waiting, restarts=0
bridge written=0, dropped=0, connections/errors=105, AU-depth=0/4, bytes=0/4194304, current-age=0ms, max-depth=0, max-age=0ms, reconstruction-to-write-max=0us
t=00:00:44 | packets=0/0 (0 bytes) | AUs complete=0, IDR=0, incomplete=0 | gaps=0, out-of-order=0, bad-packets=0, oversized-datagrams=0, unsupported=0 | PTS-map-mismatch=0, nonmonotonic-PTS=0, key-flag-mismatch=0 | config-AUs=0, AUs-without-SPS/PPS=0 | reassembly-depth=0/1, bytes=0/2097152, age=0 ms/500 ms, high-water=0 bytes/0 ms | SSRC=waiting, restarts=0
bridge written=0, dropped=0, connections/errors=105, AU-depth=0/4, bytes=0/4194304, current-age=0ms, max-depth=0, max-age=0ms, reconstruction-to-write-max=0us
t=00:00:45 | packets=0/0 (0 bytes) | AUs complete=0, IDR=0, incomplete=0 | gaps=0, out-of-order=0, bad-packets=0, oversized-datagrams=0, unsupported=0 | PTS-map-mismatch=0, nonmonotonic-PTS=0, key-flag-mismatch=0 | config-AUs=0, AUs-without-SPS/PPS=0 | reassembly-depth=0/1, bytes=0/2097152, age=0 ms/500 ms, high-water=0 bytes/0 ms | SSRC=waiting, restarts=0
bridge written=0, dropped=0, connections/errors=105, AU-depth=0/4, bytes=0/4194304, current-age=0ms, max-depth=0, max-age=0ms, reconstruction-to-write-max=0us
t=00:00:47 | packets=0/0 (0 bytes) | AUs complete=0, IDR=0, incomplete=0 | gaps=0, out-of-order=0, bad-packets=0, oversized-datagrams=0, unsupported=0 | PTS-map-mismatch=0, nonmonotonic-PTS=0, key-flag-mismatch=0 | config-AUs=0, AUs-without-SPS/PPS=0 | reassembly-depth=0/1, bytes=0/2097152, age=0 ms/500 ms, high-water=0 bytes/0 ms | SSRC=waiting, restarts=0
bridge written=0, dropped=0, connections/errors=105, AU-depth=0/4, bytes=0/4194304, current-age=0ms, max-depth=0, max-age=0ms, reconstruction-to-write-max=0us
t=00:00:48 | packets=0/0 (0 bytes) | AUs complete=0, IDR=0, incomplete=0 | gaps=0, out-of-order=0, bad-packets=0, oversized-datagrams=0, unsupported=0 | PTS-map-mismatch=0, nonmonotonic-PTS=0, key-flag-mismatch=0 | config-AUs=0, AUs-without-SPS/PPS=0 | reassembly-depth=0/1, bytes=0/2097152, age=0 ms/500 ms, high-water=0 bytes/0 ms | SSRC=waiting, restarts=0
bridge written=0, dropped=0, connections/errors=105, AU-depth=0/4, bytes=0/4194304, current-age=0ms, max-depth=0, max-age=0ms, reconstruction-to-write-max=0us
t=00:00:49 | packets=0/0 (0 bytes) | AUs complete=0, IDR=0, incomplete=0 | gaps=0, out-of-order=0, bad-packets=0, oversized-datagrams=0, unsupported=0 | PTS-map-mismatch=0, nonmonotonic-PTS=0, key-flag-mismatch=0 | config-AUs=0, AUs-without-SPS/PPS=0 | reassembly-depth=0/1, bytes=0/2097152, age=0 ms/500 ms, high-water=0 bytes/0 ms | SSRC=waiting, restarts=0
bridge written=0, dropped=0, connections/errors=105, AU-depth=0/4, bytes=0/4194304, current-age=0ms, max-depth=0, max-age=0ms, reconstruction-to-write-max=0us
t=00:00:50 | packets=0/0 (0 bytes) | AUs complete=0, IDR=0, incomplete=0 | gaps=0, out-of-order=0, bad-packets=0, oversized-datagrams=0, unsupported=0 | PTS-map-mismatch=0, nonmonotonic-PTS=0, key-flag-mismatch=0 | config-AUs=0, AUs-without-SPS/PPS=0 | reassembly-depth=0/1, bytes=0/2097152, age=0 ms/500 ms, high-water=0 bytes/0 ms | SSRC=waiting, restarts=0
bridge written=0, dropped=0, connections/errors=105, AU-depth=0/4, bytes=0/4194304, current-age=0ms, max-depth=0, max-age=0ms, reconstruction-to-write-max=0us
t=00:00:51 | packets=0/0 (0 bytes) | AUs complete=0, IDR=0, incomplete=0 | gaps=0, out-of-order=0, bad-packets=0, oversized-datagrams=0, unsupported=0 | PTS-map-mismatch=0, nonmonotonic-PTS=0, key-flag-mismatch=0 | config-AUs=0, AUs-without-SPS/PPS=0 | reassembly-depth=0/1, bytes=0/2097152, age=0 ms/500 ms, high-water=0 bytes/0 ms | SSRC=waiting, restarts=0
bridge written=0, dropped=0, connections/errors=105, AU-depth=0/4, bytes=0/4194304, current-age=0ms, max-depth=0, max-age=0ms, reconstruction-to-write-max=0us
t=00:00:52 | packets=0/0 (0 bytes) | AUs complete=0, IDR=0, incomplete=0 | gaps=0, out-of-order=0, bad-packets=0, oversized-datagrams=0, unsupported=0 | PTS-map-mismatch=0, nonmonotonic-PTS=0, key-flag-mismatch=0 | config-AUs=0, AUs-without-SPS/PPS=0 | reassembly-depth=0/1, bytes=0/2097152, age=0 ms/500 ms, high-water=0 bytes/0 ms | SSRC=waiting, restarts=0
bridge written=0, dropped=0, connections/errors=105, AU-depth=0/4, bytes=0/4194304, current-age=0ms, max-depth=0, max-age=0ms, reconstruction-to-write-max=0us
t=00:00:53 | packets=0/0 (0 bytes) | AUs complete=0, IDR=0, incomplete=0 | gaps=0, out-of-order=0, bad-packets=0, oversized-datagrams=0, unsupported=0 | PTS-map-mismatch=0, nonmonotonic-PTS=0, key-flag-mismatch=0 | config-AUs=0, AUs-without-SPS/PPS=0 | reassembly-depth=0/1, bytes=0/2097152, age=0 ms/500 ms, high-water=0 bytes/0 ms | SSRC=waiting, restarts=0
bridge written=0, dropped=0, connections/errors=105, AU-depth=0/4, bytes=0/4194304, current-age=0ms, max-depth=0, max-age=0ms, reconstruction-to-write-max=0us
t=00:00:54 | packets=0/0 (0 bytes) | AUs complete=0, IDR=0, incomplete=0 | gaps=0, out-of-order=0, bad-packets=0, oversized-datagrams=0, unsupported=0 | PTS-map-mismatch=0, nonmonotonic-PTS=0, key-flag-mismatch=0 | config-AUs=0, AUs-without-SPS/PPS=0 | reassembly-depth=0/1, bytes=0/2097152, age=0 ms/500 ms, high-water=0 bytes/0 ms | SSRC=waiting, restarts=0
bridge written=0, dropped=0, connections/errors=105, AU-depth=0/4, bytes=0/4194304, current-age=0ms, max-depth=0, max-age=0ms, reconstruction-to-write-max=0us
t=00:00:55 | packets=0/0 (0 bytes) | AUs complete=0, IDR=0, incomplete=0 | gaps=0, out-of-order=0, bad-packets=0, oversized-datagrams=0, unsupported=0 | PTS-map-mismatch=0, nonmonotonic-PTS=0, key-flag-mismatch=0 | config-AUs=0, AUs-without-SPS/PPS=0 | reassembly-depth=0/1, bytes=0/2097152, age=0 ms/500 ms, high-water=0 bytes/0 ms | SSRC=waiting, restarts=0
bridge written=0, dropped=0, connections/errors=105, AU-depth=0/4, bytes=0/4194304, current-age=0ms, max-depth=0, max-age=0ms, reconstruction-to-write-max=0us
t=00:00:56 | packets=0/0 (0 bytes) | AUs complete=0, IDR=0, incomplete=0 | gaps=0, out-of-order=0, bad-packets=0, oversized-datagrams=0, unsupported=0 | PTS-map-mismatch=0, nonmonotonic-PTS=0, key-flag-mismatch=0 | config-AUs=0, AUs-without-SPS/PPS=0 | reassembly-depth=0/1, bytes=0/2097152, age=0 ms/500 ms, high-water=0 bytes/0 ms | SSRC=waiting, restarts=0
bridge written=0, dropped=0, connections/errors=105, AU-depth=0/4, bytes=0/4194304, current-age=0ms, max-depth=0, max-age=0ms, reconstruction-to-write-max=0us
t=00:00:57 | packets=0/0 (0 bytes) | AUs complete=0, IDR=0, incomplete=0 | gaps=0, out-of-order=0, bad-packets=0, oversized-datagrams=0, unsupported=0 | PTS-map-mismatch=0, nonmonotonic-PTS=0, key-flag-mismatch=0 | config-AUs=0, AUs-without-SPS/PPS=0 | reassembly-depth=0/1, bytes=0/2097152, age=0 ms/500 ms, high-water=0 bytes/0 ms | SSRC=waiting, restarts=0
bridge written=0, dropped=0, connections/errors=105, AU-depth=0/4, bytes=0/4194304, current-age=0ms, max-depth=0, max-age=0ms, reconstruction-to-write-max=0us
t=00:00:59 | packets=0/0 (0 bytes) | AUs complete=0, IDR=0, incomplete=0 | gaps=0, out-of-order=0, bad-packets=0, oversized-datagrams=0, unsupported=0 | PTS-map-mismatch=0, nonmonotonic-PTS=0, key-flag-mismatch=0 | config-AUs=0, AUs-without-SPS/PPS=0 | reassembly-depth=0/1, bytes=0/2097152, age=0 ms/500 ms, high-water=0 bytes/0 ms | SSRC=waiting, restarts=0
bridge written=0, dropped=0, connections/errors=105, AU-depth=0/4, bytes=0/4194304, current-age=0ms, max-depth=0, max-age=0ms, reconstruction-to-write-max=0us
t=00:01:00 | packets=0/0 (0 bytes) | AUs complete=0, IDR=0, incomplete=0 | gaps=0, out-of-order=0, bad-packets=0, oversized-datagrams=0, unsupported=0 | PTS-map-mismatch=0, nonmonotonic-PTS=0, key-flag-mismatch=0 | config-AUs=0, AUs-without-SPS/PPS=0 | reassembly-depth=0/1, bytes=0/2097152, age=0 ms/500 ms, high-water=0 bytes/0 ms | SSRC=waiting, restarts=0
bridge written=0, dropped=0, connections/errors=105, AU-depth=0/4, bytes=0/4194304, current-age=0ms, max-depth=0, max-age=0ms, reconstruction-to-write-max=0us
t=00:01:01 | packets=0/0 (0 bytes) | AUs complete=0, IDR=0, incomplete=0 | gaps=0, out-of-order=0, bad-packets=0, oversized-datagrams=0, unsupported=0 | PTS-map-mismatch=0, nonmonotonic-PTS=0, key-flag-mismatch=0 | config-AUs=0, AUs-without-SPS/PPS=0 | reassembly-depth=0/1, bytes=0/2097152, age=0 ms/500 ms, high-water=0 bytes/0 ms | SSRC=waiting, restarts=0
bridge written=0, dropped=0, connections/errors=105, AU-depth=0/4, bytes=0/4194304, current-age=0ms, max-depth=0, max-age=0ms, reconstruction-to-write-max=0us
t=00:01:02 | packets=0/0 (0 bytes) | AUs complete=0, IDR=0, incomplete=0 | gaps=0, out-of-order=0, bad-packets=0, oversized-datagrams=0, unsupported=0 | PTS-map-mismatch=0, nonmonotonic-PTS=0, key-flag-mismatch=0 | config-AUs=0, AUs-without-SPS/PPS=0 | reassembly-depth=0/1, bytes=0/2097152, age=0 ms/500 ms, high-water=0 bytes/0 ms | SSRC=waiting, restarts=0
bridge written=0, dropped=0, connections/errors=105, AU-depth=0/4, bytes=0/4194304, current-age=0ms, max-depth=0, max-age=0ms, reconstruction-to-write-max=0us
DNS-SD browse query from 192.168.0.233:5353.
DNS-SD answered 1 record(s) plus 3 additional record(s) to 192.168.0.233:5353.
t=00:01:03 | packets=0/0 (0 bytes) | AUs complete=0, IDR=0, incomplete=0 | gaps=0, out-of-order=0, bad-packets=0, oversized-datagrams=0, unsupported=0 | PTS-map-mismatch=0, nonmonotonic-PTS=0, key-flag-mismatch=0 | config-AUs=0, AUs-without-SPS/PPS=0 | reassembly-depth=0/1, bytes=0/2097152, age=0 ms/500 ms, high-water=0 bytes/0 ms | SSRC=waiting, restarts=0
bridge written=0, dropped=0, connections/errors=105, AU-depth=0/4, bytes=0/4194304, current-age=0ms, max-depth=0, max-age=0ms, reconstruction-to-write-max=0us
t=00:01:04 | packets=0/0 (0 bytes) | AUs complete=0, IDR=0, incomplete=0 | gaps=0, out-of-order=0, bad-packets=0, oversized-datagrams=0, unsupported=0 | PTS-map-mismatch=0, nonmonotonic-PTS=0, key-flag-mismatch=0 | config-AUs=0, AUs-without-SPS/PPS=0 | reassembly-depth=0/1, bytes=0/2097152, age=0 ms/500 ms, high-water=0 bytes/0 ms | SSRC=waiting, restarts=0
bridge written=0, dropped=0, connections/errors=105, AU-depth=0/4, bytes=0/4194304, current-age=0ms, max-depth=0, max-age=0ms, reconstruction-to-write-max=0us
t=00:01:05 | packets=0/0 (0 bytes) | AUs complete=0, IDR=0, incomplete=0 | gaps=0, out-of-order=0, bad-packets=0, oversized-datagrams=0, unsupported=0 | PTS-map-mismatch=0, nonmonotonic-PTS=0, key-flag-mismatch=0 | config-AUs=0, AUs-without-SPS/PPS=0 | reassembly-depth=0/1, bytes=0/2097152, age=0 ms/500 ms, high-water=0 bytes/0 ms | SSRC=waiting, restarts=0
bridge written=0, dropped=0, connections/errors=105, AU-depth=0/4, bytes=0/4194304, current-age=0ms, max-depth=0, max-age=0ms, reconstruction-to-write-max=0us
t=00:01:06 | packets=0/0 (0 bytes) | AUs complete=0, IDR=0, incomplete=0 | gaps=0, out-of-order=0, bad-packets=0, oversized-datagrams=0, unsupported=0 | PTS-map-mismatch=0, nonmonotonic-PTS=0, key-flag-mismatch=0 | config-AUs=0, AUs-without-SPS/PPS=0 | reassembly-depth=0/1, bytes=0/2097152, age=0 ms/500 ms, high-water=0 bytes/0 ms | SSRC=waiting, restarts=0
bridge written=0, dropped=0, connections/errors=105, AU-depth=0/4, bytes=0/4194304, current-age=0ms, max-depth=0, max-age=0ms, reconstruction-to-write-max=0us
t=00:01:07 | packets=0/0 (0 bytes) | AUs complete=0, IDR=0, incomplete=0 | gaps=0, out-of-order=0, bad-packets=0, oversized-datagrams=0, unsupported=0 | PTS-map-mismatch=0, nonmonotonic-PTS=0, key-flag-mismatch=0 | config-AUs=0, AUs-without-SPS/PPS=0 | reassembly-depth=0/1, bytes=0/2097152, age=0 ms/500 ms, high-water=0 bytes/0 ms | SSRC=waiting, restarts=0
bridge written=0, dropped=0, connections/errors=105, AU-depth=0/4, bytes=0/4194304, current-age=0ms, max-depth=0, max-age=0ms, reconstruction-to-write-max=0us
t=00:01:08 | packets=0/0 (0 bytes) | AUs complete=0, IDR=0, incomplete=0 | gaps=0, out-of-order=0, bad-packets=0, oversized-datagrams=0, unsupported=0 | PTS-map-mismatch=0, nonmonotonic-PTS=0, key-flag-mismatch=0 | config-AUs=0, AUs-without-SPS/PPS=0 | reassembly-depth=0/1, bytes=0/2097152, age=0 ms/500 ms, high-water=0 bytes/0 ms | SSRC=waiting, restarts=0
bridge written=0, dropped=0, connections/errors=105, AU-depth=0/4, bytes=0/4194304, current-age=0ms, max-depth=0, max-age=0ms, reconstruction-to-write-max=0us
t=00:01:10 | packets=0/0 (0 bytes) | AUs complete=0, IDR=0, incomplete=0 | gaps=0, out-of-order=0, bad-packets=0, oversized-datagrams=0, unsupported=0 | PTS-map-mismatch=0, nonmonotonic-PTS=0, key-flag-mismatch=0 | config-AUs=0, AUs-without-SPS/PPS=0 | reassembly-depth=0/1, bytes=0/2097152, age=0 ms/500 ms, high-water=0 bytes/0 ms | SSRC=waiting, restarts=0
bridge written=0, dropped=0, connections/errors=105, AU-depth=0/4, bytes=0/4194304, current-age=0ms, max-depth=0, max-age=0ms, reconstruction-to-write-max=0us
t=00:01:11 | packets=0/0 (0 bytes) | AUs complete=0, IDR=0, incomplete=0 | gaps=0, out-of-order=0, bad-packets=0, oversized-datagrams=0, unsupported=0 | PTS-map-mismatch=0, nonmonotonic-PTS=0, key-flag-mismatch=0 | config-AUs=0, AUs-without-SPS/PPS=0 | reassembly-depth=0/1, bytes=0/2097152, age=0 ms/500 ms, high-water=0 bytes/0 ms | SSRC=waiting, restarts=0
bridge written=0, dropped=0, connections/errors=105, AU-depth=0/4, bytes=0/4194304, current-age=0ms, max-depth=0, max-age=0ms, reconstruction-to-write-max=0us
t=00:01:12 | packets=0/0 (0 bytes) | AUs complete=0, IDR=0, incomplete=0 | gaps=0, out-of-order=0, bad-packets=0, oversized-datagrams=0, unsupported=0 | PTS-map-mismatch=0, nonmonotonic-PTS=0, key-flag-mismatch=0 | config-AUs=0, AUs-without-SPS/PPS=0 | reassembly-depth=0/1, bytes=0/2097152, age=0 ms/500 ms, high-water=0 bytes/0 ms | SSRC=waiting, restarts=0
bridge written=0, dropped=0, connections/errors=105, AU-depth=0/4, bytes=0/4194304, current-age=0ms, max-depth=0, max-age=0ms, reconstruction-to-write-max=0us
t=00:01:13 | packets=0/0 (0 bytes) | AUs complete=0, IDR=0, incomplete=0 | gaps=0, out-of-order=0, bad-packets=0, oversized-datagrams=0, unsupported=0 | PTS-map-mismatch=0, nonmonotonic-PTS=0, key-flag-mismatch=0 | config-AUs=0, AUs-without-SPS/PPS=0 | reassembly-depth=0/1, bytes=0/2097152, age=0 ms/500 ms, high-water=0 bytes/0 ms | SSRC=waiting, restarts=0
bridge written=0, dropped=0, connections/errors=105, AU-depth=0/4, bytes=0/4194304, current-age=0ms, max-depth=0, max-age=0ms, reconstruction-to-write-max=0us
t=00:01:14 | packets=0/0 (0 bytes) | AUs complete=0, IDR=0, incomplete=0 | gaps=0, out-of-order=0, bad-packets=0, oversized-datagrams=0, unsupported=0 | PTS-map-mismatch=0, nonmonotonic-PTS=0, key-flag-mismatch=0 | config-AUs=0, AUs-without-SPS/PPS=0 | reassembly-depth=0/1, bytes=0/2097152, age=0 ms/500 ms, high-water=0 bytes/0 ms | SSRC=waiting, restarts=0
bridge written=0, dropped=0, connections/errors=105, AU-depth=0/4, bytes=0/4194304, current-age=0ms, max-depth=0, max-age=0ms, reconstruction-to-write-max=0us
t=00:01:15 | packets=0/0 (0 bytes) | AUs complete=0, IDR=0, incomplete=0 | gaps=0, out-of-order=0, bad-packets=0, oversized-datagrams=0, unsupported=0 | PTS-map-mismatch=0, nonmonotonic-PTS=0, key-flag-mismatch=0 | config-AUs=0, AUs-without-SPS/PPS=0 | reassembly-depth=0/1, bytes=0/2097152, age=0 ms/500 ms, high-water=0 bytes/0 ms | SSRC=waiting, restarts=0
bridge written=0, dropped=0, connections/errors=105, AU-depth=0/4, bytes=0/4194304, current-age=0ms, max-depth=0, max-age=0ms, reconstruction-to-write-max=0us
t=00:01:16 | packets=0/0 (0 bytes) | AUs complete=0, IDR=0, incomplete=0 | gaps=0, out-of-order=0, bad-packets=0, oversized-datagrams=0, unsupported=0 | PTS-map-mismatch=0, nonmonotonic-PTS=0, key-flag-mismatch=0 | config-AUs=0, AUs-without-SPS/PPS=0 | reassembly-depth=0/1, bytes=0/2097152, age=0 ms/500 ms, high-water=0 bytes/0 ms | SSRC=waiting, restarts=0
bridge written=0, dropped=0, connections/errors=105, AU-depth=0/4, bytes=0/4194304, current-age=0ms, max-depth=0, max-age=0ms, reconstruction-to-write-max=0us
t=00:01:17 | packets=0/0 (0 bytes) | AUs complete=0, IDR=0, incomplete=0 | gaps=0, out-of-order=0, bad-packets=0, oversized-datagrams=0, unsupported=0 | PTS-map-mismatch=0, nonmonotonic-PTS=0, key-flag-mismatch=0 | config-AUs=0, AUs-without-SPS/PPS=0 | reassembly-depth=0/1, bytes=0/2097152, age=0 ms/500 ms, high-water=0 bytes/0 ms | SSRC=waiting, restarts=0
bridge written=0, dropped=0, connections/errors=105, AU-depth=0/4, bytes=0/4194304, current-age=0ms, max-depth=0, max-age=0ms, reconstruction-to-write-max=0us
t=00:01:18 | packets=0/0 (0 bytes) | AUs complete=0, IDR=0, incomplete=0 | gaps=0, out-of-order=0, bad-packets=0, oversized-datagrams=0, unsupported=0 | PTS-map-mismatch=0, nonmonotonic-PTS=0, key-flag-mismatch=0 | config-AUs=0, AUs-without-SPS/PPS=0 | reassembly-depth=0/1, bytes=0/2097152, age=0 ms/500 ms, high-water=0 bytes/0 ms | SSRC=waiting, restarts=0
bridge written=0, dropped=0, connections/errors=105, AU-depth=0/4, bytes=0/4194304, current-age=0ms, max-depth=0, max-age=0ms, reconstruction-to-write-max=0us
t=00:01:19 | packets=0/0 (0 bytes) | AUs complete=0, IDR=0, incomplete=0 | gaps=0, out-of-order=0, bad-packets=0, oversized-datagrams=0, unsupported=0 | PTS-map-mismatch=0, nonmonotonic-PTS=0, key-flag-mismatch=0 | config-AUs=0, AUs-without-SPS/PPS=0 | reassembly-depth=0/1, bytes=0/2097152, age=0 ms/500 ms, high-water=0 bytes/0 ms | SSRC=waiting, restarts=0
bridge written=0, dropped=0, connections/errors=105, AU-depth=0/4, bytes=0/4194304, current-age=0ms, max-depth=0, max-age=0ms, reconstruction-to-write-max=0us
t=00:01:20 | packets=0/0 (0 bytes) | AUs complete=0, IDR=0, incomplete=0 | gaps=0, out-of-order=0, bad-packets=0, oversized-datagrams=0, unsupported=0 | PTS-map-mismatch=0, nonmonotonic-PTS=0, key-flag-mismatch=0 | config-AUs=0, AUs-without-SPS/PPS=0 | reassembly-depth=0/1, bytes=0/2097152, age=0 ms/500 ms, high-water=0 bytes/0 ms | SSRC=waiting, restarts=0
bridge written=0, dropped=0, connections/errors=105, AU-depth=0/4, bytes=0/4194304, current-age=0ms, max-depth=0, max-age=0ms, reconstruction-to-write-max=0us
t=00:01:22 | packets=0/0 (0 bytes) | AUs complete=0, IDR=0, incomplete=0 | gaps=0, out-of-order=0, bad-packets=0, oversized-datagrams=0, unsupported=0 | PTS-map-mismatch=0, nonmonotonic-PTS=0, key-flag-mismatch=0 | config-AUs=0, AUs-without-SPS/PPS=0 | reassembly-depth=0/1, bytes=0/2097152, age=0 ms/500 ms, high-water=0 bytes/0 ms | SSRC=waiting, restarts=0
bridge written=0, dropped=0, connections/errors=105, AU-depth=0/4, bytes=0/4194304, current-age=0ms, max-depth=0, max-age=0ms, reconstruction-to-write-max=0us
t=00:01:23 | packets=446/446 (524935 bytes) | AUs complete=14, IDR=1, incomplete=0 | gaps=0, out-of-order=0, bad-packets=0, oversized-datagrams=0, unsupported=0 | PTS-map-mismatch=0, nonmonotonic-PTS=0, key-flag-mismatch=0 | config-AUs=1, AUs-without-SPS/PPS=13 | reassembly-depth=1/1, bytes=1171/2097152, age=0 ms/500 ms, high-water=90916 bytes/9 ms | SSRC=2078493280, restarts=0
bridge written=0, dropped=13, connections/errors=106, AU-depth=0/4, bytes=0/4194304, current-age=0ms, max-depth=2, max-age=20ms, reconstruction-to-write-max=0us
t=00:01:24 | packets=1349/1349 (1590229 bytes) | AUs complete=44, IDR=2, incomplete=0 | gaps=0, out-of-order=0, bad-packets=0, oversized-datagrams=0, unsupported=0 | PTS-map-mismatch=0, nonmonotonic-PTS=0, key-flag-mismatch=0 | config-AUs=2, AUs-without-SPS/PPS=42 | reassembly-depth=1/1, bytes=1171/2097152, age=0 ms/500 ms, high-water=90916 bytes/13 ms | SSRC=2078493280, restarts=0
bridge written=14, dropped=29, connections/errors=106, AU-depth=0/4, bytes=0/4194304, current-age=0ms, max-depth=2, max-age=20ms, reconstruction-to-write-max=16328us
t=00:01:25 | packets=2267/2267 (2669260 bytes) | AUs complete=75, IDR=3, incomplete=0 | gaps=0, out-of-order=0, bad-packets=0, oversized-datagrams=0, unsupported=0 | PTS-map-mismatch=0, nonmonotonic-PTS=0, key-flag-mismatch=0 | config-AUs=3, AUs-without-SPS/PPS=72 | reassembly-depth=1/1, bytes=1171/2097152, age=0 ms/500 ms, high-water=90916 bytes/13 ms | SSRC=2078493280, restarts=0
bridge written=45, dropped=29, connections/errors=106, AU-depth=0/4, bytes=0/4194304, current-age=0ms, max-depth=2, max-age=20ms, reconstruction-to-write-max=16328us
t=00:01:26 | packets=3132/3132 (3689273 bytes) | AUs complete=105, IDR=4, incomplete=0 | gaps=0, out-of-order=0, bad-packets=0, oversized-datagrams=0, unsupported=0 | PTS-map-mismatch=0, nonmonotonic-PTS=0, key-flag-mismatch=0 | config-AUs=4, AUs-without-SPS/PPS=101 | reassembly-depth=1/1, bytes=1171/2097152, age=0 ms/500 ms, high-water=90916 bytes/13 ms | SSRC=2078493280, restarts=0
bridge written=75, dropped=29, connections/errors=106, AU-depth=0/4, bytes=0/4194304, current-age=0ms, max-depth=2, max-age=20ms, reconstruction-to-write-max=16328us
t=00:01:27 | packets=4019/4019 (4732188 bytes) | AUs complete=136, IDR=5, incomplete=0 | gaps=0, out-of-order=0, bad-packets=0, oversized-datagrams=0, unsupported=0 | PTS-map-mismatch=0, nonmonotonic-PTS=0, key-flag-mismatch=0 | config-AUs=5, AUs-without-SPS/PPS=131 | reassembly-depth=1/1, bytes=1171/2097152, age=0 ms/500 ms, high-water=90916 bytes/13 ms | SSRC=2078493280, restarts=0
bridge written=106, dropped=29, connections/errors=106, AU-depth=0/4, bytes=0/4194304, current-age=0ms, max-depth=2, max-age=20ms, reconstruction-to-write-max=16328us
t=00:01:28 | packets=4883/4883 (5748373 bytes) | AUs complete=166, IDR=6, incomplete=0 | gaps=0, out-of-order=0, bad-packets=0, oversized-datagrams=0, unsupported=0 | PTS-map-mismatch=0, nonmonotonic-PTS=0, key-flag-mismatch=0 | config-AUs=6, AUs-without-SPS/PPS=160 | reassembly-depth=1/1, bytes=1171/2097152, age=0 ms/500 ms, high-water=90916 bytes/13 ms | SSRC=2078493280, restarts=0
bridge written=136, dropped=29, connections/errors=106, AU-depth=0/4, bytes=0/4194304, current-age=0ms, max-depth=2, max-age=20ms, reconstruction-to-write-max=16328us
t=00:01:29 | packets=5783/5783 (6807532 bytes) | AUs complete=197, IDR=7, incomplete=0 | gaps=0, out-of-order=0, bad-packets=0, oversized-datagrams=0, unsupported=0 | PTS-map-mismatch=0, nonmonotonic-PTS=0, key-flag-mismatch=0 | config-AUs=7, AUs-without-SPS/PPS=190 | reassembly-depth=1/1, bytes=1171/2097152, age=0 ms/500 ms, high-water=90916 bytes/14 ms | SSRC=2078493280, restarts=0
bridge written=167, dropped=29, connections/errors=106, AU-depth=0/4, bytes=0/4194304, current-age=0ms, max-depth=2, max-age=20ms, reconstruction-to-write-max=16328us
t=00:01:30 | packets=6628/6628 (7799190 bytes) | AUs complete=227, IDR=8, incomplete=0 | gaps=0, out-of-order=0, bad-packets=0, oversized-datagrams=0, unsupported=0 | PTS-map-mismatch=0, nonmonotonic-PTS=0, key-flag-mismatch=0 | config-AUs=8, AUs-without-SPS/PPS=219 | reassembly-depth=1/1, bytes=1171/2097152, age=0 ms/500 ms, high-water=90916 bytes/14 ms | SSRC=2078493280, restarts=0
bridge written=197, dropped=29, connections/errors=106, AU-depth=0/4, bytes=0/4194304, current-age=0ms, max-depth=2, max-age=20ms, reconstruction-to-write-max=16328us
t=00:01:31 | packets=7570/7570 (8909021 bytes) | AUs complete=258, IDR=9, incomplete=0 | gaps=0, out-of-order=0, bad-packets=0, oversized-datagrams=0, unsupported=0 | PTS-map-mismatch=0, nonmonotonic-PTS=0, key-flag-mismatch=0 | config-AUs=9, AUs-without-SPS/PPS=249 | reassembly-depth=1/1, bytes=1171/2097152, age=0 ms/500 ms, high-water=90916 bytes/14 ms | SSRC=2078493280, restarts=0
bridge written=228, dropped=29, connections/errors=106, AU-depth=0/4, bytes=0/4194304, current-age=0ms, max-depth=2, max-age=20ms, reconstruction-to-write-max=16328us
t=00:01:32 | packets=8457/8457 (9951405 bytes) | AUs complete=288, IDR=10, incomplete=0 | gaps=0, out-of-order=0, bad-packets=0, oversized-datagrams=0, unsupported=0 | PTS-map-mismatch=0, nonmonotonic-PTS=0, key-flag-mismatch=0 | config-AUs=10, AUs-without-SPS/PPS=278 | reassembly-depth=1/1, bytes=8167/2097152, age=0 ms/500 ms, high-water=90916 bytes/14 ms | SSRC=2078493280, restarts=0
bridge written=258, dropped=29, connections/errors=106, AU-depth=0/4, bytes=0/4194304, current-age=0ms, max-depth=2, max-age=20ms, reconstruction-to-write-max=16328us
t=00:01:33 | packets=8822/8822 (10379732 bytes) | AUs complete=301, IDR=11, incomplete=0 | gaps=0, out-of-order=0, bad-packets=0, oversized-datagrams=0, unsupported=0 | PTS-map-mismatch=0, nonmonotonic-PTS=0, key-flag-mismatch=0 | config-AUs=11, AUs-without-SPS/PPS=290 | reassembly-depth=0/1, bytes=0/2097152, age=0 ms/500 ms, high-water=90916 bytes/14 ms | SSRC=2078493280, restarts=0
bridge written=271, dropped=29, connections/errors=106, AU-depth=0/4, bytes=0/4194304, current-age=0ms, max-depth=2, max-age=20ms, reconstruction-to-write-max=16328us
t=00:01:34 | packets=8822/8822 (10379732 bytes) | AUs complete=301, IDR=11, incomplete=0 | gaps=0, out-of-order=0, bad-packets=0, oversized-datagrams=0, unsupported=0 | PTS-map-mismatch=0, nonmonotonic-PTS=0, key-flag-mismatch=0 | config-AUs=11, AUs-without-SPS/PPS=290 | reassembly-depth=0/1, bytes=0/2097152, age=0 ms/500 ms, high-water=90916 bytes/14 ms | SSRC=2078493280, restarts=0
bridge written=271, dropped=29, connections/errors=106, AU-depth=0/4, bytes=0/4194304, current-age=0ms, max-depth=2, max-age=20ms, reconstruction-to-write-max=16328us
t=00:01:35 | packets=8822/8822 (10379732 bytes) | AUs complete=301, IDR=11, incomplete=0 | gaps=0, out-of-order=0, bad-packets=0, oversized-datagrams=0, unsupported=0 | PTS-map-mismatch=0, nonmonotonic-PTS=0, key-flag-mismatch=0 | config-AUs=11, AUs-without-SPS/PPS=290 | reassembly-depth=0/1, bytes=0/2097152, age=0 ms/500 ms, high-water=90916 bytes/14 ms | SSRC=2078493280, restarts=0
bridge written=271, dropped=29, connections/errors=106, AU-depth=0/4, bytes=0/4194304, current-age=0ms, max-depth=2, max-age=20ms, reconstruction-to-write-max=16328us
t=00:01:36 | packets=8822/8822 (10379732 bytes) | AUs complete=301, IDR=11, incomplete=0 | gaps=0, out-of-order=0, bad-packets=0, oversized-datagrams=0, unsupported=0 | PTS-map-mismatch=0, nonmonotonic-PTS=0, key-flag-mismatch=0 | config-AUs=11, AUs-without-SPS/PPS=290 | reassembly-depth=0/1, bytes=0/2097152, age=0 ms/500 ms, high-water=90916 bytes/14 ms | SSRC=2078493280, restarts=0
bridge written=271, dropped=29, connections/errors=106, AU-depth=0/4, bytes=0/4194304, current-age=0ms, max-depth=2, max-age=20ms, reconstruction-to-write-max=16328us
t=00:01:37 | packets=8822/8822 (10379732 bytes) | AUs complete=301, IDR=11, incomplete=0 | gaps=0, out-of-order=0, bad-packets=0, oversized-datagrams=0, unsupported=0 | PTS-map-mismatch=0, nonmonotonic-PTS=0, key-flag-mismatch=0 | config-AUs=11, AUs-without-SPS/PPS=290 | reassembly-depth=0/1, bytes=0/2097152, age=0 ms/500 ms, high-water=90916 bytes/14 ms | SSRC=2078493280, restarts=0
bridge written=271, dropped=29, connections/errors=106, AU-depth=0/4, bytes=0/4194304, current-age=0ms, max-depth=2, max-age=20ms, reconstruction-to-write-max=16328us
t=00:01:38 | packets=8822/8822 (10379732 bytes) | AUs complete=301, IDR=11, incomplete=0 | gaps=0, out-of-order=0, bad-packets=0, oversized-datagrams=0, unsupported=0 | PTS-map-mismatch=0, nonmonotonic-PTS=0, key-flag-mismatch=0 | config-AUs=11, AUs-without-SPS/PPS=290 | reassembly-depth=0/1, bytes=0/2097152, age=0 ms/500 ms, high-water=90916 bytes/14 ms | SSRC=2078493280, restarts=0
bridge written=271, dropped=29, connections/errors=106, AU-depth=0/4, bytes=0/4194304, current-age=0ms, max-depth=2, max-age=20ms, reconstruction-to-write-max=16328us
t=00:01:39 | packets=8822/8822 (10379732 bytes) | AUs complete=301, IDR=11, incomplete=0 | gaps=0, out-of-order=0, bad-packets=0, oversized-datagrams=0, unsupported=0 | PTS-map-mismatch=0, nonmonotonic-PTS=0, key-flag-mismatch=0 | config-AUs=11, AUs-without-SPS/PPS=290 | reassembly-depth=0/1, bytes=0/2097152, age=0 ms/500 ms, high-water=90916 bytes/14 ms | SSRC=2078493280, restarts=0
bridge written=271, dropped=29, connections/errors=106, AU-depth=0/4, bytes=0/4194304, current-age=0ms, max-depth=2, max-age=20ms, reconstruction-to-write-max=16328us
t=00:01:40 | packets=8822/8822 (10379732 bytes) | AUs complete=301, IDR=11, incomplete=0 | gaps=0, out-of-order=0, bad-packets=0, oversized-datagrams=0, unsupported=0 | PTS-map-mismatch=0, nonmonotonic-PTS=0, key-flag-mismatch=0 | config-AUs=11, AUs-without-SPS/PPS=290 | reassembly-depth=0/1, bytes=0/2097152, age=0 ms/500 ms, high-water=90916 bytes/14 ms | SSRC=2078493280, restarts=0
bridge written=271, dropped=29, connections/errors=106, AU-depth=0/4, bytes=0/4194304, current-age=0ms, max-depth=2, max-age=20ms, reconstruction-to-write-max=16328us
t=00:01:42 | packets=8822/8822 (10379732 bytes) | AUs complete=301, IDR=11, incomplete=0 | gaps=0, out-of-order=0, bad-packets=0, oversized-datagrams=0, unsupported=0 | PTS-map-mismatch=0, nonmonotonic-PTS=0, key-flag-mismatch=0 | config-AUs=11, AUs-without-SPS/PPS=290 | reassembly-depth=0/1, bytes=0/2097152, age=0 ms/500 ms, high-water=90916 bytes/14 ms | SSRC=2078493280, restarts=0
bridge written=271, dropped=29, connections/errors=106, AU-depth=0/4, bytes=0/4194304, current-age=0ms, max-depth=2, max-age=20ms, reconstruction-to-write-max=16328us
t=00:01:43 | packets=8822/8822 (10379732 bytes) | AUs complete=301, IDR=11, incomplete=0 | gaps=0, out-of-order=0, bad-packets=0, oversized-datagrams=0, unsupported=0 | PTS-map-mismatch=0, nonmonotonic-PTS=0, key-flag-mismatch=0 | config-AUs=11, AUs-without-SPS/PPS=290 | reassembly-depth=0/1, bytes=0/2097152, age=0 ms/500 ms, high-water=90916 bytes/14 ms | SSRC=2078493280, restarts=0
bridge written=271, dropped=29, connections/errors=106, AU-depth=0/4, bytes=0/4194304, current-age=0ms, max-depth=2, max-age=20ms, reconstruction-to-write-max=16328us
t=00:01:44 | packets=8822/8822 (10379732 bytes) | AUs complete=301, IDR=11, incomplete=0 | gaps=0, out-of-order=0, bad-packets=0, oversized-datagrams=0, unsupported=0 | PTS-map-mismatch=0, nonmonotonic-PTS=0, key-flag-mismatch=0 | config-AUs=11, AUs-without-SPS/PPS=290 | reassembly-depth=0/1, bytes=0/2097152, age=0 ms/500 ms, high-water=90916 bytes/14 ms | SSRC=2078493280, restarts=0
bridge written=271, dropped=29, connections/errors=106, AU-depth=0/4, bytes=0/4194304, current-age=0ms, max-depth=2, max-age=20ms, reconstruction-to-write-max=16328us
t=00:01:45 | packets=8822/8822 (10379732 bytes) | AUs complete=301, IDR=11, incomplete=0 | gaps=0, out-of-order=0, bad-packets=0, oversized-datagrams=0, unsupported=0 | PTS-map-mismatch=0, nonmonotonic-PTS=0, key-flag-mismatch=0 | config-AUs=11, AUs-without-SPS/PPS=290 | reassembly-depth=0/1, bytes=0/2097152, age=0 ms/500 ms, high-water=90916 bytes/14 ms | SSRC=2078493280, restarts=0
bridge written=271, dropped=29, connections/errors=106, AU-depth=0/4, bytes=0/4194304, current-age=0ms, max-depth=2, max-age=20ms, reconstruction-to-write-max=16328us
t=00:01:46 | packets=8822/8822 (10379732 bytes) | AUs complete=301, IDR=11, incomplete=0 | gaps=0, out-of-order=0, bad-packets=0, oversized-datagrams=0, unsupported=0 | PTS-map-mismatch=0, nonmonotonic-PTS=0, key-flag-mismatch=0 | config-AUs=11, AUs-without-SPS/PPS=290 | reassembly-depth=0/1, bytes=0/2097152, age=0 ms/500 ms, high-water=90916 bytes/14 ms | SSRC=2078493280, restarts=0
bridge written=271, dropped=29, connections/errors=106, AU-depth=0/4, bytes=0/4194304, current-age=0ms, max-depth=2, max-age=20ms, reconstruction-to-write-max=16328us
t=00:01:47 | packets=8822/8822 (10379732 bytes) | AUs complete=301, IDR=11, incomplete=0 | gaps=0, out-of-order=0, bad-packets=0, oversized-datagrams=0, unsupported=0 | PTS-map-mismatch=0, nonmonotonic-PTS=0, key-flag-mismatch=0 | config-AUs=11, AUs-without-SPS/PPS=290 | reassembly-depth=0/1, bytes=0/2097152, age=0 ms/500 ms, high-water=90916 bytes/14 ms | SSRC=2078493280, restarts=0
bridge written=271, dropped=29, connections/errors=106, AU-depth=0/4, bytes=0/4194304, current-age=0ms, max-depth=2, max-age=20ms, reconstruction-to-write-max=16328us
t=00:01:48 | packets=8822/8822 (10379732 bytes) | AUs complete=301, IDR=11, incomplete=0 | gaps=0, out-of-order=0, bad-packets=0, oversized-datagrams=0, unsupported=0 | PTS-map-mismatch=0, nonmonotonic-PTS=0, key-flag-mismatch=0 | config-AUs=11, AUs-without-SPS/PPS=290 | reassembly-depth=0/1, bytes=0/2097152, age=0 ms/500 ms, high-water=90916 bytes/14 ms | SSRC=2078493280, restarts=0
bridge written=271, dropped=29, connections/errors=106, AU-depth=0/4, bytes=0/4194304, current-age=0ms, max-depth=2, max-age=20ms, reconstruction-to-write-max=16328us
DNS-SD browse query from 192.168.0.233:5353.
DNS-SD answered 1 record(s) plus 3 additional record(s) to 192.168.0.233:5353.
t=00:01:49 | packets=8822/8822 (10379732 bytes) | AUs complete=301, IDR=11, incomplete=0 | gaps=0, out-of-order=0, bad-packets=0, oversized-datagrams=0, unsupported=0 | PTS-map-mismatch=0, nonmonotonic-PTS=0, key-flag-mismatch=0 | config-AUs=11, AUs-without-SPS/PPS=290 | reassembly-depth=0/1, bytes=0/2097152, age=0 ms/500 ms, high-water=90916 bytes/14 ms | SSRC=2078493280, restarts=0
bridge written=271, dropped=29, connections/errors=106, AU-depth=0/4, bytes=0/4194304, current-age=0ms, max-depth=2, max-age=20ms, reconstruction-to-write-max=16328us
DNS-SD browse query from 192.168.0.233:5353.
DNS-SD answered 1 record(s) plus 3 additional record(s) to 192.168.0.233:5353.
t=00:01:50 | packets=8822/8822 (10379732 bytes) | AUs complete=301, IDR=11, incomplete=0 | gaps=0, out-of-order=0, bad-packets=0, oversized-datagrams=0, unsupported=0 | PTS-map-mismatch=0, nonmonotonic-PTS=0, key-flag-mismatch=0 | config-AUs=11, AUs-without-SPS/PPS=290 | reassembly-depth=0/1, bytes=0/2097152, age=0 ms/500 ms, high-water=90916 bytes/14 ms | SSRC=2078493280, restarts=0
bridge written=271, dropped=29, connections/errors=106, AU-depth=0/4, bytes=0/4194304, current-age=0ms, max-depth=2, max-age=20ms, reconstruction-to-write-max=16328us
DNS-SD browse query from 192.168.0.233:5353.
DNS-SD answered 1 record(s) plus 3 additional record(s) to 192.168.0.233:5353.
t=00:01:51 | packets=8822/8822 (10379732 bytes) | AUs complete=301, IDR=11, incomplete=0 | gaps=0, out-of-order=0, bad-packets=0, oversized-datagrams=0, unsupported=0 | PTS-map-mismatch=0, nonmonotonic-PTS=0, key-flag-mismatch=0 | config-AUs=11, AUs-without-SPS/PPS=290 | reassembly-depth=0/1, bytes=0/2097152, age=0 ms/500 ms, high-water=90916 bytes/14 ms | SSRC=2078493280, restarts=0
bridge written=271, dropped=29, connections/errors=106, AU-depth=0/4, bytes=0/4194304, current-age=0ms, max-depth=2, max-age=20ms, reconstruction-to-write-max=16328us
t=00:01:52 | packets=8822/8822 (10379732 bytes) | AUs complete=301, IDR=11, incomplete=0 | gaps=0, out-of-order=0, bad-packets=0, oversized-datagrams=0, unsupported=0 | PTS-map-mismatch=0, nonmonotonic-PTS=0, key-flag-mismatch=0 | config-AUs=11, AUs-without-SPS/PPS=290 | reassembly-depth=0/1, bytes=0/2097152, age=0 ms/500 ms, high-water=90916 bytes/14 ms | SSRC=2078493280, restarts=0
bridge written=271, dropped=29, connections/errors=106, AU-depth=0/4, bytes=0/4194304, current-age=0ms, max-depth=2, max-age=20ms, reconstruction-to-write-max=16328us
t=00:01:53 | packets=9489/9489 (11164393 bytes) | AUs complete=324, IDR=12, incomplete=0 | gaps=0, out-of-order=0, bad-packets=0, oversized-datagrams=0, unsupported=0 | PTS-map-mismatch=0, nonmonotonic-PTS=0, key-flag-mismatch=0 | config-AUs=12, AUs-without-SPS/PPS=312 | reassembly-depth=1/1, bytes=1171/2097152, age=0 ms/500 ms, high-water=103806 bytes/14 ms | SSRC=4011457692, restarts=1
bridge written=271, dropped=51, connections/errors=107, AU-depth=0/4, bytes=0/4194304, current-age=0ms, max-depth=2, max-age=20ms, reconstruction-to-write-max=16328us
t=00:01:54 | packets=10361/10361 (12191560 bytes) | AUs complete=354, IDR=13, incomplete=0 | gaps=0, out-of-order=0, bad-packets=0, oversized-datagrams=0, unsupported=0 | PTS-map-mismatch=0, nonmonotonic-PTS=0, key-flag-mismatch=0 | config-AUs=13, AUs-without-SPS/PPS=341 | reassembly-depth=1/1, bytes=1171/2097152, age=0 ms/500 ms, high-water=103806 bytes/14 ms | SSRC=4011457692, restarts=1
bridge written=294, dropped=58, connections/errors=107, AU-depth=0/4, bytes=0/4194304, current-age=0ms, max-depth=2, max-age=20ms, reconstruction-to-write-max=16328us
t=00:01:56 | packets=11273/11273 (13265736 bytes) | AUs complete=385, IDR=14, incomplete=0 | gaps=0, out-of-order=0, bad-packets=0, oversized-datagrams=0, unsupported=0 | PTS-map-mismatch=0, nonmonotonic-PTS=0, key-flag-mismatch=0 | config-AUs=14, AUs-without-SPS/PPS=371 | reassembly-depth=1/1, bytes=1171/2097152, age=0 ms/500 ms, high-water=103806 bytes/19 ms | SSRC=4011457692, restarts=1
bridge written=325, dropped=58, connections/errors=107, AU-depth=0/4, bytes=0/4194304, current-age=0ms, max-depth=2, max-age=20ms, reconstruction-to-write-max=16328us
t=00:01:57 | packets=12202/12202 (14358692 bytes) | AUs complete=415, IDR=15, incomplete=0 | gaps=0, out-of-order=0, bad-packets=0, oversized-datagrams=0, unsupported=0 | PTS-map-mismatch=0, nonmonotonic-PTS=0, key-flag-mismatch=0 | config-AUs=15, AUs-without-SPS/PPS=400 | reassembly-depth=1/1, bytes=22159/2097152, age=5 ms/500 ms, high-water=103806 bytes/19 ms | SSRC=4011457692, restarts=1
bridge written=355, dropped=58, connections/errors=107, AU-depth=0/4, bytes=0/4194304, current-age=0ms, max-depth=2, max-age=20ms, reconstruction-to-write-max=16328us
t=00:01:58 | packets=13072/13072 (15384191 bytes) | AUs complete=445, IDR=16, incomplete=0 | gaps=0, out-of-order=0, bad-packets=0, oversized-datagrams=0, unsupported=0 | PTS-map-mismatch=0, nonmonotonic-PTS=0, key-flag-mismatch=0 | config-AUs=16, AUs-without-SPS/PPS=429 | reassembly-depth=1/1, bytes=1171/2097152, age=0 ms/500 ms, high-water=103806 bytes/20 ms | SSRC=4011457692, restarts=1
bridge written=385, dropped=58, connections/errors=107, AU-depth=0/4, bytes=0/4194304, current-age=0ms, max-depth=2, max-age=20ms, reconstruction-to-write-max=16328us
t=00:01:59 | packets=13908/13908 (16369783 bytes) | AUs complete=475, IDR=17, incomplete=0 | gaps=0, out-of-order=0, bad-packets=0, oversized-datagrams=0, unsupported=0 | PTS-map-mismatch=0, nonmonotonic-PTS=0, key-flag-mismatch=0 | config-AUs=17, AUs-without-SPS/PPS=458 | reassembly-depth=1/1, bytes=1171/2097152, age=0 ms/500 ms, high-water=103806 bytes/20 ms | SSRC=4011457692, restarts=1
bridge written=415, dropped=58, connections/errors=107, AU-depth=0/4, bytes=0/4194304, current-age=0ms, max-depth=2, max-age=20ms, reconstruction-to-write-max=16328us
t=00:02:00 | packets=14780/14780 (17397882 bytes) | AUs complete=505, IDR=18, incomplete=0 | gaps=0, out-of-order=0, bad-packets=0, oversized-datagrams=0, unsupported=0 | PTS-map-mismatch=0, nonmonotonic-PTS=0, key-flag-mismatch=0 | config-AUs=18, AUs-without-SPS/PPS=487 | reassembly-depth=1/1, bytes=13997/2097152, age=0 ms/500 ms, high-water=103806 bytes/20 ms | SSRC=4011457692, restarts=1
bridge written=445, dropped=58, connections/errors=107, AU-depth=0/4, bytes=0/4194304, current-age=0ms, max-depth=2, max-age=20ms, reconstruction-to-write-max=16328us
t=00:02:01 | packets=15669/15669 (18446046 bytes) | AUs complete=535, IDR=19, incomplete=0 | gaps=0, out-of-order=0, bad-packets=0, oversized-datagrams=0, unsupported=0 | PTS-map-mismatch=0, nonmonotonic-PTS=0, key-flag-mismatch=0 | config-AUs=19, AUs-without-SPS/PPS=516 | reassembly-depth=1/1, bytes=8167/2097152, age=1 ms/500 ms, high-water=103806 bytes/20 ms | SSRC=4011457692, restarts=1
bridge written=475, dropped=58, connections/errors=107, AU-depth=0/4, bytes=0/4194304, current-age=0ms, max-depth=2, max-age=20ms, reconstruction-to-write-max=16328us
t=00:02:02 | packets=16547/16547 (19479122 bytes) | AUs complete=565, IDR=20, incomplete=0 | gaps=0, out-of-order=0, bad-packets=0, oversized-datagrams=0, unsupported=0 | PTS-map-mismatch=0, nonmonotonic-PTS=0, key-flag-mismatch=0 | config-AUs=20, AUs-without-SPS/PPS=545 | reassembly-depth=1/1, bytes=19827/2097152, age=7 ms/500 ms, high-water=103806 bytes/20 ms | SSRC=4011457692, restarts=1
bridge written=505, dropped=58, connections/errors=107, AU-depth=0/4, bytes=0/4194304, current-age=0ms, max-depth=2, max-age=20ms, reconstruction-to-write-max=16328us
t=00:02:03 | packets=17417/17417 (20504926 bytes) | AUs complete=595, IDR=21, incomplete=0 | gaps=0, out-of-order=0, bad-packets=0, oversized-datagrams=0, unsupported=0 | PTS-map-mismatch=0, nonmonotonic-PTS=0, key-flag-mismatch=0 | config-AUs=21, AUs-without-SPS/PPS=574 | reassembly-depth=1/1, bytes=19827/2097152, age=9 ms/500 ms, high-water=103806 bytes/20 ms | SSRC=4011457692, restarts=1
bridge written=535, dropped=58, connections/errors=107, AU-depth=0/4, bytes=0/4194304, current-age=0ms, max-depth=2, max-age=20ms, reconstruction-to-write-max=16328us
t=00:02:04 | packets=18285/18285 (21522249 bytes) | AUs complete=626, IDR=22, incomplete=0 | gaps=0, out-of-order=0, bad-packets=0, oversized-datagrams=0, unsupported=0 | PTS-map-mismatch=0, nonmonotonic-PTS=0, key-flag-mismatch=0 | config-AUs=22, AUs-without-SPS/PPS=604 | reassembly-depth=1/1, bytes=1171/2097152, age=0 ms/500 ms, high-water=103806 bytes/20 ms | SSRC=4011457692, restarts=1
bridge written=566, dropped=58, connections/errors=107, AU-depth=0/4, bytes=0/4194304, current-age=0ms, max-depth=2, max-age=20ms, reconstruction-to-write-max=16328us
t=00:02:05 | packets=19182/19182 (22574242 bytes) | AUs complete=656, IDR=23, incomplete=0 | gaps=0, out-of-order=0, bad-packets=0, oversized-datagrams=0, unsupported=0 | PTS-map-mismatch=0, nonmonotonic-PTS=0, key-flag-mismatch=0 | config-AUs=23, AUs-without-SPS/PPS=633 | reassembly-depth=1/1, bytes=13997/2097152, age=3 ms/500 ms, high-water=103806 bytes/20 ms | SSRC=4011457692, restarts=1
bridge written=596, dropped=58, connections/errors=107, AU-depth=0/4, bytes=0/4194304, current-age=0ms, max-depth=2, max-age=20ms, reconstruction-to-write-max=16328us
t=00:02:06 | packets=20072/20072 (23621731 bytes) | AUs complete=687, IDR=24, incomplete=0 | gaps=0, out-of-order=0, bad-packets=0, oversized-datagrams=0, unsupported=0 | PTS-map-mismatch=0, nonmonotonic-PTS=0, key-flag-mismatch=0 | config-AUs=24, AUs-without-SPS/PPS=663 | reassembly-depth=1/1, bytes=1171/2097152, age=0 ms/500 ms, high-water=103806 bytes/20 ms | SSRC=4011457692, restarts=1
bridge written=627, dropped=58, connections/errors=107, AU-depth=0/4, bytes=0/4194304, current-age=0ms, max-depth=2, max-age=20ms, reconstruction-to-write-max=16328us
t=00:02:07 | packets=20916/20916 (24616958 bytes) | AUs complete=717, IDR=25, incomplete=0 | gaps=0, out-of-order=0, bad-packets=0, oversized-datagrams=0, unsupported=0 | PTS-map-mismatch=0, nonmonotonic-PTS=0, key-flag-mismatch=0 | config-AUs=25, AUs-without-SPS/PPS=692 | reassembly-depth=1/1, bytes=9333/2097152, age=2 ms/500 ms, high-water=103806 bytes/20 ms | SSRC=4011457692, restarts=1
bridge written=657, dropped=58, connections/errors=107, AU-depth=0/4, bytes=0/4194304, current-age=0ms, max-depth=2, max-age=20ms, reconstruction-to-write-max=16328us
t=00:02:08 | packets=21766/21766 (25616705 bytes) | AUs complete=747, IDR=26, incomplete=0 | gaps=0, out-of-order=0, bad-packets=0, oversized-datagrams=0, unsupported=0 | PTS-map-mismatch=0, nonmonotonic-PTS=0, key-flag-mismatch=0 | config-AUs=26, AUs-without-SPS/PPS=721 | reassembly-depth=1/1, bytes=4669/2097152, age=1 ms/500 ms, high-water=103806 bytes/20 ms | SSRC=4011457692, restarts=1
bridge written=687, dropped=58, connections/errors=107, AU-depth=0/4, bytes=0/4194304, current-age=0ms, max-depth=2, max-age=20ms, reconstruction-to-write-max=16328us
t=00:02:09 | packets=22682/22682 (26697893 bytes) | AUs complete=777, IDR=27, incomplete=0 | gaps=0, out-of-order=0, bad-packets=0, oversized-datagrams=0, unsupported=0 | PTS-map-mismatch=0, nonmonotonic-PTS=0, key-flag-mismatch=0 | config-AUs=27, AUs-without-SPS/PPS=750 | reassembly-depth=1/1, bytes=1171/2097152, age=0 ms/500 ms, high-water=103806 bytes/20 ms | SSRC=4011457692, restarts=1
bridge written=717, dropped=58, connections/errors=107, AU-depth=0/4, bytes=0/4194304, current-age=0ms, max-depth=2, max-age=20ms, reconstruction-to-write-max=16328us
t=00:02:10 | packets=23518/23518 (27682771 bytes) | AUs complete=807, IDR=28, incomplete=0 | gaps=0, out-of-order=0, bad-packets=0, oversized-datagrams=0, unsupported=0 | PTS-map-mismatch=0, nonmonotonic-PTS=0, key-flag-mismatch=0 | config-AUs=28, AUs-without-SPS/PPS=779 | reassembly-depth=1/1, bytes=1171/2097152, age=0 ms/500 ms, high-water=103806 bytes/20 ms | SSRC=4011457692, restarts=1
bridge written=747, dropped=58, connections/errors=107, AU-depth=0/4, bytes=0/4194304, current-age=0ms, max-depth=2, max-age=20ms, reconstruction-to-write-max=16328us
t=00:02:11 | packets=24385/24385 (28705666 bytes) | AUs complete=837, IDR=29, incomplete=0 | gaps=0, out-of-order=0, bad-packets=0, oversized-datagrams=0, unsupported=0 | PTS-map-mismatch=0, nonmonotonic-PTS=0, key-flag-mismatch=0 | config-AUs=29, AUs-without-SPS/PPS=808 | reassembly-depth=1/1, bytes=15163/2097152, age=5 ms/500 ms, high-water=103806 bytes/20 ms | SSRC=4011457692, restarts=1
bridge written=777, dropped=58, connections/errors=107, AU-depth=0/4, bytes=0/4194304, current-age=0ms, max-depth=2, max-age=20ms, reconstruction-to-write-max=16328us
DNS-SD browse query from 192.168.0.233:5353.
DNS-SD answered 1 record(s) plus 3 additional record(s) to 192.168.0.233:5353.
t=00:02:12 | packets=25283/25283 (29763920 bytes) | AUs complete=868, IDR=30, incomplete=0 | gaps=0, out-of-order=0, bad-packets=0, oversized-datagrams=0, unsupported=0 | PTS-map-mismatch=0, nonmonotonic-PTS=0, key-flag-mismatch=0 | config-AUs=30, AUs-without-SPS/PPS=838 | reassembly-depth=1/1, bytes=1171/2097152, age=0 ms/500 ms, high-water=103806 bytes/20 ms | SSRC=4011457692, restarts=1
bridge written=808, dropped=58, connections/errors=107, AU-depth=0/4, bytes=0/4194304, current-age=0ms, max-depth=2, max-age=20ms, reconstruction-to-write-max=16328us
t=00:02:13 | packets=26166/26166 (30808373 bytes) | AUs complete=898, IDR=31, incomplete=0 | gaps=0, out-of-order=0, bad-packets=0, oversized-datagrams=0, unsupported=0 | PTS-map-mismatch=0, nonmonotonic-PTS=0, key-flag-mismatch=0 | config-AUs=31, AUs-without-SPS/PPS=867 | reassembly-depth=1/1, bytes=1171/2097152, age=0 ms/500 ms, high-water=103806 bytes/20 ms | SSRC=4011457692, restarts=1
bridge written=838, dropped=58, connections/errors=107, AU-depth=0/4, bytes=0/4194304, current-age=0ms, max-depth=2, max-age=20ms, reconstruction-to-write-max=16328us
t=00:02:14 | packets=27060/27060 (31859989 bytes) | AUs complete=928, IDR=32, incomplete=0 | gaps=0, out-of-order=0, bad-packets=0, oversized-datagrams=0, unsupported=0 | PTS-map-mismatch=0, nonmonotonic-PTS=0, key-flag-mismatch=0 | config-AUs=32, AUs-without-SPS/PPS=896 | reassembly-depth=1/1, bytes=8167/2097152, age=2 ms/500 ms, high-water=103806 bytes/20 ms | SSRC=4011457692, restarts=1
bridge written=868, dropped=58, connections/errors=107, AU-depth=0/4, bytes=0/4194304, current-age=0ms, max-depth=2, max-age=20ms, reconstruction-to-write-max=16328us
t=00:02:15 | packets=27929/27929 (32881995 bytes) | AUs complete=958, IDR=33, incomplete=0 | gaps=0, out-of-order=0, bad-packets=0, oversized-datagrams=0, unsupported=0 | PTS-map-mismatch=0, nonmonotonic-PTS=0, key-flag-mismatch=0 | config-AUs=33, AUs-without-SPS/PPS=925 | reassembly-depth=1/1, bytes=29155/2097152, age=6 ms/500 ms, high-water=103806 bytes/20 ms | SSRC=4011457692, restarts=1
bridge written=898, dropped=58, connections/errors=107, AU-depth=0/4, bytes=0/4194304, current-age=0ms, max-depth=2, max-age=20ms, reconstruction-to-write-max=16328us
t=00:02:16 | packets=28860/28860 (33977597 bytes) | AUs complete=989, IDR=34, incomplete=0 | gaps=0, out-of-order=0, bad-packets=0, oversized-datagrams=0, unsupported=0 | PTS-map-mismatch=0, nonmonotonic-PTS=0, key-flag-mismatch=0 | config-AUs=34, AUs-without-SPS/PPS=955 | reassembly-depth=1/1, bytes=1171/2097152, age=0 ms/500 ms, high-water=103806 bytes/20 ms | SSRC=4011457692, restarts=1
bridge written=929, dropped=58, connections/errors=107, AU-depth=0/4, bytes=0/4194304, current-age=0ms, max-depth=2, max-age=20ms, reconstruction-to-write-max=16328us
t=00:02:17 | packets=29761/29761 (35037760 bytes) | AUs complete=1019, IDR=35, incomplete=0 | gaps=0, out-of-order=0, bad-packets=0, oversized-datagrams=0, unsupported=0 | PTS-map-mismatch=0, nonmonotonic-PTS=0, key-flag-mismatch=0 | config-AUs=35, AUs-without-SPS/PPS=984 | reassembly-depth=1/1, bytes=1171/2097152, age=0 ms/500 ms, high-water=103806 bytes/20 ms | SSRC=4011457692, restarts=1
bridge written=959, dropped=58, connections/errors=107, AU-depth=0/4, bytes=0/4194304, current-age=0ms, max-depth=2, max-age=20ms, reconstruction-to-write-max=16328us
t=00:02:18 | packets=30645/30645 (36075528 bytes) | AUs complete=1049, IDR=36, incomplete=0 | gaps=0, out-of-order=0, bad-packets=0, oversized-datagrams=0, unsupported=0 | PTS-map-mismatch=0, nonmonotonic-PTS=0, key-flag-mismatch=0 | config-AUs=36, AUs-without-SPS/PPS=1013 | reassembly-depth=1/1, bytes=1171/2097152, age=0 ms/500 ms, high-water=103806 bytes/20 ms | SSRC=4011457692, restarts=1
bridge written=989, dropped=58, connections/errors=107, AU-depth=0/4, bytes=0/4194304, current-age=0ms, max-depth=2, max-age=20ms, reconstruction-to-write-max=16328us
t=00:02:19 | packets=31546/31546 (37135178 bytes) | AUs complete=1079, IDR=37, incomplete=0 | gaps=0, out-of-order=0, bad-packets=0, oversized-datagrams=0, unsupported=0 | PTS-map-mismatch=0, nonmonotonic-PTS=0, key-flag-mismatch=0 | config-AUs=37, AUs-without-SPS/PPS=1042 | reassembly-depth=1/1, bytes=26823/2097152, age=4 ms/500 ms, high-water=103806 bytes/20 ms | SSRC=4011457692, restarts=1
bridge written=1019, dropped=58, connections/errors=107, AU-depth=0/4, bytes=0/4194304, current-age=0ms, max-depth=2, max-age=20ms, reconstruction-to-write-max=16328us
t=00:02:20 | packets=32428/32428 (38172031 bytes) | AUs complete=1110, IDR=38, incomplete=0 | gaps=0, out-of-order=0, bad-packets=0, oversized-datagrams=0, unsupported=0 | PTS-map-mismatch=0, nonmonotonic-PTS=0, key-flag-mismatch=0 | config-AUs=38, AUs-without-SPS/PPS=1072 | reassembly-depth=1/1, bytes=1171/2097152, age=0 ms/500 ms, high-water=103806 bytes/20 ms | SSRC=4011457692, restarts=1
bridge written=1050, dropped=58, connections/errors=107, AU-depth=0/4, bytes=0/4194304, current-age=0ms, max-depth=2, max-age=20ms, reconstruction-to-write-max=16328us
t=00:02:21 | packets=33326/33326 (39227872 bytes) | AUs complete=1141, IDR=39, incomplete=0 | gaps=0, out-of-order=0, bad-packets=0, oversized-datagrams=0, unsupported=0 | PTS-map-mismatch=0, nonmonotonic-PTS=0, key-flag-mismatch=0 | config-AUs=39, AUs-without-SPS/PPS=1102 | reassembly-depth=1/1, bytes=25/2097152, age=0 ms/500 ms, high-water=103806 bytes/20 ms | SSRC=4011457692, restarts=1
bridge written=1081, dropped=58, connections/errors=107, AU-depth=0/4, bytes=0/4194304, current-age=0ms, max-depth=2, max-age=20ms, reconstruction-to-write-max=16328us
t=00:02:22 | packets=34183/34183 (40237763 bytes) | AUs complete=1171, IDR=40, incomplete=0 | gaps=0, out-of-order=0, bad-packets=0, oversized-datagrams=0, unsupported=0 | PTS-map-mismatch=0, nonmonotonic-PTS=0, key-flag-mismatch=0 | config-AUs=40, AUs-without-SPS/PPS=1131 | reassembly-depth=1/1, bytes=25/2097152, age=0 ms/500 ms, high-water=103806 bytes/20 ms | SSRC=4011457692, restarts=1
bridge written=1111, dropped=58, connections/errors=107, AU-depth=0/4, bytes=0/4194304, current-age=0ms, max-depth=2, max-age=20ms, reconstruction-to-write-max=16328us
t=00:02:23 | packets=35001/35001 (41203005 bytes) | AUs complete=1201, IDR=41, incomplete=0 | gaps=0, out-of-order=0, bad-packets=0, oversized-datagrams=0, unsupported=0 | PTS-map-mismatch=0, nonmonotonic-PTS=0, key-flag-mismatch=0 | config-AUs=41, AUs-without-SPS/PPS=1160 | reassembly-depth=1/1, bytes=25/2097152, age=0 ms/500 ms, high-water=103806 bytes/20 ms | SSRC=4011457692, restarts=1
bridge written=1141, dropped=58, connections/errors=107, AU-depth=0/4, bytes=0/4194304, current-age=0ms, max-depth=2, max-age=20ms, reconstruction-to-write-max=16328us
t=00:02:24 | packets=35924/35924 (42289870 bytes) | AUs complete=1231, IDR=42, incomplete=0 | gaps=0, out-of-order=0, bad-packets=0, oversized-datagrams=0, unsupported=0 | PTS-map-mismatch=0, nonmonotonic-PTS=0, key-flag-mismatch=0 | config-AUs=42, AUs-without-SPS/PPS=1189 | reassembly-depth=1/1, bytes=53674/2097152, age=7 ms/500 ms, high-water=103806 bytes/20 ms | SSRC=4011457692, restarts=1
bridge written=1171, dropped=58, connections/errors=107, AU-depth=0/4, bytes=0/4194304, current-age=0ms, max-depth=2, max-age=20ms, reconstruction-to-write-max=16328us
t=00:02:25 | packets=36778/36778 (43295509 bytes) | AUs complete=1261, IDR=43, incomplete=0 | gaps=0, out-of-order=0, bad-packets=0, oversized-datagrams=0, unsupported=0 | PTS-map-mismatch=0, nonmonotonic-PTS=0, key-flag-mismatch=0 | config-AUs=43, AUs-without-SPS/PPS=1218 | reassembly-depth=1/1, bytes=11698/2097152, age=2 ms/500 ms, high-water=103806 bytes/20 ms | SSRC=4011457692, restarts=1
bridge written=1201, dropped=58, connections/errors=107, AU-depth=0/4, bytes=0/4194304, current-age=0ms, max-depth=2, max-age=20ms, reconstruction-to-write-max=16328us
t=00:02:26 | packets=37668/37668 (44341971 bytes) | AUs complete=1291, IDR=44, incomplete=0 | gaps=0, out-of-order=0, bad-packets=0, oversized-datagrams=0, unsupported=0 | PTS-map-mismatch=0, nonmonotonic-PTS=0, key-flag-mismatch=0 | config-AUs=44, AUs-without-SPS/PPS=1247 | reassembly-depth=1/1, bytes=29188/2097152, age=6 ms/500 ms, high-water=103806 bytes/20 ms | SSRC=4011457692, restarts=1
bridge written=1231, dropped=58, connections/errors=107, AU-depth=0/4, bytes=0/4194304, current-age=0ms, max-depth=2, max-age=20ms, reconstruction-to-write-max=16328us
t=00:02:27 | packets=38610/38610 (45447680 bytes) | AUs complete=1322, IDR=46, incomplete=0 | gaps=0, out-of-order=0, bad-packets=0, oversized-datagrams=0, unsupported=0 | PTS-map-mismatch=0, nonmonotonic-PTS=0, key-flag-mismatch=0 | config-AUs=46, AUs-without-SPS/PPS=1276 | reassembly-depth=1/1, bytes=1171/2097152, age=0 ms/500 ms, high-water=103806 bytes/20 ms | SSRC=4011457692, restarts=1
bridge written=1262, dropped=58, connections/errors=107, AU-depth=0/4, bytes=0/4194304, current-age=0ms, max-depth=2, max-age=20ms, reconstruction-to-write-max=16328us
t=00:02:28 | packets=39545/39545 (46547855 bytes) | AUs complete=1353, IDR=47, incomplete=0 | gaps=0, out-of-order=0, bad-packets=0, oversized-datagrams=0, unsupported=0 | PTS-map-mismatch=0, nonmonotonic-PTS=0, key-flag-mismatch=0 | config-AUs=47, AUs-without-SPS/PPS=1306 | reassembly-depth=1/1, bytes=1171/2097152, age=0 ms/500 ms, high-water=103806 bytes/20 ms | SSRC=4011457692, restarts=1
bridge written=1293, dropped=58, connections/errors=107, AU-depth=0/4, bytes=0/4194304, current-age=0ms, max-depth=2, max-age=20ms, reconstruction-to-write-max=16328us
t=00:02:29 | packets=40421/40421 (47581192 bytes) | AUs complete=1384, IDR=48, incomplete=0 | gaps=0, out-of-order=0, bad-packets=0, oversized-datagrams=0, unsupported=0 | PTS-map-mismatch=0, nonmonotonic-PTS=0, key-flag-mismatch=0 | config-AUs=48, AUs-without-SPS/PPS=1336 | reassembly-depth=1/1, bytes=1171/2097152, age=0 ms/500 ms, high-water=103806 bytes/20 ms | SSRC=4011457692, restarts=1
bridge written=1324, dropped=58, connections/errors=107, AU-depth=0/4, bytes=0/4194304, current-age=0ms, max-depth=2, max-age=20ms, reconstruction-to-write-max=16328us
t=00:02:30 | packets=41320/41320 (48638761 bytes) | AUs complete=1414, IDR=49, incomplete=0 | gaps=0, out-of-order=0, bad-packets=0, oversized-datagrams=0, unsupported=0 | PTS-map-mismatch=0, nonmonotonic-PTS=0, key-flag-mismatch=0 | config-AUs=49, AUs-without-SPS/PPS=1365 | reassembly-depth=1/1, bytes=1171/2097152, age=0 ms/500 ms, high-water=103806 bytes/20 ms | SSRC=4011457692, restarts=1
bridge written=1354, dropped=58, connections/errors=107, AU-depth=0/4, bytes=0/4194304, current-age=0ms, max-depth=2, max-age=20ms, reconstruction-to-write-max=16328us
t=00:02:31 | packets=42212/42212 (49689241 bytes) | AUs complete=1445, IDR=50, incomplete=0 | gaps=0, out-of-order=0, bad-packets=0, oversized-datagrams=0, unsupported=0 | PTS-map-mismatch=0, nonmonotonic-PTS=0, key-flag-mismatch=0 | config-AUs=50, AUs-without-SPS/PPS=1395 | reassembly-depth=1/1, bytes=1171/2097152, age=0 ms/500 ms, high-water=103806 bytes/20 ms | SSRC=4011457692, restarts=1
bridge written=1385, dropped=58, connections/errors=107, AU-depth=0/4, bytes=0/4194304, current-age=0ms, max-depth=2, max-age=20ms, reconstruction-to-write-max=16328us
t=00:02:32 | packets=43076/43076 (50703898 bytes) | AUs complete=1474, IDR=51, incomplete=0 | gaps=0, out-of-order=0, bad-packets=0, oversized-datagrams=0, unsupported=0 | PTS-map-mismatch=0, nonmonotonic-PTS=0, key-flag-mismatch=0 | config-AUs=51, AUs-without-SPS/PPS=1423 | reassembly-depth=1/1, bytes=1171/2097152, age=0 ms/500 ms, high-water=103806 bytes/20 ms | SSRC=4011457692, restarts=1
bridge written=1414, dropped=58, connections/errors=107, AU-depth=0/4, bytes=0/4194304, current-age=0ms, max-depth=2, max-age=20ms, reconstruction-to-write-max=16328us
t=00:02:33 | packets=43966/43966 (51750110 bytes) | AUs complete=1504, IDR=52, incomplete=0 | gaps=0, out-of-order=0, bad-packets=0, oversized-datagrams=0, unsupported=0 | PTS-map-mismatch=0, nonmonotonic-PTS=0, key-flag-mismatch=0 | config-AUs=52, AUs-without-SPS/PPS=1452 | reassembly-depth=1/1, bytes=26823/2097152, age=2 ms/500 ms, high-water=103806 bytes/20 ms | SSRC=4011457692, restarts=1
bridge written=1444, dropped=58, connections/errors=107, AU-depth=0/4, bytes=0/4194304, current-age=0ms, max-depth=2, max-age=20ms, reconstruction-to-write-max=16328us
t=00:02:34 | packets=44845/44845 (52784227 bytes) | AUs complete=1534, IDR=53, incomplete=0 | gaps=0, out-of-order=0, bad-packets=0, oversized-datagrams=0, unsupported=0 | PTS-map-mismatch=0, nonmonotonic-PTS=0, key-flag-mismatch=0 | config-AUs=53, AUs-without-SPS/PPS=1481 | reassembly-depth=1/1, bytes=4669/2097152, age=3 ms/500 ms, high-water=103806 bytes/20 ms | SSRC=4011457692, restarts=1
bridge written=1474, dropped=58, connections/errors=107, AU-depth=0/4, bytes=0/4194304, current-age=0ms, max-depth=2, max-age=20ms, reconstruction-to-write-max=16328us
t=00:02:35 | packets=45697/45697 (53789165 bytes) | AUs complete=1564, IDR=54, incomplete=0 | gaps=0, out-of-order=0, bad-packets=0, oversized-datagrams=0, unsupported=0 | PTS-map-mismatch=0, nonmonotonic-PTS=0, key-flag-mismatch=0 | config-AUs=54, AUs-without-SPS/PPS=1510 | reassembly-depth=1/1, bytes=3503/2097152, age=0 ms/500 ms, high-water=103806 bytes/20 ms | SSRC=4011457692, restarts=1
bridge written=1504, dropped=58, connections/errors=107, AU-depth=0/4, bytes=0/4194304, current-age=0ms, max-depth=2, max-age=20ms, reconstruction-to-write-max=16328us
t=00:02:36 | packets=46598/46598 (54850889 bytes) | AUs complete=1594, IDR=55, incomplete=0 | gaps=0, out-of-order=0, bad-packets=0, oversized-datagrams=0, unsupported=0 | PTS-map-mismatch=0, nonmonotonic-PTS=0, key-flag-mismatch=0 | config-AUs=55, AUs-without-SPS/PPS=1539 | reassembly-depth=1/1, bytes=23325/2097152, age=4 ms/500 ms, high-water=103806 bytes/20 ms | SSRC=4011457692, restarts=1
bridge written=1534, dropped=58, connections/errors=107, AU-depth=0/4, bytes=0/4194304, current-age=0ms, max-depth=2, max-age=20ms, reconstruction-to-write-max=16328us
t=00:02:37 | packets=47463/47463 (55868353 bytes) | AUs complete=1625, IDR=56, incomplete=0 | gaps=0, out-of-order=0, bad-packets=0, oversized-datagrams=0, unsupported=0 | PTS-map-mismatch=0, nonmonotonic-PTS=0, key-flag-mismatch=0 | config-AUs=56, AUs-without-SPS/PPS=1569 | reassembly-depth=1/1, bytes=1171/2097152, age=0 ms/500 ms, high-water=103806 bytes/20 ms | SSRC=4011457692, restarts=1
bridge written=1565, dropped=58, connections/errors=107, AU-depth=0/4, bytes=0/4194304, current-age=0ms, max-depth=2, max-age=20ms, reconstruction-to-write-max=16328us
t=00:02:38 | packets=48347/48347 (56906215 bytes) | AUs complete=1655, IDR=57, incomplete=0 | gaps=0, out-of-order=0, bad-packets=0, oversized-datagrams=0, unsupported=0 | PTS-map-mismatch=0, nonmonotonic-PTS=0, key-flag-mismatch=0 | config-AUs=57, AUs-without-SPS/PPS=1598 | reassembly-depth=1/1, bytes=24491/2097152, age=4 ms/500 ms, high-water=103806 bytes/20 ms | SSRC=4011457692, restarts=1
bridge written=1595, dropped=58, connections/errors=107, AU-depth=0/4, bytes=0/4194304, current-age=0ms, max-depth=2, max-age=20ms, reconstruction-to-write-max=16328us
t=00:02:39 | packets=49205/49205 (57917999 bytes) | AUs complete=1686, IDR=58, incomplete=0 | gaps=0, out-of-order=0, bad-packets=0, oversized-datagrams=0, unsupported=0 | PTS-map-mismatch=0, nonmonotonic-PTS=0, key-flag-mismatch=0 | config-AUs=58, AUs-without-SPS/PPS=1628 | reassembly-depth=1/1, bytes=1171/2097152, age=0 ms/500 ms, high-water=103806 bytes/20 ms | SSRC=4011457692, restarts=1
bridge written=1626, dropped=58, connections/errors=107, AU-depth=0/4, bytes=0/4194304, current-age=0ms, max-depth=2, max-age=20ms, reconstruction-to-write-max=16328us
t=00:02:40 | packets=50057/50057 (58921348 bytes) | AUs complete=1716, IDR=59, incomplete=0 | gaps=0, out-of-order=0, bad-packets=0, oversized-datagrams=0, unsupported=0 | PTS-map-mismatch=0, nonmonotonic-PTS=0, key-flag-mismatch=0 | config-AUs=59, AUs-without-SPS/PPS=1657 | reassembly-depth=1/1, bytes=1171/2097152, age=0 ms/500 ms, high-water=103806 bytes/20 ms | SSRC=4011457692, restarts=1
bridge written=1656, dropped=58, connections/errors=107, AU-depth=0/4, bytes=0/4194304, current-age=0ms, max-depth=2, max-age=20ms, reconstruction-to-write-max=16328us
t=00:02:41 | packets=51007/51007 (60043380 bytes) | AUs complete=1747, IDR=60, incomplete=0 | gaps=0, out-of-order=0, bad-packets=0, oversized-datagrams=0, unsupported=0 | PTS-map-mismatch=0, nonmonotonic-PTS=0, key-flag-mismatch=0 | config-AUs=60, AUs-without-SPS/PPS=1687 | reassembly-depth=1/1, bytes=1171/2097152, age=0 ms/500 ms, high-water=103806 bytes/20 ms | SSRC=4011457692, restarts=1
bridge written=1687, dropped=58, connections/errors=107, AU-depth=0/4, bytes=0/4194304, current-age=0ms, max-depth=2, max-age=20ms, reconstruction-to-write-max=16328us
t=00:02:42 | packets=51895/51895 (61092831 bytes) | AUs complete=1777, IDR=61, incomplete=0 | gaps=0, out-of-order=0, bad-packets=0, oversized-datagrams=0, unsupported=0 | PTS-map-mismatch=0, nonmonotonic-PTS=0, key-flag-mismatch=0 | config-AUs=61, AUs-without-SPS/PPS=1716 | reassembly-depth=1/1, bytes=1171/2097152, age=0 ms/500 ms, high-water=103806 bytes/20 ms | SSRC=4011457692, restarts=1
bridge written=1717, dropped=58, connections/errors=107, AU-depth=0/4, bytes=0/4194304, current-age=0ms, max-depth=2, max-age=20ms, reconstruction-to-write-max=16328us
t=00:02:43 | packets=52728/52728 (62073058 bytes) | AUs complete=1807, IDR=62, incomplete=0 | gaps=0, out-of-order=0, bad-packets=0, oversized-datagrams=0, unsupported=0 | PTS-map-mismatch=0, nonmonotonic-PTS=0, key-flag-mismatch=0 | config-AUs=62, AUs-without-SPS/PPS=1745 | reassembly-depth=1/1, bytes=1171/2097152, age=0 ms/500 ms, high-water=103806 bytes/20 ms | SSRC=4011457692, restarts=1
bridge written=1747, dropped=58, connections/errors=107, AU-depth=0/4, bytes=0/4194304, current-age=0ms, max-depth=2, max-age=20ms, reconstruction-to-write-max=16328us
t=00:02:44 | packets=53638/53638 (63148800 bytes) | AUs complete=1838, IDR=63, incomplete=0 | gaps=0, out-of-order=0, bad-packets=0, oversized-datagrams=0, unsupported=0 | PTS-map-mismatch=0, nonmonotonic-PTS=0, key-flag-mismatch=0 | config-AUs=63, AUs-without-SPS/PPS=1775 | reassembly-depth=1/1, bytes=1171/2097152, age=0 ms/500 ms, high-water=103806 bytes/20 ms | SSRC=4011457692, restarts=1
bridge written=1778, dropped=58, connections/errors=107, AU-depth=0/4, bytes=0/4194304, current-age=0ms, max-depth=2, max-age=20ms, reconstruction-to-write-max=16328us
t=00:02:45 | packets=54523/54523 (64194843 bytes) | AUs complete=1868, IDR=64, incomplete=0 | gaps=0, out-of-order=0, bad-packets=0, oversized-datagrams=0, unsupported=0 | PTS-map-mismatch=0, nonmonotonic-PTS=0, key-flag-mismatch=0 | config-AUs=64, AUs-without-SPS/PPS=1804 | reassembly-depth=1/1, bytes=1171/2097152, age=0 ms/500 ms, high-water=103806 bytes/20 ms | SSRC=4011457692, restarts=1
bridge written=1808, dropped=58, connections/errors=107, AU-depth=0/4, bytes=0/4194304, current-age=0ms, max-depth=2, max-age=20ms, reconstruction-to-write-max=16328us
t=00:02:46 | packets=55416/55416 (65247138 bytes) | AUs complete=1898, IDR=65, incomplete=0 | gaps=0, out-of-order=0, bad-packets=0, oversized-datagrams=0, unsupported=0 | PTS-map-mismatch=0, nonmonotonic-PTS=0, key-flag-mismatch=0 | config-AUs=65, AUs-without-SPS/PPS=1833 | reassembly-depth=1/1, bytes=1171/2097152, age=0 ms/500 ms, high-water=103806 bytes/20 ms | SSRC=4011457692, restarts=1
bridge written=1838, dropped=58, connections/errors=107, AU-depth=0/4, bytes=0/4194304, current-age=0ms, max-depth=2, max-age=20ms, reconstruction-to-write-max=16328us
t=00:02:47 | packets=56319/56319 (66309937 bytes) | AUs complete=1929, IDR=66, incomplete=0 | gaps=0, out-of-order=0, bad-packets=0, oversized-datagrams=0, unsupported=0 | PTS-map-mismatch=0, nonmonotonic-PTS=0, key-flag-mismatch=0 | config-AUs=66, AUs-without-SPS/PPS=1863 | reassembly-depth=1/1, bytes=1171/2097152, age=0 ms/500 ms, high-water=103806 bytes/20 ms | SSRC=4011457692, restarts=1
bridge written=1869, dropped=58, connections/errors=107, AU-depth=0/4, bytes=0/4194304, current-age=0ms, max-depth=2, max-age=20ms, reconstruction-to-write-max=16328us
t=00:02:48 | packets=57162/57162 (67302773 bytes) | AUs complete=1959, IDR=67, incomplete=0 | gaps=0, out-of-order=0, bad-packets=0, oversized-datagrams=0, unsupported=0 | PTS-map-mismatch=0, nonmonotonic-PTS=0, key-flag-mismatch=0 | config-AUs=67, AUs-without-SPS/PPS=1892 | reassembly-depth=1/1, bytes=20993/2097152, age=4 ms/500 ms, high-water=103806 bytes/20 ms | SSRC=4011457692, restarts=1
bridge written=1899, dropped=58, connections/errors=107, AU-depth=0/4, bytes=0/4194304, current-age=0ms, max-depth=2, max-age=20ms, reconstruction-to-write-max=16328us
t=00:02:49 | packets=58049/58049 (68347732 bytes) | AUs complete=1989, IDR=68, incomplete=0 | gaps=0, out-of-order=0, bad-packets=0, oversized-datagrams=0, unsupported=0 | PTS-map-mismatch=0, nonmonotonic-PTS=0, key-flag-mismatch=0 | config-AUs=68, AUs-without-SPS/PPS=1921 | reassembly-depth=1/1, bytes=10499/2097152, age=2 ms/500 ms, high-water=103806 bytes/20 ms | SSRC=4011457692, restarts=1
bridge written=1929, dropped=58, connections/errors=107, AU-depth=0/4, bytes=0/4194304, current-age=0ms, max-depth=2, max-age=20ms, reconstruction-to-write-max=16328us
t=00:02:50 | packets=58951/58951 (69407822 bytes) | AUs complete=2019, IDR=69, incomplete=0 | gaps=0, out-of-order=0, bad-packets=0, oversized-datagrams=0, unsupported=0 | PTS-map-mismatch=0, nonmonotonic-PTS=0, key-flag-mismatch=0 | config-AUs=69, AUs-without-SPS/PPS=1950 | reassembly-depth=1/1, bytes=2337/2097152, age=1 ms/500 ms, high-water=103806 bytes/20 ms | SSRC=4011457692, restarts=1
bridge written=1959, dropped=58, connections/errors=107, AU-depth=0/4, bytes=0/4194304, current-age=0ms, max-depth=2, max-age=20ms, reconstruction-to-write-max=16328us
t=00:02:51 | packets=59812/59812 (70424227 bytes) | AUs complete=2050, IDR=70, incomplete=0 | gaps=0, out-of-order=0, bad-packets=0, oversized-datagrams=0, unsupported=0 | PTS-map-mismatch=0, nonmonotonic-PTS=0, key-flag-mismatch=0 | config-AUs=70, AUs-without-SPS/PPS=1980 | reassembly-depth=1/1, bytes=1171/2097152, age=0 ms/500 ms, high-water=103806 bytes/20 ms | SSRC=4011457692, restarts=1
bridge written=1990, dropped=58, connections/errors=107, AU-depth=0/4, bytes=0/4194304, current-age=0ms, max-depth=2, max-age=20ms, reconstruction-to-write-max=16328us
t=00:02:52 | packets=60726/60726 (71497848 bytes) | AUs complete=2080, IDR=71, incomplete=0 | gaps=0, out-of-order=0, bad-packets=0, oversized-datagrams=0, unsupported=0 | PTS-map-mismatch=0, nonmonotonic-PTS=0, key-flag-mismatch=0 | config-AUs=71, AUs-without-SPS/PPS=2009 | reassembly-depth=1/1, bytes=12831/2097152, age=2 ms/500 ms, high-water=103806 bytes/20 ms | SSRC=4011457692, restarts=1
bridge written=2020, dropped=58, connections/errors=107, AU-depth=0/4, bytes=0/4194304, current-age=0ms, max-depth=2, max-age=20ms, reconstruction-to-write-max=16328us
t=00:02:53 | packets=61586/61586 (72506309 bytes) | AUs complete=2110, IDR=72, incomplete=0 | gaps=0, out-of-order=0, bad-packets=0, oversized-datagrams=0, unsupported=0 | PTS-map-mismatch=0, nonmonotonic-PTS=0, key-flag-mismatch=0 | config-AUs=72, AUs-without-SPS/PPS=2038 | reassembly-depth=1/1, bytes=16329/2097152, age=3 ms/500 ms, high-water=103806 bytes/20 ms | SSRC=4011457692, restarts=1
bridge written=2050, dropped=58, connections/errors=107, AU-depth=0/4, bytes=0/4194304, current-age=0ms, max-depth=2, max-age=20ms, reconstruction-to-write-max=16328us
t=00:02:54 | packets=62494/62494 (73573173 bytes) | AUs complete=2141, IDR=73, incomplete=0 | gaps=0, out-of-order=0, bad-packets=0, oversized-datagrams=0, unsupported=0 | PTS-map-mismatch=0, nonmonotonic-PTS=0, key-flag-mismatch=0 | config-AUs=73, AUs-without-SPS/PPS=2068 | reassembly-depth=1/1, bytes=1171/2097152, age=0 ms/500 ms, high-water=103806 bytes/20 ms | SSRC=4011457692, restarts=1
bridge written=2081, dropped=58, connections/errors=107, AU-depth=0/4, bytes=0/4194304, current-age=0ms, max-depth=2, max-age=20ms, reconstruction-to-write-max=16328us
t=00:02:55 | packets=63351/63351 (74579651 bytes) | AUs complete=2171, IDR=74, incomplete=0 | gaps=0, out-of-order=0, bad-packets=0, oversized-datagrams=0, unsupported=0 | PTS-map-mismatch=0, nonmonotonic-PTS=0, key-flag-mismatch=0 | config-AUs=74, AUs-without-SPS/PPS=2097 | reassembly-depth=1/1, bytes=1171/2097152, age=0 ms/500 ms, high-water=103806 bytes/20 ms | SSRC=4011457692, restarts=1
bridge written=2111, dropped=58, connections/errors=107, AU-depth=0/4, bytes=0/4194304, current-age=0ms, max-depth=2, max-age=20ms, reconstruction-to-write-max=16328us
t=00:02:56 | packets=64284/64284 (75676738 bytes) | AUs complete=2202, IDR=75, incomplete=0 | gaps=0, out-of-order=0, bad-packets=0, oversized-datagrams=0, unsupported=0 | PTS-map-mismatch=0, nonmonotonic-PTS=0, key-flag-mismatch=0 | config-AUs=75, AUs-without-SPS/PPS=2127 | reassembly-depth=1/1, bytes=1171/2097152, age=0 ms/500 ms, high-water=103806 bytes/20 ms | SSRC=4011457692, restarts=1
bridge written=2142, dropped=58, connections/errors=107, AU-depth=0/4, bytes=0/4194304, current-age=0ms, max-depth=2, max-age=20ms, reconstruction-to-write-max=16328us
t=00:02:57 | packets=65135/65135 (76678572 bytes) | AUs complete=2232, IDR=76, incomplete=0 | gaps=0, out-of-order=0, bad-packets=0, oversized-datagrams=0, unsupported=0 | PTS-map-mismatch=0, nonmonotonic-PTS=0, key-flag-mismatch=0 | config-AUs=76, AUs-without-SPS/PPS=2156 | reassembly-depth=1/1, bytes=1171/2097152, age=0 ms/500 ms, high-water=103806 bytes/20 ms | SSRC=4011457692, restarts=1
bridge written=2172, dropped=58, connections/errors=107, AU-depth=0/4, bytes=0/4194304, current-age=0ms, max-depth=2, max-age=20ms, reconstruction-to-write-max=16328us
t=00:02:58 | packets=66025/66025 (77726471 bytes) | AUs complete=2262, IDR=77, incomplete=0 | gaps=0, out-of-order=0, bad-packets=0, oversized-datagrams=0, unsupported=0 | PTS-map-mismatch=0, nonmonotonic-PTS=0, key-flag-mismatch=0 | config-AUs=77, AUs-without-SPS/PPS=2185 | reassembly-depth=1/1, bytes=1171/2097152, age=0 ms/500 ms, high-water=103806 bytes/20 ms | SSRC=4011457692, restarts=1
bridge written=2202, dropped=58, connections/errors=107, AU-depth=0/4, bytes=0/4194304, current-age=0ms, max-depth=2, max-age=20ms, reconstruction-to-write-max=16328us
t=00:02:59 | packets=66907/66907 (78762485 bytes) | AUs complete=2293, IDR=78, incomplete=0 | gaps=0, out-of-order=0, bad-packets=0, oversized-datagrams=0, unsupported=0 | PTS-map-mismatch=0, nonmonotonic-PTS=0, key-flag-mismatch=0 | config-AUs=78, AUs-without-SPS/PPS=2215 | reassembly-depth=1/1, bytes=1171/2097152, age=0 ms/500 ms, high-water=103806 bytes/20 ms | SSRC=4011457692, restarts=1
bridge written=2233, dropped=58, connections/errors=107, AU-depth=0/4, bytes=0/4194304, current-age=0ms, max-depth=2, max-age=20ms, reconstruction-to-write-max=16328us
t=00:03:00 | packets=67804/67804 (79817332 bytes) | AUs complete=2323, IDR=79, incomplete=0 | gaps=0, out-of-order=0, bad-packets=0, oversized-datagrams=0, unsupported=0 | PTS-map-mismatch=0, nonmonotonic-PTS=0, key-flag-mismatch=0 | config-AUs=79, AUs-without-SPS/PPS=2244 | reassembly-depth=1/1, bytes=1171/2097152, age=0 ms/500 ms, high-water=103806 bytes/20 ms | SSRC=4011457692, restarts=1
bridge written=2263, dropped=58, connections/errors=107, AU-depth=0/4, bytes=0/4194304, current-age=0ms, max-depth=2, max-age=20ms, reconstruction-to-write-max=16328us
t=00:03:01 | packets=68663/68663 (80826833 bytes) | AUs complete=2353, IDR=80, incomplete=0 | gaps=0, out-of-order=0, bad-packets=0, oversized-datagrams=0, unsupported=0 | PTS-map-mismatch=0, nonmonotonic-PTS=0, key-flag-mismatch=0 | config-AUs=80, AUs-without-SPS/PPS=2273 | reassembly-depth=1/1, bytes=1171/2097152, age=0 ms/500 ms, high-water=103806 bytes/20 ms | SSRC=4011457692, restarts=1
bridge written=2293, dropped=58, connections/errors=107, AU-depth=0/4, bytes=0/4194304, current-age=0ms, max-depth=2, max-age=20ms, reconstruction-to-write-max=16328us
t=00:03:02 | packets=69559/69559 (81879949 bytes) | AUs complete=2383, IDR=81, incomplete=0 | gaps=0, out-of-order=0, bad-packets=0, oversized-datagrams=0, unsupported=0 | PTS-map-mismatch=0, nonmonotonic-PTS=0, key-flag-mismatch=0 | config-AUs=81, AUs-without-SPS/PPS=2302 | reassembly-depth=1/1, bytes=11665/2097152, age=2 ms/500 ms, high-water=103806 bytes/20 ms | SSRC=4011457692, restarts=1
bridge written=2323, dropped=58, connections/errors=107, AU-depth=0/4, bytes=0/4194304, current-age=0ms, max-depth=2, max-age=20ms, reconstruction-to-write-max=16328us
t=00:03:03 | packets=70418/70418 (82889039 bytes) | AUs complete=2413, IDR=82, incomplete=0 | gaps=0, out-of-order=0, bad-packets=0, oversized-datagrams=0, unsupported=0 | PTS-map-mismatch=0, nonmonotonic-PTS=0, key-flag-mismatch=0 | config-AUs=82, AUs-without-SPS/PPS=2331 | reassembly-depth=1/1, bytes=7001/2097152, age=1 ms/500 ms, high-water=103806 bytes/20 ms | SSRC=4011457692, restarts=1
bridge written=2353, dropped=58, connections/errors=107, AU-depth=0/4, bytes=0/4194304, current-age=0ms, max-depth=2, max-age=20ms, reconstruction-to-write-max=16328us
t=00:03:04 | packets=71342/71342 (83971325 bytes) | AUs complete=2443, IDR=83, incomplete=0 | gaps=0, out-of-order=0, bad-packets=0, oversized-datagrams=0, unsupported=0 | PTS-map-mismatch=0, nonmonotonic-PTS=0, key-flag-mismatch=0 | config-AUs=83, AUs-without-SPS/PPS=2360 | reassembly-depth=1/1, bytes=8167/2097152, age=1 ms/500 ms, high-water=103806 bytes/20 ms | SSRC=4011457692, restarts=1
bridge written=2383, dropped=58, connections/errors=107, AU-depth=0/4, bytes=0/4194304, current-age=0ms, max-depth=2, max-age=20ms, reconstruction-to-write-max=16328us
t=00:03:05 | packets=72223/72223 (85005500 bytes) | AUs complete=2473, IDR=84, incomplete=0 | gaps=0, out-of-order=0, bad-packets=0, oversized-datagrams=0, unsupported=0 | PTS-map-mismatch=0, nonmonotonic-PTS=0, key-flag-mismatch=0 | config-AUs=84, AUs-without-SPS/PPS=2389 | reassembly-depth=1/1, bytes=23325/2097152, age=5 ms/500 ms, high-water=103806 bytes/20 ms | SSRC=4011457692, restarts=1
bridge written=2413, dropped=58, connections/errors=107, AU-depth=0/4, bytes=0/4194304, current-age=0ms, max-depth=2, max-age=20ms, reconstruction-to-write-max=16328us
t=00:03:06 | packets=73075/73075 (86006891 bytes) | AUs complete=2503, IDR=85, incomplete=0 | gaps=0, out-of-order=0, bad-packets=0, oversized-datagrams=0, unsupported=0 | PTS-map-mismatch=0, nonmonotonic-PTS=0, key-flag-mismatch=0 | config-AUs=85, AUs-without-SPS/PPS=2418 | reassembly-depth=1/1, bytes=7001/2097152, age=1 ms/500 ms, high-water=103806 bytes/20 ms | SSRC=4011457692, restarts=1
bridge written=2443, dropped=58, connections/errors=107, AU-depth=0/4, bytes=0/4194304, current-age=0ms, max-depth=2, max-age=20ms, reconstruction-to-write-max=16328us
t=00:03:07 | packets=73966/73966 (87053314 bytes) | AUs complete=2534, IDR=86, incomplete=0 | gaps=0, out-of-order=0, bad-packets=0, oversized-datagrams=0, unsupported=0 | PTS-map-mismatch=0, nonmonotonic-PTS=0, key-flag-mismatch=0 | config-AUs=86, AUs-without-SPS/PPS=2448 | reassembly-depth=1/1, bytes=1171/2097152, age=0 ms/500 ms, high-water=103806 bytes/20 ms | SSRC=4011457692, restarts=1
bridge written=2474, dropped=58, connections/errors=107, AU-depth=0/4, bytes=0/4194304, current-age=0ms, max-depth=2, max-age=20ms, reconstruction-to-write-max=16328us
t=00:03:08 | packets=74838/74838 (88077949 bytes) | AUs complete=2564, IDR=87, incomplete=0 | gaps=0, out-of-order=0, bad-packets=0, oversized-datagrams=0, unsupported=0 | PTS-map-mismatch=0, nonmonotonic-PTS=0, key-flag-mismatch=0 | config-AUs=87, AUs-without-SPS/PPS=2477 | reassembly-depth=1/1, bytes=1171/2097152, age=0 ms/500 ms, high-water=103806 bytes/20 ms | SSRC=4011457692, restarts=1
bridge written=2504, dropped=58, connections/errors=107, AU-depth=0/4, bytes=0/4194304, current-age=0ms, max-depth=2, max-age=20ms, reconstruction-to-write-max=16328us
t=00:03:09 | packets=75724/75724 (89120492 bytes) | AUs complete=2594, IDR=88, incomplete=0 | gaps=0, out-of-order=0, bad-packets=0, oversized-datagrams=0, unsupported=0 | PTS-map-mismatch=0, nonmonotonic-PTS=0, key-flag-mismatch=0 | config-AUs=88, AUs-without-SPS/PPS=2506 | reassembly-depth=1/1, bytes=12831/2097152, age=3 ms/500 ms, high-water=103806 bytes/20 ms | SSRC=4011457692, restarts=1
bridge written=2534, dropped=58, connections/errors=107, AU-depth=0/4, bytes=0/4194304, current-age=0ms, max-depth=2, max-age=20ms, reconstruction-to-write-max=16328us
t=00:03:10 | packets=76606/76606 (90157538 bytes) | AUs complete=2624, IDR=89, incomplete=0 | gaps=0, out-of-order=0, bad-packets=0, oversized-datagrams=0, unsupported=0 | PTS-map-mismatch=0, nonmonotonic-PTS=0, key-flag-mismatch=0 | config-AUs=89, AUs-without-SPS/PPS=2535 | reassembly-depth=1/1, bytes=9333/2097152, age=3 ms/500 ms, high-water=103806 bytes/20 ms | SSRC=4011457692, restarts=1
bridge written=2564, dropped=58, connections/errors=107, AU-depth=0/4, bytes=0/4194304, current-age=0ms, max-depth=2, max-age=20ms, reconstruction-to-write-max=16328us
t=00:03:11 | packets=77487/77487 (91195388 bytes) | AUs complete=2654, IDR=90, incomplete=0 | gaps=0, out-of-order=0, bad-packets=0, oversized-datagrams=0, unsupported=0 | PTS-map-mismatch=0, nonmonotonic-PTS=0, key-flag-mismatch=0 | config-AUs=90, AUs-without-SPS/PPS=2564 | reassembly-depth=1/1, bytes=22159/2097152, age=6 ms/500 ms, high-water=103806 bytes/20 ms | SSRC=4011457692, restarts=1
bridge written=2594, dropped=58, connections/errors=107, AU-depth=0/4, bytes=0/4194304, current-age=0ms, max-depth=2, max-age=20ms, reconstruction-to-write-max=16328us
t=00:03:12 | packets=78342/78342 (92201124 bytes) | AUs complete=2684, IDR=91, incomplete=0 | gaps=0, out-of-order=0, bad-packets=0, oversized-datagrams=0, unsupported=0 | PTS-map-mismatch=0, nonmonotonic-PTS=0, key-flag-mismatch=0 | config-AUs=91, AUs-without-SPS/PPS=2593 | reassembly-depth=1/1, bytes=12831/2097152, age=3 ms/500 ms, high-water=103806 bytes/20 ms | SSRC=4011457692, restarts=1
bridge written=2624, dropped=58, connections/errors=107, AU-depth=0/4, bytes=0/4194304, current-age=0ms, max-depth=2, max-age=20ms, reconstruction-to-write-max=16328us
t=00:03:13 | packets=79239/79239 (93259303 bytes) | AUs complete=2715, IDR=92, incomplete=0 | gaps=0, out-of-order=0, bad-packets=0, oversized-datagrams=0, unsupported=0 | PTS-map-mismatch=0, nonmonotonic-PTS=0, key-flag-mismatch=0 | config-AUs=92, AUs-without-SPS/PPS=2623 | reassembly-depth=1/1, bytes=1171/2097152, age=0 ms/500 ms, high-water=103806 bytes/20 ms | SSRC=4011457692, restarts=1
bridge written=2655, dropped=58, connections/errors=107, AU-depth=0/4, bytes=0/4194304, current-age=0ms, max-depth=2, max-age=20ms, reconstruction-to-write-max=16328us
t=00:03:14 | packets=80130/80130 (94308083 bytes) | AUs complete=2745, IDR=93, incomplete=0 | gaps=0, out-of-order=0, bad-packets=0, oversized-datagrams=0, unsupported=0 | PTS-map-mismatch=0, nonmonotonic-PTS=0, key-flag-mismatch=0 | config-AUs=93, AUs-without-SPS/PPS=2652 | reassembly-depth=1/1, bytes=29155/2097152, age=3 ms/500 ms, high-water=103806 bytes/20 ms | SSRC=4011457692, restarts=1
bridge written=2685, dropped=58, connections/errors=107, AU-depth=0/4, bytes=0/4194304, current-age=0ms, max-depth=2, max-age=20ms, reconstruction-to-write-max=16328us
t=00:03:15 | packets=80998/80998 (95329058 bytes) | AUs complete=2775, IDR=94, incomplete=0 | gaps=0, out-of-order=0, bad-packets=0, oversized-datagrams=0, unsupported=0 | PTS-map-mismatch=0, nonmonotonic-PTS=0, key-flag-mismatch=0 | config-AUs=94, AUs-without-SPS/PPS=2681 | reassembly-depth=1/1, bytes=17495/2097152, age=6 ms/500 ms, high-water=103806 bytes/20 ms | SSRC=4011457692, restarts=1
bridge written=2715, dropped=58, connections/errors=107, AU-depth=0/4, bytes=0/4194304, current-age=0ms, max-depth=2, max-age=20ms, reconstruction-to-write-max=16328us
t=00:03:16 | packets=81878/81878 (96365854 bytes) | AUs complete=2806, IDR=95, incomplete=0 | gaps=0, out-of-order=0, bad-packets=0, oversized-datagrams=0, unsupported=0 | PTS-map-mismatch=0, nonmonotonic-PTS=0, key-flag-mismatch=0 | config-AUs=95, AUs-without-SPS/PPS=2711 | reassembly-depth=0/1, bytes=0/2097152, age=0 ms/500 ms, high-water=103806 bytes/20 ms | SSRC=4011457692, restarts=1
bridge written=2745, dropped=58, connections/errors=107, AU-depth=1/4, bytes=32728/4194304, current-age=0ms, max-depth=2, max-age=20ms, reconstruction-to-write-max=16328us
t=00:03:17 | packets=82760/82760 (97405720 bytes) | AUs complete=2836, IDR=96, incomplete=0 | gaps=0, out-of-order=0, bad-packets=0, oversized-datagrams=0, unsupported=0 | PTS-map-mismatch=0, nonmonotonic-PTS=0, key-flag-mismatch=0 | config-AUs=96, AUs-without-SPS/PPS=2740 | reassembly-depth=1/1, bytes=1171/2097152, age=0 ms/500 ms, high-water=103806 bytes/20 ms | SSRC=4011457692, restarts=1
bridge written=2776, dropped=58, connections/errors=107, AU-depth=0/4, bytes=0/4194304, current-age=0ms, max-depth=2, max-age=20ms, reconstruction-to-write-max=16328us
t=00:03:18 | packets=83630/83630 (98429669 bytes) | AUs complete=2866, IDR=97, incomplete=0 | gaps=0, out-of-order=0, bad-packets=0, oversized-datagrams=0, unsupported=0 | PTS-map-mismatch=0, nonmonotonic-PTS=0, key-flag-mismatch=0 | config-AUs=97, AUs-without-SPS/PPS=2769 | reassembly-depth=1/1, bytes=1171/2097152, age=0 ms/500 ms, high-water=103806 bytes/20 ms | SSRC=4011457692, restarts=1
bridge written=2806, dropped=58, connections/errors=107, AU-depth=0/4, bytes=0/4194304, current-age=0ms, max-depth=2, max-age=20ms, reconstruction-to-write-max=16328us
t=00:03:19 | packets=84509/84509 (99460701 bytes) | AUs complete=2896, IDR=98, incomplete=0 | gaps=0, out-of-order=0, bad-packets=0, oversized-datagrams=0, unsupported=0 | PTS-map-mismatch=0, nonmonotonic-PTS=0, key-flag-mismatch=0 | config-AUs=98, AUs-without-SPS/PPS=2798 | reassembly-depth=1/1, bytes=1171/2097152, age=0 ms/500 ms, high-water=103806 bytes/20 ms | SSRC=4011457692, restarts=1
bridge written=2836, dropped=58, connections/errors=107, AU-depth=0/4, bytes=0/4194304, current-age=0ms, max-depth=2, max-age=20ms, reconstruction-to-write-max=16328us
t=00:03:20 | packets=85388/85388 (100495626 bytes) | AUs complete=2926, IDR=99, incomplete=0 | gaps=0, out-of-order=0, bad-packets=0, oversized-datagrams=0, unsupported=0 | PTS-map-mismatch=0, nonmonotonic-PTS=0, key-flag-mismatch=0 | config-AUs=99, AUs-without-SPS/PPS=2827 | reassembly-depth=1/1, bytes=1171/2097152, age=0 ms/500 ms, high-water=103806 bytes/20 ms | SSRC=4011457692, restarts=1
bridge written=2866, dropped=58, connections/errors=107, AU-depth=0/4, bytes=0/4194304, current-age=0ms, max-depth=2, max-age=20ms, reconstruction-to-write-max=16328us
t=00:03:21 | packets=86289/86289 (101551927 bytes) | AUs complete=2957, IDR=100, incomplete=0 | gaps=0, out-of-order=0, bad-packets=0, oversized-datagrams=0, unsupported=0 | PTS-map-mismatch=0, nonmonotonic-PTS=0, key-flag-mismatch=0 | config-AUs=100, AUs-without-SPS/PPS=2857 | reassembly-depth=1/1, bytes=1171/2097152, age=0 ms/500 ms, high-water=103806 bytes/20 ms | SSRC=4011457692, restarts=1
bridge written=2897, dropped=58, connections/errors=107, AU-depth=0/4, bytes=0/4194304, current-age=0ms, max-depth=2, max-age=20ms, reconstruction-to-write-max=16328us
t=00:03:22 | packets=87168/87168 (102587213 bytes) | AUs complete=2987, IDR=101, incomplete=0 | gaps=0, out-of-order=0, bad-packets=0, oversized-datagrams=0, unsupported=0 | PTS-map-mismatch=0, nonmonotonic-PTS=0, key-flag-mismatch=0 | config-AUs=101, AUs-without-SPS/PPS=2886 | reassembly-depth=1/1, bytes=4669/2097152, age=1 ms/500 ms, high-water=103806 bytes/20 ms | SSRC=4011457692, restarts=1
bridge written=2927, dropped=58, connections/errors=107, AU-depth=0/4, bytes=0/4194304, current-age=0ms, max-depth=2, max-age=20ms, reconstruction-to-write-max=16328us
t=00:03:23 | packets=88036/88036 (103608360 bytes) | AUs complete=3017, IDR=102, incomplete=0 | gaps=0, out-of-order=0, bad-packets=0, oversized-datagrams=0, unsupported=0 | PTS-map-mismatch=0, nonmonotonic-PTS=0, key-flag-mismatch=0 | config-AUs=102, AUs-without-SPS/PPS=2915 | reassembly-depth=1/1, bytes=1171/2097152, age=0 ms/500 ms, high-water=103806 bytes/20 ms | SSRC=4011457692, restarts=1
bridge written=2957, dropped=58, connections/errors=107, AU-depth=0/4, bytes=0/4194304, current-age=0ms, max-depth=2, max-age=20ms, reconstruction-to-write-max=16328us
t=00:03:24 | packets=88938/88938 (104670386 bytes) | AUs complete=3047, IDR=103, incomplete=0 | gaps=0, out-of-order=0, bad-packets=0, oversized-datagrams=0, unsupported=0 | PTS-map-mismatch=0, nonmonotonic-PTS=0, key-flag-mismatch=0 | config-AUs=103, AUs-without-SPS/PPS=2944 | reassembly-depth=1/1, bytes=32653/2097152, age=7 ms/500 ms, high-water=103806 bytes/20 ms | SSRC=4011457692, restarts=1
bridge written=2987, dropped=58, connections/errors=107, AU-depth=0/4, bytes=0/4194304, current-age=0ms, max-depth=2, max-age=20ms, reconstruction-to-write-max=16328us
t=00:03:25 | packets=89863/89863 (105756895 bytes) | AUs complete=3078, IDR=104, incomplete=0 | gaps=0, out-of-order=0, bad-packets=0, oversized-datagrams=0, unsupported=0 | PTS-map-mismatch=0, nonmonotonic-PTS=0, key-flag-mismatch=0 | config-AUs=104, AUs-without-SPS/PPS=2974 | reassembly-depth=1/1, bytes=1171/2097152, age=0 ms/500 ms, high-water=103806 bytes/20 ms | SSRC=4011457692, restarts=1
bridge written=3018, dropped=58, connections/errors=107, AU-depth=0/4, bytes=0/4194304, current-age=0ms, max-depth=2, max-age=20ms, reconstruction-to-write-max=16328us
t=00:03:26 | packets=90711/90711 (106750622 bytes) | AUs complete=3108, IDR=105, incomplete=0 | gaps=0, out-of-order=0, bad-packets=0, oversized-datagrams=0, unsupported=0 | PTS-map-mismatch=0, nonmonotonic-PTS=0, key-flag-mismatch=0 | config-AUs=105, AUs-without-SPS/PPS=3003 | reassembly-depth=1/1, bytes=1171/2097152, age=0 ms/500 ms, high-water=103806 bytes/20 ms | SSRC=4011457692, restarts=1
bridge written=3048, dropped=58, connections/errors=107, AU-depth=0/4, bytes=0/4194304, current-age=0ms, max-depth=2, max-age=20ms, reconstruction-to-write-max=16328us
t=00:03:27 | packets=91584/91584 (107780223 bytes) | AUs complete=3138, IDR=106, incomplete=0 | gaps=0, out-of-order=0, bad-packets=0, oversized-datagrams=0, unsupported=0 | PTS-map-mismatch=0, nonmonotonic-PTS=0, key-flag-mismatch=0 | config-AUs=106, AUs-without-SPS/PPS=3032 | reassembly-depth=1/1, bytes=1171/2097152, age=0 ms/500 ms, high-water=103806 bytes/20 ms | SSRC=4011457692, restarts=1
bridge written=3078, dropped=58, connections/errors=107, AU-depth=0/4, bytes=0/4194304, current-age=0ms, max-depth=2, max-age=20ms, reconstruction-to-write-max=16328us
t=00:03:28 | packets=92444/92444 (108788761 bytes) | AUs complete=3168, IDR=107, incomplete=0 | gaps=0, out-of-order=0, bad-packets=0, oversized-datagrams=0, unsupported=0 | PTS-map-mismatch=0, nonmonotonic-PTS=0, key-flag-mismatch=0 | config-AUs=107, AUs-without-SPS/PPS=3061 | reassembly-depth=1/1, bytes=1171/2097152, age=0 ms/500 ms, high-water=103806 bytes/20 ms | SSRC=4011457692, restarts=1
bridge written=3108, dropped=58, connections/errors=107, AU-depth=0/4, bytes=0/4194304, current-age=0ms, max-depth=2, max-age=20ms, reconstruction-to-write-max=16328us
t=00:03:29 | packets=93355/93355 (109863037 bytes) | AUs complete=3199, IDR=108, incomplete=0 | gaps=0, out-of-order=0, bad-packets=0, oversized-datagrams=0, unsupported=0 | PTS-map-mismatch=0, nonmonotonic-PTS=0, key-flag-mismatch=0 | config-AUs=108, AUs-without-SPS/PPS=3091 | reassembly-depth=0/1, bytes=0/2097152, age=0 ms/500 ms, high-water=103806 bytes/20 ms | SSRC=4011457692, restarts=1
bridge written=3138, dropped=58, connections/errors=107, AU-depth=1/4, bytes=33179/4194304, current-age=0ms, max-depth=2, max-age=20ms, reconstruction-to-write-max=16328us
t=00:03:30 | packets=94205/94205 (110861704 bytes) | AUs complete=3228, IDR=109, incomplete=0 | gaps=0, out-of-order=0, bad-packets=0, oversized-datagrams=0, unsupported=0 | PTS-map-mismatch=0, nonmonotonic-PTS=0, key-flag-mismatch=0 | config-AUs=109, AUs-without-SPS/PPS=3119 | reassembly-depth=1/1, bytes=17495/2097152, age=1 ms/500 ms, high-water=103806 bytes/20 ms | SSRC=4011457692, restarts=1
bridge written=3168, dropped=58, connections/errors=107, AU-depth=0/4, bytes=0/4194304, current-age=0ms, max-depth=2, max-age=20ms, reconstruction-to-write-max=16328us
t=00:03:31 | packets=95077/95077 (111888610 bytes) | AUs complete=3258, IDR=110, incomplete=0 | gaps=0, out-of-order=0, bad-packets=0, oversized-datagrams=0, unsupported=0 | PTS-map-mismatch=0, nonmonotonic-PTS=0, key-flag-mismatch=0 | config-AUs=110, AUs-without-SPS/PPS=3148 | reassembly-depth=1/1, bytes=3503/2097152, age=2 ms/500 ms, high-water=103806 bytes/20 ms | SSRC=4011457692, restarts=1
bridge written=3198, dropped=58, connections/errors=107, AU-depth=0/4, bytes=0/4194304, current-age=0ms, max-depth=2, max-age=20ms, reconstruction-to-write-max=16328us
t=00:03:32 | packets=95973/95973 (112940248 bytes) | AUs complete=3289, IDR=111, incomplete=0 | gaps=0, out-of-order=0, bad-packets=0, oversized-datagrams=0, unsupported=0 | PTS-map-mismatch=0, nonmonotonic-PTS=0, key-flag-mismatch=0 | config-AUs=111, AUs-without-SPS/PPS=3178 | reassembly-depth=1/1, bytes=1171/2097152, age=0 ms/500 ms, high-water=103806 bytes/20 ms | SSRC=4011457692, restarts=1
bridge written=3229, dropped=58, connections/errors=107, AU-depth=0/4, bytes=0/4194304, current-age=0ms, max-depth=2, max-age=20ms, reconstruction-to-write-max=16328us
t=00:03:33 | packets=96876/96876 (114004954 bytes) | AUs complete=3319, IDR=112, incomplete=0 | gaps=0, out-of-order=0, bad-packets=0, oversized-datagrams=0, unsupported=0 | PTS-map-mismatch=0, nonmonotonic-PTS=0, key-flag-mismatch=0 | config-AUs=112, AUs-without-SPS/PPS=3207 | reassembly-depth=1/1, bytes=1171/2097152, age=0 ms/500 ms, high-water=103806 bytes/20 ms | SSRC=4011457692, restarts=1
bridge written=3259, dropped=58, connections/errors=107, AU-depth=0/4, bytes=0/4194304, current-age=0ms, max-depth=2, max-age=20ms, reconstruction-to-write-max=16328us
t=00:03:34 | packets=97726/97726 (115001609 bytes) | AUs complete=3349, IDR=113, incomplete=0 | gaps=0, out-of-order=0, bad-packets=0, oversized-datagrams=0, unsupported=0 | PTS-map-mismatch=0, nonmonotonic-PTS=0, key-flag-mismatch=0 | config-AUs=113, AUs-without-SPS/PPS=3236 | reassembly-depth=1/1, bytes=1171/2097152, age=0 ms/500 ms, high-water=103806 bytes/20 ms | SSRC=4011457692, restarts=1
bridge written=3289, dropped=58, connections/errors=107, AU-depth=0/4, bytes=0/4194304, current-age=0ms, max-depth=2, max-age=20ms, reconstruction-to-write-max=16328us
t=00:03:35 | packets=98614/98614 (116046798 bytes) | AUs complete=3379, IDR=114, incomplete=0 | gaps=0, out-of-order=0, bad-packets=0, oversized-datagrams=0, unsupported=0 | PTS-map-mismatch=0, nonmonotonic-PTS=0, key-flag-mismatch=0 | config-AUs=114, AUs-without-SPS/PPS=3265 | reassembly-depth=1/1, bytes=1171/2097152, age=0 ms/500 ms, high-water=103806 bytes/20 ms | SSRC=4011457692, restarts=1
bridge written=3319, dropped=58, connections/errors=107, AU-depth=0/4, bytes=0/4194304, current-age=0ms, max-depth=2, max-age=20ms, reconstruction-to-write-max=16328us
t=00:03:36 | packets=99482/99482 (117069030 bytes) | AUs complete=3409, IDR=115, incomplete=0 | gaps=0, out-of-order=0, bad-packets=0, oversized-datagrams=0, unsupported=0 | PTS-map-mismatch=0, nonmonotonic-PTS=0, key-flag-mismatch=0 | config-AUs=115, AUs-without-SPS/PPS=3294 | reassembly-depth=1/1, bytes=15163/2097152, age=2 ms/500 ms, high-water=103806 bytes/20 ms | SSRC=4011457692, restarts=1
bridge written=3349, dropped=58, connections/errors=107, AU-depth=0/4, bytes=0/4194304, current-age=0ms, max-depth=2, max-age=20ms, reconstruction-to-write-max=16328us
t=00:03:37 | packets=100383/100383 (118127014 bytes) | AUs complete=3439, IDR=116, incomplete=0 | gaps=0, out-of-order=0, bad-packets=0, oversized-datagrams=0, unsupported=0 | PTS-map-mismatch=0, nonmonotonic-PTS=0, key-flag-mismatch=0 | config-AUs=116, AUs-without-SPS/PPS=3323 | reassembly-depth=1/1, bytes=7001/2097152, age=0 ms/500 ms, high-water=103806 bytes/20 ms | SSRC=4011457692, restarts=1
bridge written=3379, dropped=58, connections/errors=107, AU-depth=0/4, bytes=0/4194304, current-age=0ms, max-depth=2, max-age=20ms, reconstruction-to-write-max=16328us
t=00:03:38 | packets=101252/101252 (119146120 bytes) | AUs complete=3469, IDR=117, incomplete=0 | gaps=0, out-of-order=0, bad-packets=0, oversized-datagrams=0, unsupported=0 | PTS-map-mismatch=0, nonmonotonic-PTS=0, key-flag-mismatch=0 | config-AUs=117, AUs-without-SPS/PPS=3352 | reassembly-depth=1/1, bytes=24491/2097152, age=5 ms/500 ms, high-water=103806 bytes/20 ms | SSRC=4011457692, restarts=1
bridge written=3409, dropped=58, connections/errors=107, AU-depth=0/4, bytes=0/4194304, current-age=0ms, max-depth=2, max-age=20ms, reconstruction-to-write-max=16328us
t=00:03:39 | packets=102124/102124 (120173904 bytes) | AUs complete=3499, IDR=118, incomplete=0 | gaps=0, out-of-order=0, bad-packets=0, oversized-datagrams=0, unsupported=0 | PTS-map-mismatch=0, nonmonotonic-PTS=0, key-flag-mismatch=0 | config-AUs=118, AUs-without-SPS/PPS=3381 | reassembly-depth=1/1, bytes=11665/2097152, age=6 ms/500 ms, high-water=103806 bytes/20 ms | SSRC=4011457692, restarts=1
bridge written=3439, dropped=58, connections/errors=107, AU-depth=0/4, bytes=0/4194304, current-age=0ms, max-depth=2, max-age=20ms, reconstruction-to-write-max=16358us
t=00:03:40 | packets=102997/102997 (121196527 bytes) | AUs complete=3529, IDR=119, incomplete=0 | gaps=0, out-of-order=0, bad-packets=0, oversized-datagrams=0, unsupported=0 | PTS-map-mismatch=0, nonmonotonic-PTS=0, key-flag-mismatch=0 | config-AUs=119, AUs-without-SPS/PPS=3410 | reassembly-depth=1/1, bytes=24491/2097152, age=4 ms/500 ms, high-water=103806 bytes/20 ms | SSRC=4011457692, restarts=1
bridge written=3469, dropped=58, connections/errors=107, AU-depth=0/4, bytes=0/4194304, current-age=0ms, max-depth=2, max-age=20ms, reconstruction-to-write-max=16358us
t=00:03:41 | packets=103897/103897 (122259179 bytes) | AUs complete=3560, IDR=120, incomplete=0 | gaps=0, out-of-order=0, bad-packets=0, oversized-datagrams=0, unsupported=0 | PTS-map-mismatch=0, nonmonotonic-PTS=0, key-flag-mismatch=0 | config-AUs=120, AUs-without-SPS/PPS=3440 | reassembly-depth=1/1, bytes=1171/2097152, age=0 ms/500 ms, high-water=103806 bytes/20 ms | SSRC=4011457692, restarts=1
bridge written=3500, dropped=58, connections/errors=107, AU-depth=0/4, bytes=0/4194304, current-age=0ms, max-depth=2, max-age=20ms, reconstruction-to-write-max=16358us
t=00:03:42 | packets=104774/104774 (123292667 bytes) | AUs complete=3591, IDR=121, incomplete=0 | gaps=0, out-of-order=0, bad-packets=0, oversized-datagrams=0, unsupported=0 | PTS-map-mismatch=0, nonmonotonic-PTS=0, key-flag-mismatch=0 | config-AUs=121, AUs-without-SPS/PPS=3470 | reassembly-depth=0/1, bytes=0/2097152, age=0 ms/500 ms, high-water=103806 bytes/20 ms | SSRC=4011457692, restarts=1
bridge written=3530, dropped=58, connections/errors=107, AU-depth=1/4, bytes=28803/4194304, current-age=0ms, max-depth=2, max-age=20ms, reconstruction-to-write-max=16358us
t=00:03:43 | packets=105665/105665 (124339172 bytes) | AUs complete=3620, IDR=122, incomplete=0 | gaps=0, out-of-order=0, bad-packets=0, oversized-datagrams=0, unsupported=0 | PTS-map-mismatch=0, nonmonotonic-PTS=0, key-flag-mismatch=0 | config-AUs=122, AUs-without-SPS/PPS=3498 | reassembly-depth=1/1, bytes=8167/2097152, age=1 ms/500 ms, high-water=103806 bytes/20 ms | SSRC=4011457692, restarts=1
bridge written=3560, dropped=58, connections/errors=107, AU-depth=0/4, bytes=0/4194304, current-age=0ms, max-depth=2, max-age=20ms, reconstruction-to-write-max=16358us
t=00:03:44 | packets=106507/106507 (125329455 bytes) | AUs complete=3650, IDR=123, incomplete=0 | gaps=0, out-of-order=0, bad-packets=0, oversized-datagrams=0, unsupported=0 | PTS-map-mismatch=0, nonmonotonic-PTS=0, key-flag-mismatch=0 | config-AUs=123, AUs-without-SPS/PPS=3527 | reassembly-depth=1/1, bytes=3503/2097152, age=0 ms/500 ms, high-water=103806 bytes/20 ms | SSRC=4011457692, restarts=1
bridge written=3590, dropped=58, connections/errors=107, AU-depth=0/4, bytes=0/4194304, current-age=0ms, max-depth=2, max-age=20ms, reconstruction-to-write-max=16358us
t=00:03:45 | packets=107400/107400 (126381266 bytes) | AUs complete=3680, IDR=124, incomplete=0 | gaps=0, out-of-order=0, bad-packets=0, oversized-datagrams=0, unsupported=0 | PTS-map-mismatch=0, nonmonotonic-PTS=0, key-flag-mismatch=0 | config-AUs=124, AUs-without-SPS/PPS=3556 | reassembly-depth=1/1, bytes=7001/2097152, age=1 ms/500 ms, high-water=103806 bytes/20 ms | SSRC=4011457692, restarts=1
bridge written=3620, dropped=58, connections/errors=107, AU-depth=0/4, bytes=0/4194304, current-age=0ms, max-depth=2, max-age=20ms, reconstruction-to-write-max=16358us
t=00:03:46 | packets=108253/108253 (127382476 bytes) | AUs complete=3710, IDR=125, incomplete=0 | gaps=0, out-of-order=0, bad-packets=0, oversized-datagrams=0, unsupported=0 | PTS-map-mismatch=0, nonmonotonic-PTS=0, key-flag-mismatch=0 | config-AUs=125, AUs-without-SPS/PPS=3585 | reassembly-depth=1/1, bytes=3503/2097152, age=1 ms/500 ms, high-water=103806 bytes/20 ms | SSRC=4011457692, restarts=1
bridge written=3650, dropped=58, connections/errors=107, AU-depth=0/4, bytes=0/4194304, current-age=0ms, max-depth=2, max-age=20ms, reconstruction-to-write-max=16358us
t=00:03:47 | packets=109165/109165 (128455750 bytes) | AUs complete=3741, IDR=126, incomplete=0 | gaps=0, out-of-order=0, bad-packets=0, oversized-datagrams=0, unsupported=0 | PTS-map-mismatch=0, nonmonotonic-PTS=0, key-flag-mismatch=0 | config-AUs=126, AUs-without-SPS/PPS=3615 | reassembly-depth=1/1, bytes=1171/2097152, age=0 ms/500 ms, high-water=103806 bytes/20 ms | SSRC=4011457692, restarts=1
bridge written=3681, dropped=58, connections/errors=107, AU-depth=0/4, bytes=0/4194304, current-age=0ms, max-depth=2, max-age=20ms, reconstruction-to-write-max=16358us
t=00:03:48 | packets=110062/110062 (129510423 bytes) | AUs complete=3771, IDR=127, incomplete=0 | gaps=0, out-of-order=0, bad-packets=0, oversized-datagrams=0, unsupported=0 | PTS-map-mismatch=0, nonmonotonic-PTS=0, key-flag-mismatch=0 | config-AUs=127, AUs-without-SPS/PPS=3644 | reassembly-depth=1/1, bytes=1171/2097152, age=0 ms/500 ms, high-water=103806 bytes/20 ms | SSRC=4011457692, restarts=1
bridge written=3711, dropped=58, connections/errors=107, AU-depth=0/4, bytes=0/4194304, current-age=0ms, max-depth=2, max-age=20ms, reconstruction-to-write-max=16358us
t=00:03:49 | packets=110938/110938 (130540400 bytes) | AUs complete=3801, IDR=128, incomplete=0 | gaps=0, out-of-order=0, bad-packets=0, oversized-datagrams=0, unsupported=0 | PTS-map-mismatch=0, nonmonotonic-PTS=0, key-flag-mismatch=0 | config-AUs=128, AUs-without-SPS/PPS=3673 | reassembly-depth=1/1, bytes=1171/2097152, age=0 ms/500 ms, high-water=103806 bytes/20 ms | SSRC=4011457692, restarts=1
bridge written=3741, dropped=58, connections/errors=107, AU-depth=0/4, bytes=0/4194304, current-age=0ms, max-depth=2, max-age=20ms, reconstruction-to-write-max=16358us
t=00:03:50 | packets=111794/111794 (131548958 bytes) | AUs complete=3831, IDR=129, incomplete=0 | gaps=0, out-of-order=0, bad-packets=0, oversized-datagrams=0, unsupported=0 | PTS-map-mismatch=0, nonmonotonic-PTS=0, key-flag-mismatch=0 | config-AUs=129, AUs-without-SPS/PPS=3702 | reassembly-depth=1/1, bytes=16329/2097152, age=3 ms/500 ms, high-water=103806 bytes/20 ms | SSRC=4011457692, restarts=1
bridge written=3771, dropped=58, connections/errors=107, AU-depth=0/4, bytes=0/4194304, current-age=0ms, max-depth=2, max-age=20ms, reconstruction-to-write-max=16358us
t=00:03:51 | packets=112716/112716 (132634721 bytes) | AUs complete=3861, IDR=130, incomplete=0 | gaps=0, out-of-order=0, bad-packets=0, oversized-datagrams=0, unsupported=0 | PTS-map-mismatch=0, nonmonotonic-PTS=0, key-flag-mismatch=0 | config-AUs=130, AUs-without-SPS/PPS=3731 | reassembly-depth=1/1, bytes=30321/2097152, age=7 ms/500 ms, high-water=103806 bytes/20 ms | SSRC=4011457692, restarts=1
bridge written=3801, dropped=58, connections/errors=107, AU-depth=0/4, bytes=0/4194304, current-age=0ms, max-depth=2, max-age=20ms, reconstruction-to-write-max=16358us
t=00:03:52 | packets=113542/113542 (133605986 bytes) | AUs complete=3891, IDR=131, incomplete=0 | gaps=0, out-of-order=0, bad-packets=0, oversized-datagrams=0, unsupported=0 | PTS-map-mismatch=0, nonmonotonic-PTS=0, key-flag-mismatch=0 | config-AUs=131, AUs-without-SPS/PPS=3760 | reassembly-depth=1/1, bytes=12831/2097152, age=3 ms/500 ms, high-water=103806 bytes/20 ms | SSRC=4011457692, restarts=1
bridge written=3831, dropped=58, connections/errors=107, AU-depth=0/4, bytes=0/4194304, current-age=0ms, max-depth=2, max-age=20ms, reconstruction-to-write-max=16358us
t=00:03:53 | packets=114448/114448 (134673378 bytes) | AUs complete=3922, IDR=132, incomplete=0 | gaps=0, out-of-order=0, bad-packets=0, oversized-datagrams=0, unsupported=0 | PTS-map-mismatch=0, nonmonotonic-PTS=0, key-flag-mismatch=0 | config-AUs=132, AUs-without-SPS/PPS=3790 | reassembly-depth=1/1, bytes=1171/2097152, age=0 ms/500 ms, high-water=103806 bytes/20 ms | SSRC=4011457692, restarts=1
bridge written=3862, dropped=58, connections/errors=107, AU-depth=0/4, bytes=0/4194304, current-age=0ms, max-depth=2, max-age=20ms, reconstruction-to-write-max=16358us
t=00:03:54 | packets=115307/115307 (135682587 bytes) | AUs complete=3952, IDR=133, incomplete=0 | gaps=0, out-of-order=0, bad-packets=0, oversized-datagrams=0, unsupported=0 | PTS-map-mismatch=0, nonmonotonic-PTS=0, key-flag-mismatch=0 | config-AUs=133, AUs-without-SPS/PPS=3819 | reassembly-depth=1/1, bytes=8167/2097152, age=2 ms/500 ms, high-water=103806 bytes/20 ms | SSRC=4011457692, restarts=1
bridge written=3892, dropped=58, connections/errors=107, AU-depth=0/4, bytes=0/4194304, current-age=0ms, max-depth=2, max-age=20ms, reconstruction-to-write-max=16358us
t=00:03:55 | packets=116220/116220 (136755710 bytes) | AUs complete=3982, IDR=134, incomplete=0 | gaps=0, out-of-order=0, bad-packets=0, oversized-datagrams=0, unsupported=0 | PTS-map-mismatch=0, nonmonotonic-PTS=0, key-flag-mismatch=0 | config-AUs=134, AUs-without-SPS/PPS=3848 | reassembly-depth=1/1, bytes=17495/2097152, age=3 ms/500 ms, high-water=103806 bytes/20 ms | SSRC=4011457692, restarts=1
bridge written=3922, dropped=58, connections/errors=107, AU-depth=0/4, bytes=0/4194304, current-age=0ms, max-depth=2, max-age=20ms, reconstruction-to-write-max=16358us
t=00:03:56 | packets=117054/117054 (137735922 bytes) | AUs complete=4012, IDR=135, incomplete=0 | gaps=0, out-of-order=0, bad-packets=0, oversized-datagrams=0, unsupported=0 | PTS-map-mismatch=0, nonmonotonic-PTS=0, key-flag-mismatch=0 | config-AUs=135, AUs-without-SPS/PPS=3877 | reassembly-depth=1/1, bytes=3503/2097152, age=1 ms/500 ms, high-water=103806 bytes/20 ms | SSRC=4011457692, restarts=1
bridge written=3952, dropped=58, connections/errors=107, AU-depth=0/4, bytes=0/4194304, current-age=0ms, max-depth=2, max-age=20ms, reconstruction-to-write-max=16358us
t=00:03:57 | packets=117966/117966 (138812587 bytes) | AUs complete=4042, IDR=136, incomplete=0 | gaps=0, out-of-order=0, bad-packets=0, oversized-datagrams=0, unsupported=0 | PTS-map-mismatch=0, nonmonotonic-PTS=0, key-flag-mismatch=0 | config-AUs=136, AUs-without-SPS/PPS=3906 | reassembly-depth=1/1, bytes=15163/2097152, age=2 ms/500 ms, high-water=103806 bytes/20 ms | SSRC=4011457692, restarts=1
bridge written=3982, dropped=58, connections/errors=107, AU-depth=0/4, bytes=0/4194304, current-age=0ms, max-depth=2, max-age=20ms, reconstruction-to-write-max=16358us
t=00:03:58 | packets=118816/118816 (139811703 bytes) | AUs complete=4072, IDR=137, incomplete=0 | gaps=0, out-of-order=0, bad-packets=0, oversized-datagrams=0, unsupported=0 | PTS-map-mismatch=0, nonmonotonic-PTS=0, key-flag-mismatch=0 | config-AUs=137, AUs-without-SPS/PPS=3935 | reassembly-depth=1/1, bytes=13997/2097152, age=2 ms/500 ms, high-water=103806 bytes/20 ms | SSRC=4011457692, restarts=1
bridge written=4012, dropped=58, connections/errors=107, AU-depth=0/4, bytes=0/4194304, current-age=0ms, max-depth=2, max-age=20ms, reconstruction-to-write-max=16358us
t=00:03:59 | packets=119737/119737 (140897886 bytes) | AUs complete=4103, IDR=138, incomplete=0 | gaps=0, out-of-order=0, bad-packets=0, oversized-datagrams=0, unsupported=0 | PTS-map-mismatch=0, nonmonotonic-PTS=0, key-flag-mismatch=0 | config-AUs=138, AUs-without-SPS/PPS=3965 | reassembly-depth=1/1, bytes=1171/2097152, age=0 ms/500 ms, high-water=103806 bytes/20 ms | SSRC=4011457692, restarts=1
bridge written=4043, dropped=58, connections/errors=107, AU-depth=0/4, bytes=0/4194304, current-age=0ms, max-depth=2, max-age=20ms, reconstruction-to-write-max=16358us
t=00:04:00 | packets=120582/120582 (141886461 bytes) | AUs complete=4133, IDR=139, incomplete=0 | gaps=0, out-of-order=0, bad-packets=0, oversized-datagrams=0, unsupported=0 | PTS-map-mismatch=0, nonmonotonic-PTS=0, key-flag-mismatch=0 | config-AUs=139, AUs-without-SPS/PPS=3994 | reassembly-depth=1/1, bytes=1171/2097152, age=0 ms/500 ms, high-water=103806 bytes/20 ms | SSRC=4011457692, restarts=1
bridge written=4073, dropped=58, connections/errors=107, AU-depth=0/4, bytes=0/4194304, current-age=0ms, max-depth=2, max-age=20ms, reconstruction-to-write-max=16639us
t=00:04:01 | packets=121510/121510 (142975666 bytes) | AUs complete=4164, IDR=140, incomplete=0 | gaps=0, out-of-order=0, bad-packets=0, oversized-datagrams=0, unsupported=0 | PTS-map-mismatch=0, nonmonotonic-PTS=0, key-flag-mismatch=0 | config-AUs=140, AUs-without-SPS/PPS=4024 | reassembly-depth=1/1, bytes=1171/2097152, age=0 ms/500 ms, high-water=103806 bytes/20 ms | SSRC=4011457692, restarts=1
bridge written=4104, dropped=58, connections/errors=107, AU-depth=0/4, bytes=0/4194304, current-age=0ms, max-depth=2, max-age=20ms, reconstruction-to-write-max=16639us
t=00:04:02 | packets=122372/122372 (143985785 bytes) | AUs complete=4194, IDR=141, incomplete=0 | gaps=0, out-of-order=0, bad-packets=0, oversized-datagrams=0, unsupported=0 | PTS-map-mismatch=0, nonmonotonic-PTS=0, key-flag-mismatch=0 | config-AUs=141, AUs-without-SPS/PPS=4053 | reassembly-depth=1/1, bytes=15163/2097152, age=3 ms/500 ms, high-water=103806 bytes/20 ms | SSRC=4011457692, restarts=1
bridge written=4134, dropped=58, connections/errors=107, AU-depth=0/4, bytes=0/4194304, current-age=0ms, max-depth=2, max-age=20ms, reconstruction-to-write-max=16639us
t=00:04:03 | packets=123291/123291 (145068526 bytes) | AUs complete=4224, IDR=142, incomplete=0 | gaps=0, out-of-order=0, bad-packets=0, oversized-datagrams=0, unsupported=0 | PTS-map-mismatch=0, nonmonotonic-PTS=0, key-flag-mismatch=0 | config-AUs=142, AUs-without-SPS/PPS=4082 | reassembly-depth=1/1, bytes=11665/2097152, age=6 ms/500 ms, high-water=103806 bytes/20 ms | SSRC=4011457692, restarts=1
bridge written=4164, dropped=58, connections/errors=107, AU-depth=0/4, bytes=0/4194304, current-age=0ms, max-depth=2, max-age=20ms, reconstruction-to-write-max=16639us
t=00:04:04 | packets=124128/124128 (146052127 bytes) | AUs complete=4254, IDR=143, incomplete=0 | gaps=0, out-of-order=0, bad-packets=0, oversized-datagrams=0, unsupported=0 | PTS-map-mismatch=0, nonmonotonic-PTS=0, key-flag-mismatch=0 | config-AUs=143, AUs-without-SPS/PPS=4111 | reassembly-depth=1/1, bytes=15163/2097152, age=5 ms/500 ms, high-water=103806 bytes/20 ms | SSRC=4011457692, restarts=1
bridge written=4194, dropped=58, connections/errors=107, AU-depth=0/4, bytes=0/4194304, current-age=0ms, max-depth=2, max-age=20ms, reconstruction-to-write-max=16639us
t=00:04:05 | packets=125051/125051 (147138813 bytes) | AUs complete=4285, IDR=144, incomplete=0 | gaps=0, out-of-order=0, bad-packets=0, oversized-datagrams=0, unsupported=0 | PTS-map-mismatch=0, nonmonotonic-PTS=0, key-flag-mismatch=0 | config-AUs=144, AUs-without-SPS/PPS=4141 | reassembly-depth=1/1, bytes=1171/2097152, age=0 ms/500 ms, high-water=103806 bytes/20 ms | SSRC=4011457692, restarts=1
bridge written=4225, dropped=58, connections/errors=107, AU-depth=0/4, bytes=0/4194304, current-age=0ms, max-depth=2, max-age=20ms, reconstruction-to-write-max=16639us
t=00:04:07 | packets=125890/125890 (148122675 bytes) | AUs complete=4315, IDR=145, incomplete=0 | gaps=0, out-of-order=0, bad-packets=0, oversized-datagrams=0, unsupported=0 | PTS-map-mismatch=0, nonmonotonic-PTS=0, key-flag-mismatch=0 | config-AUs=145, AUs-without-SPS/PPS=4170 | reassembly-depth=1/1, bytes=1171/2097152, age=0 ms/500 ms, high-water=103806 bytes/20 ms | SSRC=4011457692, restarts=1
bridge written=4255, dropped=58, connections/errors=107, AU-depth=0/4, bytes=0/4194304, current-age=0ms, max-depth=2, max-age=20ms, reconstruction-to-write-max=16639us
t=00:04:08 | packets=126794/126794 (149186552 bytes) | AUs complete=4345, IDR=146, incomplete=0 | gaps=0, out-of-order=0, bad-packets=0, oversized-datagrams=0, unsupported=0 | PTS-map-mismatch=0, nonmonotonic-PTS=0, key-flag-mismatch=0 | config-AUs=146, AUs-without-SPS/PPS=4199 | reassembly-depth=1/1, bytes=1171/2097152, age=0 ms/500 ms, high-water=103806 bytes/20 ms | SSRC=4011457692, restarts=1
bridge written=4285, dropped=58, connections/errors=107, AU-depth=0/4, bytes=0/4194304, current-age=0ms, max-depth=2, max-age=20ms, reconstruction-to-write-max=16639us
t=00:04:09 | packets=127644/127644 (150186815 bytes) | AUs complete=4375, IDR=147, incomplete=0 | gaps=0, out-of-order=0, bad-packets=0, oversized-datagrams=0, unsupported=0 | PTS-map-mismatch=0, nonmonotonic-PTS=0, key-flag-mismatch=0 | config-AUs=147, AUs-without-SPS/PPS=4228 | reassembly-depth=1/1, bytes=10499/2097152, age=3 ms/500 ms, high-water=103806 bytes/20 ms | SSRC=4011457692, restarts=1
bridge written=4315, dropped=58, connections/errors=107, AU-depth=0/4, bytes=0/4194304, current-age=0ms, max-depth=2, max-age=20ms, reconstruction-to-write-max=16639us
t=00:04:10 | packets=128573/128573 (151280886 bytes) | AUs complete=4406, IDR=148, incomplete=0 | gaps=0, out-of-order=0, bad-packets=0, oversized-datagrams=0, unsupported=0 | PTS-map-mismatch=0, nonmonotonic-PTS=0, key-flag-mismatch=0 | config-AUs=148, AUs-without-SPS/PPS=4258 | reassembly-depth=1/1, bytes=1171/2097152, age=0 ms/500 ms, high-water=103806 bytes/20 ms | SSRC=4011457692, restarts=1
bridge written=4346, dropped=58, connections/errors=107, AU-depth=0/4, bytes=0/4194304, current-age=0ms, max-depth=2, max-age=20ms, reconstruction-to-write-max=16639us
t=00:04:11 | packets=129422/129422 (152278013 bytes) | AUs complete=4436, IDR=149, incomplete=0 | gaps=0, out-of-order=0, bad-packets=0, oversized-datagrams=0, unsupported=0 | PTS-map-mismatch=0, nonmonotonic-PTS=0, key-flag-mismatch=0 | config-AUs=149, AUs-without-SPS/PPS=4287 | reassembly-depth=1/1, bytes=1171/2097152, age=0 ms/500 ms, high-water=103806 bytes/20 ms | SSRC=4011457692, restarts=1
bridge written=4376, dropped=58, connections/errors=107, AU-depth=0/4, bytes=0/4194304, current-age=0ms, max-depth=2, max-age=20ms, reconstruction-to-write-max=16639us
t=00:04:12 | packets=130332/130332 (153349743 bytes) | AUs complete=4466, IDR=150, incomplete=0 | gaps=0, out-of-order=0, bad-packets=0, oversized-datagrams=0, unsupported=0 | PTS-map-mismatch=0, nonmonotonic-PTS=0, key-flag-mismatch=0 | config-AUs=150, AUs-without-SPS/PPS=4316 | reassembly-depth=1/1, bytes=1171/2097152, age=0 ms/500 ms, high-water=103806 bytes/20 ms | SSRC=4011457692, restarts=1
bridge written=4406, dropped=58, connections/errors=107, AU-depth=0/4, bytes=0/4194304, current-age=0ms, max-depth=2, max-age=20ms, reconstruction-to-write-max=16639us
t=00:04:13 | packets=131191/131191 (154357861 bytes) | AUs complete=4497, IDR=151, incomplete=0 | gaps=0, out-of-order=0, bad-packets=0, oversized-datagrams=0, unsupported=0 | PTS-map-mismatch=0, nonmonotonic-PTS=0, key-flag-mismatch=0 | config-AUs=151, AUs-without-SPS/PPS=4346 | reassembly-depth=1/1, bytes=1171/2097152, age=0 ms/500 ms, high-water=103806 bytes/20 ms | SSRC=4011457692, restarts=1
bridge written=4437, dropped=58, connections/errors=107, AU-depth=0/4, bytes=0/4194304, current-age=0ms, max-depth=2, max-age=20ms, reconstruction-to-write-max=16639us
t=00:04:14 | packets=132129/132129 (155464657 bytes) | AUs complete=4527, IDR=152, incomplete=0 | gaps=0, out-of-order=0, bad-packets=0, oversized-datagrams=0, unsupported=0 | PTS-map-mismatch=0, nonmonotonic-PTS=0, key-flag-mismatch=0 | config-AUs=152, AUs-without-SPS/PPS=4375 | reassembly-depth=1/1, bytes=22159/2097152, age=1 ms/500 ms, high-water=103806 bytes/20 ms | SSRC=4011457692, restarts=1
bridge written=4467, dropped=58, connections/errors=107, AU-depth=0/4, bytes=0/4194304, current-age=0ms, max-depth=2, max-age=20ms, reconstruction-to-write-max=16639us
t=00:04:15 | packets=132968/132968 (156451309 bytes) | AUs complete=4558, IDR=153, incomplete=0 | gaps=0, out-of-order=0, bad-packets=0, oversized-datagrams=0, unsupported=0 | PTS-map-mismatch=0, nonmonotonic-PTS=0, key-flag-mismatch=0 | config-AUs=153, AUs-without-SPS/PPS=4405 | reassembly-depth=1/1, bytes=1171/2097152, age=0 ms/500 ms, high-water=103806 bytes/20 ms | SSRC=4011457692, restarts=1
bridge written=4498, dropped=58, connections/errors=107, AU-depth=0/4, bytes=0/4194304, current-age=0ms, max-depth=2, max-age=20ms, reconstruction-to-write-max=16639us
t=00:04:16 | packets=133892/133892 (157536250 bytes) | AUs complete=4588, IDR=154, incomplete=0 | gaps=0, out-of-order=0, bad-packets=0, oversized-datagrams=0, unsupported=0 | PTS-map-mismatch=0, nonmonotonic-PTS=0, key-flag-mismatch=0 | config-AUs=154, AUs-without-SPS/PPS=4434 | reassembly-depth=1/1, bytes=1171/2097152, age=0 ms/500 ms, high-water=103806 bytes/20 ms | SSRC=4011457692, restarts=1
bridge written=4528, dropped=58, connections/errors=107, AU-depth=0/4, bytes=0/4194304, current-age=0ms, max-depth=2, max-age=20ms, reconstruction-to-write-max=16639us
t=00:04:17 | packets=134719/134719 (158511904 bytes) | AUs complete=4618, IDR=155, incomplete=0 | gaps=0, out-of-order=0, bad-packets=0, oversized-datagrams=0, unsupported=0 | PTS-map-mismatch=0, nonmonotonic-PTS=0, key-flag-mismatch=0 | config-AUs=155, AUs-without-SPS/PPS=4463 | reassembly-depth=1/1, bytes=1171/2097152, age=0 ms/500 ms, high-water=103806 bytes/20 ms | SSRC=4011457692, restarts=1
bridge written=4558, dropped=58, connections/errors=107, AU-depth=0/4, bytes=0/4194304, current-age=0ms, max-depth=2, max-age=20ms, reconstruction-to-write-max=16639us
t=00:04:18 | packets=135664/135664 (159625335 bytes) | AUs complete=4648, IDR=156, incomplete=0 | gaps=0, out-of-order=0, bad-packets=0, oversized-datagrams=0, unsupported=0 | PTS-map-mismatch=0, nonmonotonic-PTS=0, key-flag-mismatch=0 | config-AUs=156, AUs-without-SPS/PPS=4492 | reassembly-depth=1/1, bytes=27989/2097152, age=6 ms/500 ms, high-water=103806 bytes/20 ms | SSRC=4011457692, restarts=1
bridge written=4588, dropped=58, connections/errors=107, AU-depth=0/4, bytes=0/4194304, current-age=0ms, max-depth=2, max-age=20ms, reconstruction-to-write-max=16639us
t=00:04:19 | packets=136491/136491 (160598885 bytes) | AUs complete=4679, IDR=157, incomplete=0 | gaps=0, out-of-order=0, bad-packets=0, oversized-datagrams=0, unsupported=0 | PTS-map-mismatch=0, nonmonotonic-PTS=0, key-flag-mismatch=0 | config-AUs=157, AUs-without-SPS/PPS=4522 | reassembly-depth=1/1, bytes=1171/2097152, age=0 ms/500 ms, high-water=103806 bytes/20 ms | SSRC=4011457692, restarts=1
bridge written=4619, dropped=58, connections/errors=107, AU-depth=0/4, bytes=0/4194304, current-age=0ms, max-depth=2, max-age=20ms, reconstruction-to-write-max=16639us
t=00:04:20 | packets=137409/137409 (161678186 bytes) | AUs complete=4709, IDR=158, incomplete=0 | gaps=0, out-of-order=0, bad-packets=0, oversized-datagrams=0, unsupported=0 | PTS-map-mismatch=0, nonmonotonic-PTS=0, key-flag-mismatch=0 | config-AUs=158, AUs-without-SPS/PPS=4551 | reassembly-depth=1/1, bytes=9333/2097152, age=1 ms/500 ms, high-water=103806 bytes/20 ms | SSRC=4011457692, restarts=1
bridge written=4649, dropped=58, connections/errors=107, AU-depth=0/4, bytes=0/4194304, current-age=0ms, max-depth=2, max-age=20ms, reconstruction-to-write-max=16639us
t=00:04:21 | packets=138290/138290 (162717953 bytes) | AUs complete=4739, IDR=159, incomplete=0 | gaps=0, out-of-order=0, bad-packets=0, oversized-datagrams=0, unsupported=0 | PTS-map-mismatch=0, nonmonotonic-PTS=0, key-flag-mismatch=0 | config-AUs=159, AUs-without-SPS/PPS=4580 | reassembly-depth=1/1, bytes=7001/2097152, age=1 ms/500 ms, high-water=103806 bytes/20 ms | SSRC=4011457692, restarts=1
bridge written=4679, dropped=58, connections/errors=107, AU-depth=0/4, bytes=0/4194304, current-age=0ms, max-depth=2, max-age=20ms, reconstruction-to-write-max=16639us
t=00:04:22 | packets=139161/139161 (163746421 bytes) | AUs complete=4769, IDR=160, incomplete=0 | gaps=0, out-of-order=0, bad-packets=0, oversized-datagrams=0, unsupported=0 | PTS-map-mismatch=0, nonmonotonic-PTS=0, key-flag-mismatch=0 | config-AUs=160, AUs-without-SPS/PPS=4609 | reassembly-depth=1/1, bytes=25657/2097152, age=3 ms/500 ms, high-water=103806 bytes/20 ms | SSRC=4011457692, restarts=1
bridge written=4709, dropped=58, connections/errors=107, AU-depth=0/4, bytes=0/4194304, current-age=0ms, max-depth=2, max-age=20ms, reconstruction-to-write-max=16639us
t=00:04:23 | packets=140066/140066 (164811132 bytes) | AUs complete=4800, IDR=161, incomplete=0 | gaps=0, out-of-order=0, bad-packets=0, oversized-datagrams=0, unsupported=0 | PTS-map-mismatch=0, nonmonotonic-PTS=0, key-flag-mismatch=0 | config-AUs=161, AUs-without-SPS/PPS=4639 | reassembly-depth=1/1, bytes=1171/2097152, age=0 ms/500 ms, high-water=103806 bytes/20 ms | SSRC=4011457692, restarts=1
bridge written=4740, dropped=58, connections/errors=107, AU-depth=0/4, bytes=0/4194304, current-age=0ms, max-depth=2, max-age=20ms, reconstruction-to-write-max=16639us
t=00:04:24 | packets=140953/140953 (165853310 bytes) | AUs complete=4831, IDR=162, incomplete=0 | gaps=0, out-of-order=0, bad-packets=0, oversized-datagrams=0, unsupported=0 | PTS-map-mismatch=0, nonmonotonic-PTS=0, key-flag-mismatch=0 | config-AUs=162, AUs-without-SPS/PPS=4669 | reassembly-depth=1/1, bytes=25/2097152, age=0 ms/500 ms, high-water=103806 bytes/20 ms | SSRC=4011457692, restarts=1
bridge written=4771, dropped=58, connections/errors=107, AU-depth=0/4, bytes=0/4194304, current-age=0ms, max-depth=2, max-age=20ms, reconstruction-to-write-max=16639us
t=00:04:25 | packets=141813/141813 (166866761 bytes) | AUs complete=4861, IDR=163, incomplete=0 | gaps=0, out-of-order=0, bad-packets=0, oversized-datagrams=0, unsupported=0 | PTS-map-mismatch=0, nonmonotonic-PTS=0, key-flag-mismatch=0 | config-AUs=163, AUs-without-SPS/PPS=4698 | reassembly-depth=1/1, bytes=25/2097152, age=0 ms/500 ms, high-water=103806 bytes/20 ms | SSRC=4011457692, restarts=1
bridge written=4801, dropped=58, connections/errors=107, AU-depth=0/4, bytes=0/4194304, current-age=0ms, max-depth=2, max-age=20ms, reconstruction-to-write-max=16639us
t=00:04:26 | packets=142790/142790 (168019305 bytes) | AUs complete=4891, IDR=164, incomplete=0 | gaps=0, out-of-order=0, bad-packets=0, oversized-datagrams=0, unsupported=0 | PTS-map-mismatch=0, nonmonotonic-PTS=0, key-flag-mismatch=0 | config-AUs=164, AUs-without-SPS/PPS=4727 | reassembly-depth=1/1, bytes=56006/2097152, age=5 ms/500 ms, high-water=103806 bytes/20 ms | SSRC=4011457692, restarts=1
bridge written=4831, dropped=58, connections/errors=107, AU-depth=0/4, bytes=0/4194304, current-age=0ms, max-depth=2, max-age=20ms, reconstruction-to-write-max=16639us
t=00:04:27 | packets=143640/143640 (169015522 bytes) | AUs complete=4922, IDR=166, incomplete=0 | gaps=0, out-of-order=0, bad-packets=0, oversized-datagrams=0, unsupported=0 | PTS-map-mismatch=0, nonmonotonic-PTS=0, key-flag-mismatch=0 | config-AUs=166, AUs-without-SPS/PPS=4756 | reassembly-depth=1/1, bytes=1171/2097152, age=0 ms/500 ms, high-water=103806 bytes/20 ms | SSRC=4011457692, restarts=1
bridge written=4862, dropped=58, connections/errors=107, AU-depth=0/4, bytes=0/4194304, current-age=0ms, max-depth=2, max-age=20ms, reconstruction-to-write-max=16639us
t=00:04:28 | packets=144490/144490 (170016167 bytes) | AUs complete=4952, IDR=167, incomplete=0 | gaps=0, out-of-order=0, bad-packets=0, oversized-datagrams=0, unsupported=0 | PTS-map-mismatch=0, nonmonotonic-PTS=0, key-flag-mismatch=0 | config-AUs=167, AUs-without-SPS/PPS=4785 | reassembly-depth=1/1, bytes=1171/2097152, age=0 ms/500 ms, high-water=103806 bytes/20 ms | SSRC=4011457692, restarts=1
bridge written=4892, dropped=58, connections/errors=107, AU-depth=0/4, bytes=0/4194304, current-age=0ms, max-depth=2, max-age=20ms, reconstruction-to-write-max=16639us
t=00:04:29 | packets=145414/145414 (171104388 bytes) | AUs complete=4982, IDR=168, incomplete=0 | gaps=0, out-of-order=0, bad-packets=0, oversized-datagrams=0, unsupported=0 | PTS-map-mismatch=0, nonmonotonic-PTS=0, key-flag-mismatch=0 | config-AUs=168, AUs-without-SPS/PPS=4814 | reassembly-depth=1/1, bytes=27989/2097152, age=4 ms/500 ms, high-water=103806 bytes/20 ms | SSRC=4011457692, restarts=1
bridge written=4922, dropped=58, connections/errors=107, AU-depth=0/4, bytes=0/4194304, current-age=0ms, max-depth=2, max-age=20ms, reconstruction-to-write-max=16639us
t=00:04:30 | packets=146295/146295 (172141638 bytes) | AUs complete=5012, IDR=169, incomplete=0 | gaps=0, out-of-order=0, bad-packets=0, oversized-datagrams=0, unsupported=0 | PTS-map-mismatch=0, nonmonotonic-PTS=0, key-flag-mismatch=0 | config-AUs=169, AUs-without-SPS/PPS=4843 | reassembly-depth=1/1, bytes=36151/2097152, age=4 ms/500 ms, high-water=103806 bytes/20 ms | SSRC=4011457692, restarts=1
bridge written=4952, dropped=58, connections/errors=107, AU-depth=0/4, bytes=0/4194304, current-age=0ms, max-depth=2, max-age=20ms, reconstruction-to-write-max=16639us
t=00:04:31 | packets=147128/147128 (173119511 bytes) | AUs complete=5042, IDR=170, incomplete=0 | gaps=0, out-of-order=0, bad-packets=0, oversized-datagrams=0, unsupported=0 | PTS-map-mismatch=0, nonmonotonic-PTS=0, key-flag-mismatch=0 | config-AUs=170, AUs-without-SPS/PPS=4872 | reassembly-depth=1/1, bytes=25657/2097152, age=8 ms/500 ms, high-water=103806 bytes/20 ms | SSRC=4011457692, restarts=1
bridge written=4982, dropped=58, connections/errors=107, AU-depth=0/4, bytes=0/4194304, current-age=0ms, max-depth=2, max-age=20ms, reconstruction-to-write-max=16639us
t=00:04:32 | packets=148024/148024 (174174991 bytes) | AUs complete=5072, IDR=171, incomplete=0 | gaps=0, out-of-order=0, bad-packets=0, oversized-datagrams=0, unsupported=0 | PTS-map-mismatch=0, nonmonotonic-PTS=0, key-flag-mismatch=0 | config-AUs=171, AUs-without-SPS/PPS=4901 | reassembly-depth=1/1, bytes=24491/2097152, age=2 ms/500 ms, high-water=103806 bytes/20 ms | SSRC=4011457692, restarts=1
bridge written=5012, dropped=58, connections/errors=107, AU-depth=0/4, bytes=0/4194304, current-age=0ms, max-depth=2, max-age=20ms, reconstruction-to-write-max=16639us
t=00:04:33 | packets=148909/148909 (175215327 bytes) | AUs complete=5103, IDR=172, incomplete=0 | gaps=0, out-of-order=0, bad-packets=0, oversized-datagrams=0, unsupported=0 | PTS-map-mismatch=0, nonmonotonic-PTS=0, key-flag-mismatch=0 | config-AUs=172, AUs-without-SPS/PPS=4931 | reassembly-depth=1/1, bytes=1171/2097152, age=0 ms/500 ms, high-water=103806 bytes/20 ms | SSRC=4011457692, restarts=1
bridge written=5043, dropped=58, connections/errors=107, AU-depth=0/4, bytes=0/4194304, current-age=0ms, max-depth=2, max-age=20ms, reconstruction-to-write-max=16639us
t=00:04:34 | packets=149823/149823 (176292798 bytes) | AUs complete=5133, IDR=173, incomplete=0 | gaps=0, out-of-order=0, bad-packets=0, oversized-datagrams=0, unsupported=0 | PTS-map-mismatch=0, nonmonotonic-PTS=0, key-flag-mismatch=0 | config-AUs=173, AUs-without-SPS/PPS=4960 | reassembly-depth=1/1, bytes=18661/2097152, age=6 ms/500 ms, high-water=103806 bytes/20 ms | SSRC=4011457692, restarts=1
bridge written=5073, dropped=58, connections/errors=107, AU-depth=0/4, bytes=0/4194304, current-age=0ms, max-depth=2, max-age=20ms, reconstruction-to-write-max=16639us
t=00:04:35 | packets=150683/150683 (177307163 bytes) | AUs complete=5163, IDR=174, incomplete=0 | gaps=0, out-of-order=0, bad-packets=0, oversized-datagrams=0, unsupported=0 | PTS-map-mismatch=0, nonmonotonic-PTS=0, key-flag-mismatch=0 | config-AUs=174, AUs-without-SPS/PPS=4989 | reassembly-depth=1/1, bytes=7001/2097152, age=1 ms/500 ms, high-water=103806 bytes/20 ms | SSRC=4011457692, restarts=1
bridge written=5103, dropped=58, connections/errors=107, AU-depth=0/4, bytes=0/4194304, current-age=0ms, max-depth=2, max-age=20ms, reconstruction-to-write-max=16639us
t=00:04:36 | packets=151538/151538 (178311906 bytes) | AUs complete=5193, IDR=175, incomplete=0 | gaps=0, out-of-order=0, bad-packets=0, oversized-datagrams=0, unsupported=0 | PTS-map-mismatch=0, nonmonotonic-PTS=0, key-flag-mismatch=0 | config-AUs=175, AUs-without-SPS/PPS=5018 | reassembly-depth=1/1, bytes=1171/2097152, age=0 ms/500 ms, high-water=103806 bytes/20 ms | SSRC=4011457692, restarts=1
bridge written=5133, dropped=58, connections/errors=107, AU-depth=0/4, bytes=0/4194304, current-age=0ms, max-depth=2, max-age=20ms, reconstruction-to-write-max=16639us
t=00:04:37 | packets=152398/152398 (179322928 bytes) | AUs complete=5223, IDR=176, incomplete=0 | gaps=0, out-of-order=0, bad-packets=0, oversized-datagrams=0, unsupported=0 | PTS-map-mismatch=0, nonmonotonic-PTS=0, key-flag-mismatch=0 | config-AUs=176, AUs-without-SPS/PPS=5047 | reassembly-depth=1/1, bytes=16329/2097152, age=6 ms/500 ms, high-water=103806 bytes/20 ms | SSRC=4011457692, restarts=1
bridge written=5163, dropped=58, connections/errors=107, AU-depth=0/4, bytes=0/4194304, current-age=0ms, max-depth=2, max-age=20ms, reconstruction-to-write-max=16639us
t=00:04:38 | packets=153323/153323 (180411550 bytes) | AUs complete=5253, IDR=177, incomplete=0 | gaps=0, out-of-order=0, bad-packets=0, oversized-datagrams=0, unsupported=0 | PTS-map-mismatch=0, nonmonotonic-PTS=0, key-flag-mismatch=0 | config-AUs=177, AUs-without-SPS/PPS=5076 | reassembly-depth=1/1, bytes=18661/2097152, age=2 ms/500 ms, high-water=103806 bytes/20 ms | SSRC=4011457692, restarts=1
bridge written=5193, dropped=58, connections/errors=107, AU-depth=0/4, bytes=0/4194304, current-age=0ms, max-depth=2, max-age=20ms, reconstruction-to-write-max=16639us
t=00:04:39 | packets=154197/154197 (181440460 bytes) | AUs complete=5284, IDR=178, incomplete=0 | gaps=0, out-of-order=0, bad-packets=0, oversized-datagrams=0, unsupported=0 | PTS-map-mismatch=0, nonmonotonic-PTS=0, key-flag-mismatch=0 | config-AUs=178, AUs-without-SPS/PPS=5106 | reassembly-depth=1/1, bytes=1171/2097152, age=0 ms/500 ms, high-water=103806 bytes/20 ms | SSRC=4011457692, restarts=1
bridge written=5224, dropped=58, connections/errors=107, AU-depth=0/4, bytes=0/4194304, current-age=0ms, max-depth=2, max-age=20ms, reconstruction-to-write-max=16639us
t=00:04:40 | packets=155090/155090 (182491498 bytes) | AUs complete=5314, IDR=179, incomplete=0 | gaps=0, out-of-order=0, bad-packets=0, oversized-datagrams=0, unsupported=0 | PTS-map-mismatch=0, nonmonotonic-PTS=0, key-flag-mismatch=0 | config-AUs=179, AUs-without-SPS/PPS=5135 | reassembly-depth=1/1, bytes=1171/2097152, age=0 ms/500 ms, high-water=103806 bytes/20 ms | SSRC=4011457692, restarts=1
bridge written=5254, dropped=58, connections/errors=107, AU-depth=0/4, bytes=0/4194304, current-age=0ms, max-depth=2, max-age=20ms, reconstruction-to-write-max=16639us
t=00:04:41 | packets=155972/155972 (183532601 bytes) | AUs complete=5344, IDR=180, incomplete=0 | gaps=0, out-of-order=0, bad-packets=0, oversized-datagrams=0, unsupported=0 | PTS-map-mismatch=0, nonmonotonic-PTS=0, key-flag-mismatch=0 | config-AUs=180, AUs-without-SPS/PPS=5164 | reassembly-depth=1/1, bytes=8167/2097152, age=1 ms/500 ms, high-water=103806 bytes/20 ms | SSRC=4011457692, restarts=1
bridge written=5284, dropped=58, connections/errors=107, AU-depth=0/4, bytes=0/4194304, current-age=0ms, max-depth=2, max-age=20ms, reconstruction-to-write-max=16639us
t=00:04:42 | packets=156847/156847 (184562007 bytes) | AUs complete=5375, IDR=181, incomplete=0 | gaps=0, out-of-order=0, bad-packets=0, oversized-datagrams=0, unsupported=0 | PTS-map-mismatch=0, nonmonotonic-PTS=0, key-flag-mismatch=0 | config-AUs=181, AUs-without-SPS/PPS=5194 | reassembly-depth=1/1, bytes=1171/2097152, age=0 ms/500 ms, high-water=103806 bytes/20 ms | SSRC=4011457692, restarts=1
bridge written=5315, dropped=58, connections/errors=107, AU-depth=0/4, bytes=0/4194304, current-age=0ms, max-depth=2, max-age=20ms, reconstruction-to-write-max=17060us
t=00:04:43 | packets=157715/157715 (185582636 bytes) | AUs complete=5405, IDR=182, incomplete=0 | gaps=0, out-of-order=0, bad-packets=0, oversized-datagrams=0, unsupported=0 | PTS-map-mismatch=0, nonmonotonic-PTS=0, key-flag-mismatch=0 | config-AUs=182, AUs-without-SPS/PPS=5223 | reassembly-depth=1/1, bytes=1171/2097152, age=0 ms/500 ms, high-water=103806 bytes/20 ms | SSRC=4011457692, restarts=1
bridge written=5345, dropped=58, connections/errors=107, AU-depth=0/4, bytes=0/4194304, current-age=0ms, max-depth=2, max-age=20ms, reconstruction-to-write-max=17060us
t=00:04:44 | packets=158576/158576 (186595625 bytes) | AUs complete=5435, IDR=183, incomplete=0 | gaps=0, out-of-order=0, bad-packets=0, oversized-datagrams=0, unsupported=0 | PTS-map-mismatch=0, nonmonotonic-PTS=0, key-flag-mismatch=0 | config-AUs=183, AUs-without-SPS/PPS=5252 | reassembly-depth=1/1, bytes=1171/2097152, age=0 ms/500 ms, high-water=103806 bytes/20 ms | SSRC=4011457692, restarts=1
bridge written=5375, dropped=58, connections/errors=107, AU-depth=0/4, bytes=0/4194304, current-age=0ms, max-depth=2, max-age=20ms, reconstruction-to-write-max=17060us
t=00:04:45 | packets=159476/159476 (187653033 bytes) | AUs complete=5465, IDR=184, incomplete=0 | gaps=0, out-of-order=0, bad-packets=0, oversized-datagrams=0, unsupported=0 | PTS-map-mismatch=0, nonmonotonic-PTS=0, key-flag-mismatch=0 | config-AUs=184, AUs-without-SPS/PPS=5281 | reassembly-depth=1/1, bytes=18661/2097152, age=1 ms/500 ms, high-water=103806 bytes/20 ms | SSRC=4011457692, restarts=1
bridge written=5405, dropped=58, connections/errors=107, AU-depth=0/4, bytes=0/4194304, current-age=0ms, max-depth=2, max-age=20ms, reconstruction-to-write-max=17060us
t=00:04:46 | packets=160346/160346 (188676448 bytes) | AUs complete=5495, IDR=185, incomplete=0 | gaps=0, out-of-order=0, bad-packets=0, oversized-datagrams=0, unsupported=0 | PTS-map-mismatch=0, nonmonotonic-PTS=0, key-flag-mismatch=0 | config-AUs=185, AUs-without-SPS/PPS=5310 | reassembly-depth=1/1, bytes=29155/2097152, age=4 ms/500 ms, high-water=103806 bytes/20 ms | SSRC=4011457692, restarts=1
bridge written=5435, dropped=58, connections/errors=107, AU-depth=0/4, bytes=0/4194304, current-age=0ms, max-depth=2, max-age=20ms, reconstruction-to-write-max=17060us
t=00:04:47 | packets=161205/161205 (189682596 bytes) | AUs complete=5526, IDR=186, incomplete=0 | gaps=0, out-of-order=0, bad-packets=0, oversized-datagrams=0, unsupported=0 | PTS-map-mismatch=0, nonmonotonic-PTS=0, key-flag-mismatch=0 | config-AUs=186, AUs-without-SPS/PPS=5340 | reassembly-depth=1/1, bytes=1171/2097152, age=0 ms/500 ms, high-water=103806 bytes/20 ms | SSRC=4011457692, restarts=1
bridge written=5466, dropped=58, connections/errors=107, AU-depth=0/4, bytes=0/4194304, current-age=0ms, max-depth=2, max-age=20ms, reconstruction-to-write-max=17060us
t=00:04:48 | packets=162089/162089 (190722179 bytes) | AUs complete=5557, IDR=187, incomplete=0 | gaps=0, out-of-order=0, bad-packets=0, oversized-datagrams=0, unsupported=0 | PTS-map-mismatch=0, nonmonotonic-PTS=0, key-flag-mismatch=0 | config-AUs=187, AUs-without-SPS/PPS=5370 | reassembly-depth=1/1, bytes=1171/2097152, age=0 ms/500 ms, high-water=103806 bytes/20 ms | SSRC=4011457692, restarts=1
bridge written=5497, dropped=58, connections/errors=107, AU-depth=0/4, bytes=0/4194304, current-age=0ms, max-depth=2, max-age=20ms, reconstruction-to-write-max=17060us
t=00:04:49 | packets=163018/163018 (191818768 bytes) | AUs complete=5587, IDR=188, incomplete=0 | gaps=0, out-of-order=0, bad-packets=0, oversized-datagrams=0, unsupported=0 | PTS-map-mismatch=0, nonmonotonic-PTS=0, key-flag-mismatch=0 | config-AUs=188, AUs-without-SPS/PPS=5399 | reassembly-depth=1/1, bytes=1171/2097152, age=0 ms/500 ms, high-water=103806 bytes/20 ms | SSRC=4011457692, restarts=1
bridge written=5527, dropped=58, connections/errors=107, AU-depth=0/4, bytes=0/4194304, current-age=0ms, max-depth=2, max-age=20ms, reconstruction-to-write-max=17060us
t=00:04:50 | packets=163902/163902 (192857883 bytes) | AUs complete=5618, IDR=189, incomplete=0 | gaps=0, out-of-order=0, bad-packets=0, oversized-datagrams=0, unsupported=0 | PTS-map-mismatch=0, nonmonotonic-PTS=0, key-flag-mismatch=0 | config-AUs=189, AUs-without-SPS/PPS=5429 | reassembly-depth=1/1, bytes=1171/2097152, age=0 ms/500 ms, high-water=103806 bytes/20 ms | SSRC=4011457692, restarts=1
bridge written=5558, dropped=58, connections/errors=107, AU-depth=0/4, bytes=0/4194304, current-age=0ms, max-depth=2, max-age=20ms, reconstruction-to-write-max=17060us
t=00:04:51 | packets=164776/164776 (193884798 bytes) | AUs complete=5648, IDR=190, incomplete=0 | gaps=0, out-of-order=0, bad-packets=0, oversized-datagrams=0, unsupported=0 | PTS-map-mismatch=0, nonmonotonic-PTS=0, key-flag-mismatch=0 | config-AUs=190, AUs-without-SPS/PPS=5458 | reassembly-depth=1/1, bytes=1171/2097152, age=0 ms/500 ms, high-water=103806 bytes/20 ms | SSRC=4011457692, restarts=1
bridge written=5588, dropped=58, connections/errors=107, AU-depth=0/4, bytes=0/4194304, current-age=0ms, max-depth=2, max-age=20ms, reconstruction-to-write-max=17060us
t=00:04:52 | packets=165662/165662 (194929044 bytes) | AUs complete=5678, IDR=191, incomplete=0 | gaps=0, out-of-order=0, bad-packets=0, oversized-datagrams=0, unsupported=0 | PTS-map-mismatch=0, nonmonotonic-PTS=0, key-flag-mismatch=0 | config-AUs=191, AUs-without-SPS/PPS=5487 | reassembly-depth=1/1, bytes=4669/2097152, age=0 ms/500 ms, high-water=103806 bytes/20 ms | SSRC=4011457692, restarts=1
bridge written=5618, dropped=58, connections/errors=107, AU-depth=0/4, bytes=0/4194304, current-age=0ms, max-depth=2, max-age=20ms, reconstruction-to-write-max=17060us
t=00:04:53 | packets=166525/166525 (195941328 bytes) | AUs complete=5708, IDR=192, incomplete=0 | gaps=0, out-of-order=0, bad-packets=0, oversized-datagrams=0, unsupported=0 | PTS-map-mismatch=0, nonmonotonic-PTS=0, key-flag-mismatch=0 | config-AUs=192, AUs-without-SPS/PPS=5516 | reassembly-depth=1/1, bytes=11665/2097152, age=0 ms/500 ms, high-water=103806 bytes/20 ms | SSRC=4011457692, restarts=1
bridge written=5648, dropped=58, connections/errors=107, AU-depth=0/4, bytes=0/4194304, current-age=0ms, max-depth=2, max-age=20ms, reconstruction-to-write-max=17060us
t=00:04:54 | packets=167444/167444 (197027836 bytes) | AUs complete=5738, IDR=193, incomplete=0 | gaps=0, out-of-order=0, bad-packets=0, oversized-datagrams=0, unsupported=0 | PTS-map-mismatch=0, nonmonotonic-PTS=0, key-flag-mismatch=0 | config-AUs=193, AUs-without-SPS/PPS=5545 | reassembly-depth=1/1, bytes=27989/2097152, age=5 ms/500 ms, high-water=103806 bytes/20 ms | SSRC=4011457692, restarts=1
bridge written=5678, dropped=58, connections/errors=107, AU-depth=0/4, bytes=0/4194304, current-age=0ms, max-depth=2, max-age=20ms, reconstruction-to-write-max=17060us
t=00:04:55 | packets=168347/168347 (198088534 bytes) | AUs complete=5768, IDR=194, incomplete=0 | gaps=0, out-of-order=0, bad-packets=0, oversized-datagrams=0, unsupported=0 | PTS-map-mismatch=0, nonmonotonic-PTS=0, key-flag-mismatch=0 | config-AUs=194, AUs-without-SPS/PPS=5574 | reassembly-depth=1/1, bytes=24491/2097152, age=3 ms/500 ms, high-water=103806 bytes/20 ms | SSRC=4011457692, restarts=1
bridge written=5708, dropped=58, connections/errors=107, AU-depth=0/4, bytes=0/4194304, current-age=0ms, max-depth=2, max-age=20ms, reconstruction-to-write-max=17060us
t=00:04:56 | packets=169214/169214 (199108943 bytes) | AUs complete=5799, IDR=195, incomplete=0 | gaps=0, out-of-order=0, bad-packets=0, oversized-datagrams=0, unsupported=0 | PTS-map-mismatch=0, nonmonotonic-PTS=0, key-flag-mismatch=0 | config-AUs=195, AUs-without-SPS/PPS=5604 | reassembly-depth=1/1, bytes=1171/2097152, age=0 ms/500 ms, high-water=103806 bytes/20 ms | SSRC=4011457692, restarts=1
bridge written=5739, dropped=58, connections/errors=107, AU-depth=0/4, bytes=0/4194304, current-age=0ms, max-depth=2, max-age=20ms, reconstruction-to-write-max=17060us
t=00:04:57 | packets=170121/170121 (200176396 bytes) | AUs complete=5830, IDR=196, incomplete=0 | gaps=0, out-of-order=0, bad-packets=0, oversized-datagrams=0, unsupported=0 | PTS-map-mismatch=0, nonmonotonic-PTS=0, key-flag-mismatch=0 | config-AUs=196, AUs-without-SPS/PPS=5634 | reassembly-depth=1/1, bytes=1171/2097152, age=0 ms/500 ms, high-water=103806 bytes/20 ms | SSRC=4011457692, restarts=1
bridge written=5770, dropped=58, connections/errors=107, AU-depth=0/4, bytes=0/4194304, current-age=0ms, max-depth=2, max-age=20ms, reconstruction-to-write-max=17060us
t=00:04:58 | packets=170990/170990 (201194086 bytes) | AUs complete=5860, IDR=197, incomplete=0 | gaps=0, out-of-order=0, bad-packets=0, oversized-datagrams=0, unsupported=0 | PTS-map-mismatch=0, nonmonotonic-PTS=0, key-flag-mismatch=0 | config-AUs=197, AUs-without-SPS/PPS=5663 | reassembly-depth=1/1, bytes=1171/2097152, age=0 ms/500 ms, high-water=103806 bytes/20 ms | SSRC=4011457692, restarts=1
bridge written=5800, dropped=58, connections/errors=107, AU-depth=0/4, bytes=0/4194304, current-age=0ms, max-depth=2, max-age=20ms, reconstruction-to-write-max=17060us
t=00:04:59 | packets=171870/171870 (202227753 bytes) | AUs complete=5890, IDR=198, incomplete=0 | gaps=0, out-of-order=0, bad-packets=0, oversized-datagrams=0, unsupported=0 | PTS-map-mismatch=0, nonmonotonic-PTS=0, key-flag-mismatch=0 | config-AUs=198, AUs-without-SPS/PPS=5692 | reassembly-depth=1/1, bytes=1171/2097152, age=0 ms/500 ms, high-water=103806 bytes/20 ms | SSRC=4011457692, restarts=1
bridge written=5830, dropped=58, connections/errors=107, AU-depth=0/4, bytes=0/4194304, current-age=0ms, max-depth=2, max-age=20ms, reconstruction-to-write-max=17060us
t=00:05:00 | packets=172777/172777 (203292137 bytes) | AUs complete=5921, IDR=199, incomplete=0 | gaps=0, out-of-order=0, bad-packets=0, oversized-datagrams=0, unsupported=0 | PTS-map-mismatch=0, nonmonotonic-PTS=0, key-flag-mismatch=0 | config-AUs=199, AUs-without-SPS/PPS=5722 | reassembly-depth=1/1, bytes=1171/2097152, age=0 ms/500 ms, high-water=103806 bytes/20 ms | SSRC=4011457692, restarts=1
bridge written=5861, dropped=58, connections/errors=107, AU-depth=0/4, bytes=0/4194304, current-age=0ms, max-depth=2, max-age=20ms, reconstruction-to-write-max=17060us
t=00:05:01 | packets=173674/173674 (204343745 bytes) | AUs complete=5952, IDR=200, incomplete=0 | gaps=0, out-of-order=0, bad-packets=0, oversized-datagrams=0, unsupported=0 | PTS-map-mismatch=0, nonmonotonic-PTS=0, key-flag-mismatch=0 | config-AUs=200, AUs-without-SPS/PPS=5752 | reassembly-depth=0/1, bytes=0/2097152, age=0 ms/500 ms, high-water=103806 bytes/20 ms | SSRC=4011457692, restarts=1
bridge written=5891, dropped=58, connections/errors=107, AU-depth=1/4, bytes=29100/4194304, current-age=0ms, max-depth=2, max-age=20ms, reconstruction-to-write-max=17060us
t=00:05:02 | packets=174504/174504 (205321882 bytes) | AUs complete=5981, IDR=201, incomplete=0 | gaps=0, out-of-order=0, bad-packets=0, oversized-datagrams=0, unsupported=0 | PTS-map-mismatch=0, nonmonotonic-PTS=0, key-flag-mismatch=0 | config-AUs=201, AUs-without-SPS/PPS=5780 | reassembly-depth=1/1, bytes=1171/2097152, age=0 ms/500 ms, high-water=103806 bytes/20 ms | SSRC=4011457692, restarts=1
bridge written=5921, dropped=58, connections/errors=107, AU-depth=0/4, bytes=0/4194304, current-age=0ms, max-depth=2, max-age=20ms, reconstruction-to-write-max=17060us
t=00:05:03 | packets=175433/175433 (206415522 bytes) | AUs complete=6011, IDR=202, incomplete=0 | gaps=0, out-of-order=0, bad-packets=0, oversized-datagrams=0, unsupported=0 | PTS-map-mismatch=0, nonmonotonic-PTS=0, key-flag-mismatch=0 | config-AUs=202, AUs-without-SPS/PPS=5809 | reassembly-depth=1/1, bytes=18661/2097152, age=3 ms/500 ms, high-water=103806 bytes/20 ms | SSRC=4011457692, restarts=1
bridge written=5951, dropped=58, connections/errors=107, AU-depth=0/4, bytes=0/4194304, current-age=0ms, max-depth=2, max-age=20ms, reconstruction-to-write-max=17060us
t=00:05:04 | packets=176298/176298 (207436157 bytes) | AUs complete=6041, IDR=203, incomplete=0 | gaps=0, out-of-order=0, bad-packets=0, oversized-datagrams=0, unsupported=0 | PTS-map-mismatch=0, nonmonotonic-PTS=0, key-flag-mismatch=0 | config-AUs=203, AUs-without-SPS/PPS=5838 | reassembly-depth=1/1, bytes=9333/2097152, age=1 ms/500 ms, high-water=103806 bytes/20 ms | SSRC=4011457692, restarts=1
bridge written=5981, dropped=58, connections/errors=107, AU-depth=0/4, bytes=0/4194304, current-age=0ms, max-depth=2, max-age=20ms, reconstruction-to-write-max=17060us
t=00:05:05 | packets=177187/177187 (208481946 bytes) | AUs complete=6071, IDR=204, incomplete=0 | gaps=0, out-of-order=0, bad-packets=0, oversized-datagrams=0, unsupported=0 | PTS-map-mismatch=0, nonmonotonic-PTS=0, key-flag-mismatch=0 | config-AUs=204, AUs-without-SPS/PPS=5867 | reassembly-depth=1/1, bytes=27989/2097152, age=6 ms/500 ms, high-water=103806 bytes/20 ms | SSRC=4011457692, restarts=1
bridge written=6011, dropped=58, connections/errors=107, AU-depth=0/4, bytes=0/4194304, current-age=0ms, max-depth=2, max-age=20ms, reconstruction-to-write-max=17060us
t=00:05:06 | packets=178040/178040 (209485730 bytes) | AUs complete=6101, IDR=205, incomplete=0 | gaps=0, out-of-order=0, bad-packets=0, oversized-datagrams=0, unsupported=0 | PTS-map-mismatch=0, nonmonotonic-PTS=0, key-flag-mismatch=0 | config-AUs=205, AUs-without-SPS/PPS=5896 | reassembly-depth=1/1, bytes=25657/2097152, age=6 ms/500 ms, high-water=103806 bytes/20 ms | SSRC=4011457692, restarts=1
bridge written=6041, dropped=58, connections/errors=107, AU-depth=0/4, bytes=0/4194304, current-age=0ms, max-depth=2, max-age=20ms, reconstruction-to-write-max=17060us
t=00:05:07 | packets=178924/178924 (210527112 bytes) | AUs complete=6131, IDR=206, incomplete=0 | gaps=0, out-of-order=0, bad-packets=0, oversized-datagrams=0, unsupported=0 | PTS-map-mismatch=0, nonmonotonic-PTS=0, key-flag-mismatch=0 | config-AUs=206, AUs-without-SPS/PPS=5925 | reassembly-depth=1/1, bytes=24491/2097152, age=4 ms/500 ms, high-water=103806 bytes/20 ms | SSRC=4011457692, restarts=1
bridge written=6071, dropped=58, connections/errors=107, AU-depth=0/4, bytes=0/4194304, current-age=0ms, max-depth=2, max-age=20ms, reconstruction-to-write-max=17060us
t=00:05:08 | packets=179783/179783 (211540460 bytes) | AUs complete=6161, IDR=207, incomplete=0 | gaps=0, out-of-order=0, bad-packets=0, oversized-datagrams=0, unsupported=0 | PTS-map-mismatch=0, nonmonotonic-PTS=0, key-flag-mismatch=0 | config-AUs=207, AUs-without-SPS/PPS=5954 | reassembly-depth=1/1, bytes=19827/2097152, age=5 ms/500 ms, high-water=103806 bytes/20 ms | SSRC=4011457692, restarts=1
bridge written=6101, dropped=58, connections/errors=107, AU-depth=0/4, bytes=0/4194304, current-age=0ms, max-depth=2, max-age=20ms, reconstruction-to-write-max=17060us
t=00:05:09 | packets=180667/180667 (212580446 bytes) | AUs complete=6192, IDR=208, incomplete=0 | gaps=0, out-of-order=0, bad-packets=0, oversized-datagrams=0, unsupported=0 | PTS-map-mismatch=0, nonmonotonic-PTS=0, key-flag-mismatch=0 | config-AUs=208, AUs-without-SPS/PPS=5984 | reassembly-depth=1/1, bytes=1171/2097152, age=0 ms/500 ms, high-water=103806 bytes/20 ms | SSRC=4011457692, restarts=1
bridge written=6132, dropped=58, connections/errors=107, AU-depth=0/4, bytes=0/4194304, current-age=0ms, max-depth=2, max-age=20ms, reconstruction-to-write-max=17060us
t=00:05:10 | packets=181599/181599 (213677485 bytes) | AUs complete=6223, IDR=209, incomplete=0 | gaps=0, out-of-order=0, bad-packets=0, oversized-datagrams=0, unsupported=0 | PTS-map-mismatch=0, nonmonotonic-PTS=0, key-flag-mismatch=0 | config-AUs=209, AUs-without-SPS/PPS=6014 | reassembly-depth=1/1, bytes=1171/2097152, age=0 ms/500 ms, high-water=103806 bytes/20 ms | SSRC=4011457692, restarts=1
bridge written=6163, dropped=58, connections/errors=107, AU-depth=0/4, bytes=0/4194304, current-age=0ms, max-depth=2, max-age=20ms, reconstruction-to-write-max=17060us
t=00:05:11 | packets=182507/182507 (214746310 bytes) | AUs complete=6253, IDR=210, incomplete=0 | gaps=0, out-of-order=0, bad-packets=0, oversized-datagrams=0, unsupported=0 | PTS-map-mismatch=0, nonmonotonic-PTS=0, key-flag-mismatch=0 | config-AUs=210, AUs-without-SPS/PPS=6043 | reassembly-depth=1/1, bytes=1171/2097152, age=0 ms/500 ms, high-water=103806 bytes/20 ms | SSRC=4011457692, restarts=1
bridge written=6193, dropped=58, connections/errors=107, AU-depth=0/4, bytes=0/4194304, current-age=0ms, max-depth=2, max-age=20ms, reconstruction-to-write-max=17060us
t=00:05:12 | packets=183357/183357 (215745164 bytes) | AUs complete=6283, IDR=211, incomplete=0 | gaps=0, out-of-order=0, bad-packets=0, oversized-datagrams=0, unsupported=0 | PTS-map-mismatch=0, nonmonotonic-PTS=0, key-flag-mismatch=0 | config-AUs=211, AUs-without-SPS/PPS=6072 | reassembly-depth=1/1, bytes=1171/2097152, age=0 ms/500 ms, high-water=103806 bytes/20 ms | SSRC=4011457692, restarts=1
bridge written=6223, dropped=58, connections/errors=107, AU-depth=0/4, bytes=0/4194304, current-age=0ms, max-depth=2, max-age=20ms, reconstruction-to-write-max=17060us
t=00:05:13 | packets=184228/184228 (216770769 bytes) | AUs complete=6313, IDR=212, incomplete=0 | gaps=0, out-of-order=0, bad-packets=0, oversized-datagrams=0, unsupported=0 | PTS-map-mismatch=0, nonmonotonic-PTS=0, key-flag-mismatch=0 | config-AUs=212, AUs-without-SPS/PPS=6101 | reassembly-depth=1/1, bytes=1171/2097152, age=0 ms/500 ms, high-water=103806 bytes/20 ms | SSRC=4011457692, restarts=1
bridge written=6253, dropped=58, connections/errors=107, AU-depth=0/4, bytes=0/4194304, current-age=0ms, max-depth=2, max-age=20ms, reconstruction-to-write-max=17060us
t=00:05:14 | packets=185087/185087 (217783522 bytes) | AUs complete=6343, IDR=213, incomplete=0 | gaps=0, out-of-order=0, bad-packets=0, oversized-datagrams=0, unsupported=0 | PTS-map-mismatch=0, nonmonotonic-PTS=0, key-flag-mismatch=0 | config-AUs=213, AUs-without-SPS/PPS=6130 | reassembly-depth=1/1, bytes=1171/2097152, age=0 ms/500 ms, high-water=103806 bytes/20 ms | SSRC=4011457692, restarts=1
bridge written=6283, dropped=58, connections/errors=107, AU-depth=0/4, bytes=0/4194304, current-age=0ms, max-depth=2, max-age=20ms, reconstruction-to-write-max=17060us
t=00:05:15 | packets=185980/185980 (218835193 bytes) | AUs complete=6374, IDR=214, incomplete=0 | gaps=0, out-of-order=0, bad-packets=0, oversized-datagrams=0, unsupported=0 | PTS-map-mismatch=0, nonmonotonic-PTS=0, key-flag-mismatch=0 | config-AUs=214, AUs-without-SPS/PPS=6160 | reassembly-depth=1/1, bytes=1171/2097152, age=0 ms/500 ms, high-water=103806 bytes/20 ms | SSRC=4011457692, restarts=1
bridge written=6314, dropped=58, connections/errors=107, AU-depth=0/4, bytes=0/4194304, current-age=0ms, max-depth=2, max-age=20ms, reconstruction-to-write-max=17060us
t=00:05:16 | packets=186888/186888 (219905266 bytes) | AUs complete=6404, IDR=215, incomplete=0 | gaps=0, out-of-order=0, bad-packets=0, oversized-datagrams=0, unsupported=0 | PTS-map-mismatch=0, nonmonotonic-PTS=0, key-flag-mismatch=0 | config-AUs=215, AUs-without-SPS/PPS=6189 | reassembly-depth=1/1, bytes=8167/2097152, age=0 ms/500 ms, high-water=103806 bytes/20 ms | SSRC=4011457692, restarts=1
bridge written=6344, dropped=58, connections/errors=107, AU-depth=0/4, bytes=0/4194304, current-age=0ms, max-depth=2, max-age=20ms, reconstruction-to-write-max=17060us
t=00:05:17 | packets=187800/187800 (220977513 bytes) | AUs complete=6435, IDR=216, incomplete=0 | gaps=0, out-of-order=0, bad-packets=0, oversized-datagrams=0, unsupported=0 | PTS-map-mismatch=0, nonmonotonic-PTS=0, key-flag-mismatch=0 | config-AUs=216, AUs-without-SPS/PPS=6219 | reassembly-depth=1/1, bytes=1171/2097152, age=0 ms/500 ms, high-water=103806 bytes/20 ms | SSRC=4011457692, restarts=1
bridge written=6375, dropped=58, connections/errors=107, AU-depth=0/4, bytes=0/4194304, current-age=0ms, max-depth=2, max-age=20ms, reconstruction-to-write-max=17060us
t=00:05:18 | packets=188647/188647 (221971350 bytes) | AUs complete=6465, IDR=217, incomplete=0 | gaps=0, out-of-order=0, bad-packets=0, oversized-datagrams=0, unsupported=0 | PTS-map-mismatch=0, nonmonotonic-PTS=0, key-flag-mismatch=0 | config-AUs=217, AUs-without-SPS/PPS=6248 | reassembly-depth=1/1, bytes=19827/2097152, age=2 ms/500 ms, high-water=103806 bytes/20 ms | SSRC=4011457692, restarts=1
bridge written=6405, dropped=58, connections/errors=107, AU-depth=0/4, bytes=0/4194304, current-age=0ms, max-depth=2, max-age=20ms, reconstruction-to-write-max=17060us
t=00:05:19 | packets=189538/189538 (223021069 bytes) | AUs complete=6495, IDR=218, incomplete=0 | gaps=0, out-of-order=0, bad-packets=0, oversized-datagrams=0, unsupported=0 | PTS-map-mismatch=0, nonmonotonic-PTS=0, key-flag-mismatch=0 | config-AUs=218, AUs-without-SPS/PPS=6277 | reassembly-depth=1/1, bytes=12831/2097152, age=2 ms/500 ms, high-water=103806 bytes/20 ms | SSRC=4011457692, restarts=1
bridge written=6435, dropped=58, connections/errors=107, AU-depth=0/4, bytes=0/4194304, current-age=0ms, max-depth=2, max-age=20ms, reconstruction-to-write-max=17060us
t=00:05:20 | packets=190396/190396 (224030772 bytes) | AUs complete=6525, IDR=219, incomplete=0 | gaps=0, out-of-order=0, bad-packets=0, oversized-datagrams=0, unsupported=0 | PTS-map-mismatch=0, nonmonotonic-PTS=0, key-flag-mismatch=0 | config-AUs=219, AUs-without-SPS/PPS=6306 | reassembly-depth=1/1, bytes=9333/2097152, age=1 ms/500 ms, high-water=103806 bytes/20 ms | SSRC=4011457692, restarts=1
bridge written=6465, dropped=58, connections/errors=107, AU-depth=0/4, bytes=0/4194304, current-age=0ms, max-depth=2, max-age=20ms, reconstruction-to-write-max=17060us
t=00:05:21 | packets=191286/191286 (225076161 bytes) | AUs complete=6555, IDR=220, incomplete=0 | gaps=0, out-of-order=0, bad-packets=0, oversized-datagrams=0, unsupported=0 | PTS-map-mismatch=0, nonmonotonic-PTS=0, key-flag-mismatch=0 | config-AUs=220, AUs-without-SPS/PPS=6335 | reassembly-depth=1/1, bytes=13997/2097152, age=3 ms/500 ms, high-water=103806 bytes/20 ms | SSRC=4011457692, restarts=1
bridge written=6495, dropped=58, connections/errors=107, AU-depth=0/4, bytes=0/4194304, current-age=0ms, max-depth=2, max-age=20ms, reconstruction-to-write-max=17060us
t=00:05:22 | packets=192145/192145 (226086732 bytes) | AUs complete=6585, IDR=221, incomplete=0 | gaps=0, out-of-order=0, bad-packets=0, oversized-datagrams=0, unsupported=0 | PTS-map-mismatch=0, nonmonotonic-PTS=0, key-flag-mismatch=0 | config-AUs=221, AUs-without-SPS/PPS=6364 | reassembly-depth=1/1, bytes=7001/2097152, age=1 ms/500 ms, high-water=103806 bytes/20 ms | SSRC=4011457692, restarts=1
bridge written=6525, dropped=58, connections/errors=107, AU-depth=0/4, bytes=0/4194304, current-age=0ms, max-depth=2, max-age=20ms, reconstruction-to-write-max=17060us
t=00:05:23 | packets=193050/193050 (227154630 bytes) | AUs complete=6615, IDR=222, incomplete=0 | gaps=0, out-of-order=0, bad-packets=0, oversized-datagrams=0, unsupported=0 | PTS-map-mismatch=0, nonmonotonic-PTS=0, key-flag-mismatch=0 | config-AUs=222, AUs-without-SPS/PPS=6393 | reassembly-depth=1/1, bytes=30321/2097152, age=8 ms/500 ms, high-water=103806 bytes/20 ms | SSRC=4011457692, restarts=1
bridge written=6555, dropped=58, connections/errors=107, AU-depth=0/4, bytes=0/4194304, current-age=0ms, max-depth=2, max-age=20ms, reconstruction-to-write-max=17060us
t=00:05:24 | packets=193878/193878 (228127938 bytes) | AUs complete=6645, IDR=223, incomplete=0 | gaps=0, out-of-order=0, bad-packets=0, oversized-datagrams=0, unsupported=0 | PTS-map-mismatch=0, nonmonotonic-PTS=0, key-flag-mismatch=0 | config-AUs=223, AUs-without-SPS/PPS=6422 | reassembly-depth=1/1, bytes=1171/2097152, age=0 ms/500 ms, high-water=103806 bytes/20 ms | SSRC=4011457692, restarts=1
bridge written=6585, dropped=58, connections/errors=107, AU-depth=0/4, bytes=0/4194304, current-age=0ms, max-depth=2, max-age=20ms, reconstruction-to-write-max=17060us
t=00:05:25 | packets=194754/194754 (229159570 bytes) | AUs complete=6675, IDR=224, incomplete=0 | gaps=0, out-of-order=0, bad-packets=0, oversized-datagrams=0, unsupported=0 | PTS-map-mismatch=0, nonmonotonic-PTS=0, key-flag-mismatch=0 | config-AUs=224, AUs-without-SPS/PPS=6451 | reassembly-depth=1/1, bytes=10499/2097152, age=1 ms/500 ms, high-water=103806 bytes/20 ms | SSRC=4011457692, restarts=1
bridge written=6615, dropped=58, connections/errors=107, AU-depth=0/4, bytes=0/4194304, current-age=0ms, max-depth=2, max-age=20ms, reconstruction-to-write-max=17060us
t=00:05:26 | packets=195651/195651 (230216304 bytes) | AUs complete=6705, IDR=225, incomplete=0 | gaps=0, out-of-order=0, bad-packets=0, oversized-datagrams=0, unsupported=0 | PTS-map-mismatch=0, nonmonotonic-PTS=0, key-flag-mismatch=0 | config-AUs=225, AUs-without-SPS/PPS=6480 | reassembly-depth=1/1, bytes=20993/2097152, age=4 ms/500 ms, high-water=103806 bytes/20 ms | SSRC=4011457692, restarts=1
bridge written=6645, dropped=58, connections/errors=107, AU-depth=0/4, bytes=0/4194304, current-age=0ms, max-depth=2, max-age=20ms, reconstruction-to-write-max=17060us
t=00:05:27 | packets=196515/196515 (231231268 bytes) | AUs complete=6736, IDR=226, incomplete=0 | gaps=0, out-of-order=0, bad-packets=0, oversized-datagrams=0, unsupported=0 | PTS-map-mismatch=0, nonmonotonic-PTS=0, key-flag-mismatch=0 | config-AUs=226, AUs-without-SPS/PPS=6510 | reassembly-depth=1/1, bytes=1171/2097152, age=0 ms/500 ms, high-water=103806 bytes/20 ms | SSRC=4011457692, restarts=1
bridge written=6676, dropped=58, connections/errors=107, AU-depth=0/4, bytes=0/4194304, current-age=0ms, max-depth=2, max-age=20ms, reconstruction-to-write-max=17060us
t=00:05:28 | packets=197443/197443 (232323360 bytes) | AUs complete=6766, IDR=227, incomplete=0 | gaps=0, out-of-order=0, bad-packets=0, oversized-datagrams=0, unsupported=0 | PTS-map-mismatch=0, nonmonotonic-PTS=0, key-flag-mismatch=0 | config-AUs=227, AUs-without-SPS/PPS=6539 | reassembly-depth=1/1, bytes=1171/2097152, age=0 ms/500 ms, high-water=103806 bytes/20 ms | SSRC=4011457692, restarts=1
bridge written=6706, dropped=58, connections/errors=107, AU-depth=0/4, bytes=0/4194304, current-age=0ms, max-depth=2, max-age=20ms, reconstruction-to-write-max=17060us
t=00:05:29 | packets=198302/198302 (233331925 bytes) | AUs complete=6796, IDR=228, incomplete=0 | gaps=0, out-of-order=0, bad-packets=0, oversized-datagrams=0, unsupported=0 | PTS-map-mismatch=0, nonmonotonic-PTS=0, key-flag-mismatch=0 | config-AUs=228, AUs-without-SPS/PPS=6568 | reassembly-depth=1/1, bytes=1171/2097152, age=0 ms/500 ms, high-water=103806 bytes/20 ms | SSRC=4011457692, restarts=1
bridge written=6736, dropped=58, connections/errors=107, AU-depth=0/4, bytes=0/4194304, current-age=0ms, max-depth=2, max-age=20ms, reconstruction-to-write-max=17060us
t=00:05:30 | packets=199222/199222 (234412117 bytes) | AUs complete=6827, IDR=229, incomplete=0 | gaps=0, out-of-order=0, bad-packets=0, oversized-datagrams=0, unsupported=0 | PTS-map-mismatch=0, nonmonotonic-PTS=0, key-flag-mismatch=0 | config-AUs=229, AUs-without-SPS/PPS=6598 | reassembly-depth=1/1, bytes=1171/2097152, age=0 ms/500 ms, high-water=103806 bytes/20 ms | SSRC=4011457692, restarts=1
bridge written=6767, dropped=58, connections/errors=107, AU-depth=0/4, bytes=0/4194304, current-age=0ms, max-depth=2, max-age=20ms, reconstruction-to-write-max=17060us
t=00:05:31 | packets=200071/200071 (235413482 bytes) | AUs complete=6857, IDR=230, incomplete=0 | gaps=0, out-of-order=0, bad-packets=0, oversized-datagrams=0, unsupported=0 | PTS-map-mismatch=0, nonmonotonic-PTS=0, key-flag-mismatch=0 | config-AUs=230, AUs-without-SPS/PPS=6627 | reassembly-depth=1/1, bytes=1171/2097152, age=0 ms/500 ms, high-water=103806 bytes/20 ms | SSRC=4011457692, restarts=1
bridge written=6797, dropped=58, connections/errors=107, AU-depth=0/4, bytes=0/4194304, current-age=0ms, max-depth=2, max-age=20ms, reconstruction-to-write-max=17060us
t=00:05:32 | packets=200941/200941 (236435804 bytes) | AUs complete=6887, IDR=231, incomplete=0 | gaps=0, out-of-order=0, bad-packets=0, oversized-datagrams=0, unsupported=0 | PTS-map-mismatch=0, nonmonotonic-PTS=0, key-flag-mismatch=0 | config-AUs=231, AUs-without-SPS/PPS=6656 | reassembly-depth=1/1, bytes=18661/2097152, age=3 ms/500 ms, high-water=103806 bytes/20 ms | SSRC=4011457692, restarts=1
bridge written=6827, dropped=58, connections/errors=107, AU-depth=0/4, bytes=0/4194304, current-age=0ms, max-depth=2, max-age=20ms, reconstruction-to-write-max=17060us
t=00:05:33 | packets=201819/201819 (237471680 bytes) | AUs complete=6918, IDR=232, incomplete=0 | gaps=0, out-of-order=0, bad-packets=0, oversized-datagrams=0, unsupported=0 | PTS-map-mismatch=0, nonmonotonic-PTS=0, key-flag-mismatch=0 | config-AUs=232, AUs-without-SPS/PPS=6686 | reassembly-depth=1/1, bytes=1171/2097152, age=0 ms/500 ms, high-water=103806 bytes/20 ms | SSRC=4011457692, restarts=1
bridge written=6858, dropped=58, connections/errors=107, AU-depth=0/4, bytes=0/4194304, current-age=0ms, max-depth=2, max-age=20ms, reconstruction-to-write-max=17060us
t=00:05:34 | packets=202731/202731 (238548088 bytes) | AUs complete=6949, IDR=233, incomplete=0 | gaps=0, out-of-order=0, bad-packets=0, oversized-datagrams=0, unsupported=0 | PTS-map-mismatch=0, nonmonotonic-PTS=0, key-flag-mismatch=0 | config-AUs=233, AUs-without-SPS/PPS=6716 | reassembly-depth=1/1, bytes=1171/2097152, age=0 ms/500 ms, high-water=103806 bytes/20 ms | SSRC=4011457692, restarts=1
bridge written=6889, dropped=58, connections/errors=107, AU-depth=0/4, bytes=0/4194304, current-age=0ms, max-depth=2, max-age=20ms, reconstruction-to-write-max=17060us
t=00:05:35 | packets=203584/203584 (239556436 bytes) | AUs complete=6979, IDR=234, incomplete=0 | gaps=0, out-of-order=0, bad-packets=0, oversized-datagrams=0, unsupported=0 | PTS-map-mismatch=0, nonmonotonic-PTS=0, key-flag-mismatch=0 | config-AUs=234, AUs-without-SPS/PPS=6745 | reassembly-depth=1/1, bytes=11665/2097152, age=3 ms/500 ms, high-water=103806 bytes/20 ms | SSRC=4011457692, restarts=1
bridge written=6919, dropped=58, connections/errors=107, AU-depth=0/4, bytes=0/4194304, current-age=0ms, max-depth=2, max-age=20ms, reconstruction-to-write-max=17060us
t=00:05:36 | packets=204520/204520 (240662059 bytes) | AUs complete=7010, IDR=235, incomplete=0 | gaps=0, out-of-order=0, bad-packets=0, oversized-datagrams=0, unsupported=0 | PTS-map-mismatch=0, nonmonotonic-PTS=0, key-flag-mismatch=0 | config-AUs=235, AUs-without-SPS/PPS=6775 | reassembly-depth=1/1, bytes=1171/2097152, age=0 ms/500 ms, high-water=103806 bytes/20 ms | SSRC=4011457692, restarts=1
bridge written=6950, dropped=58, connections/errors=107, AU-depth=0/4, bytes=0/4194304, current-age=0ms, max-depth=2, max-age=20ms, reconstruction-to-write-max=17060us
t=00:05:37 | packets=205359/205359 (241650381 bytes) | AUs complete=7040, IDR=236, incomplete=0 | gaps=0, out-of-order=0, bad-packets=0, oversized-datagrams=0, unsupported=0 | PTS-map-mismatch=0, nonmonotonic-PTS=0, key-flag-mismatch=0 | config-AUs=236, AUs-without-SPS/PPS=6804 | reassembly-depth=1/1, bytes=1171/2097152, age=0 ms/500 ms, high-water=103806 bytes/23 ms | SSRC=4011457692, restarts=1
bridge written=6980, dropped=58, connections/errors=107, AU-depth=0/4, bytes=0/4194304, current-age=0ms, max-depth=2, max-age=20ms, reconstruction-to-write-max=17060us
t=00:05:38 | packets=206243/206243 (242690787 bytes) | AUs complete=7070, IDR=237, incomplete=0 | gaps=0, out-of-order=0, bad-packets=0, oversized-datagrams=0, unsupported=0 | PTS-map-mismatch=0, nonmonotonic-PTS=0, key-flag-mismatch=0 | config-AUs=237, AUs-without-SPS/PPS=6833 | reassembly-depth=1/1, bytes=26823/2097152, age=8 ms/500 ms, high-water=103806 bytes/23 ms | SSRC=4011457692, restarts=1
bridge written=7010, dropped=58, connections/errors=107, AU-depth=0/4, bytes=0/4194304, current-age=0ms, max-depth=2, max-age=20ms, reconstruction-to-write-max=17060us
t=00:05:39 | packets=207111/207111 (243712631 bytes) | AUs complete=7100, IDR=238, incomplete=0 | gaps=0, out-of-order=0, bad-packets=0, oversized-datagrams=0, unsupported=0 | PTS-map-mismatch=0, nonmonotonic-PTS=0, key-flag-mismatch=0 | config-AUs=238, AUs-without-SPS/PPS=6862 | reassembly-depth=1/1, bytes=1171/2097152, age=0 ms/500 ms, high-water=103806 bytes/23 ms | SSRC=4011457692, restarts=1
bridge written=7040, dropped=58, connections/errors=107, AU-depth=0/4, bytes=0/4194304, current-age=0ms, max-depth=2, max-age=20ms, reconstruction-to-write-max=17060us
t=00:05:40 | packets=208003/208003 (244762662 bytes) | AUs complete=7130, IDR=239, incomplete=0 | gaps=0, out-of-order=0, bad-packets=0, oversized-datagrams=0, unsupported=0 | PTS-map-mismatch=0, nonmonotonic-PTS=0, key-flag-mismatch=0 | config-AUs=239, AUs-without-SPS/PPS=6891 | reassembly-depth=1/1, bytes=1171/2097152, age=0 ms/500 ms, high-water=103806 bytes/23 ms | SSRC=4011457692, restarts=1
bridge written=7070, dropped=58, connections/errors=107, AU-depth=0/4, bytes=0/4194304, current-age=0ms, max-depth=2, max-age=20ms, reconstruction-to-write-max=17060us
t=00:05:41 | packets=208892/208892 (245805518 bytes) | AUs complete=7161, IDR=240, incomplete=0 | gaps=0, out-of-order=0, bad-packets=0, oversized-datagrams=0, unsupported=0 | PTS-map-mismatch=0, nonmonotonic-PTS=0, key-flag-mismatch=0 | config-AUs=240, AUs-without-SPS/PPS=6921 | reassembly-depth=1/1, bytes=1171/2097152, age=0 ms/500 ms, high-water=103806 bytes/23 ms | SSRC=4011457692, restarts=1
bridge written=7101, dropped=58, connections/errors=107, AU-depth=0/4, bytes=0/4194304, current-age=0ms, max-depth=2, max-age=20ms, reconstruction-to-write-max=17060us
t=00:05:42 | packets=209792/209792 (246865280 bytes) | AUs complete=7191, IDR=241, incomplete=0 | gaps=0, out-of-order=0, bad-packets=0, oversized-datagrams=0, unsupported=0 | PTS-map-mismatch=0, nonmonotonic-PTS=0, key-flag-mismatch=0 | config-AUs=241, AUs-without-SPS/PPS=6950 | reassembly-depth=1/1, bytes=13997/2097152, age=5 ms/500 ms, high-water=103806 bytes/23 ms | SSRC=4011457692, restarts=1
bridge written=7131, dropped=58, connections/errors=107, AU-depth=0/4, bytes=0/4194304, current-age=0ms, max-depth=2, max-age=20ms, reconstruction-to-write-max=17060us
t=00:05:43 | packets=210654/210654 (247879234 bytes) | AUs complete=7221, IDR=242, incomplete=0 | gaps=0, out-of-order=0, bad-packets=0, oversized-datagrams=0, unsupported=0 | PTS-map-mismatch=0, nonmonotonic-PTS=0, key-flag-mismatch=0 | config-AUs=242, AUs-without-SPS/PPS=6979 | reassembly-depth=1/1, bytes=1171/2097152, age=0 ms/500 ms, high-water=103806 bytes/23 ms | SSRC=4011457692, restarts=1
bridge written=7161, dropped=58, connections/errors=107, AU-depth=0/4, bytes=0/4194304, current-age=0ms, max-depth=2, max-age=20ms, reconstruction-to-write-max=17060us
t=00:05:44 | packets=211570/211570 (248957869 bytes) | AUs complete=7251, IDR=243, incomplete=0 | gaps=0, out-of-order=0, bad-packets=0, oversized-datagrams=0, unsupported=0 | PTS-map-mismatch=0, nonmonotonic-PTS=0, key-flag-mismatch=0 | config-AUs=243, AUs-without-SPS/PPS=7008 | reassembly-depth=1/1, bytes=12831/2097152, age=3 ms/500 ms, high-water=103806 bytes/23 ms | SSRC=4011457692, restarts=1
bridge written=7191, dropped=58, connections/errors=107, AU-depth=0/4, bytes=0/4194304, current-age=0ms, max-depth=2, max-age=20ms, reconstruction-to-write-max=17060us
t=00:05:45 | packets=212437/212437 (249976981 bytes) | AUs complete=7281, IDR=244, incomplete=0 | gaps=0, out-of-order=0, bad-packets=0, oversized-datagrams=0, unsupported=0 | PTS-map-mismatch=0, nonmonotonic-PTS=0, key-flag-mismatch=0 | config-AUs=244, AUs-without-SPS/PPS=7037 | reassembly-depth=1/1, bytes=3503/2097152, age=0 ms/500 ms, high-water=103806 bytes/23 ms | SSRC=4011457692, restarts=1
bridge written=7221, dropped=58, connections/errors=107, AU-depth=0/4, bytes=0/4194304, current-age=0ms, max-depth=2, max-age=20ms, reconstruction-to-write-max=17060us
t=00:05:46 | packets=213313/213313 (251006694 bytes) | AUs complete=7312, IDR=245, incomplete=0 | gaps=0, out-of-order=0, bad-packets=0, oversized-datagrams=0, unsupported=0 | PTS-map-mismatch=0, nonmonotonic-PTS=0, key-flag-mismatch=0 | config-AUs=245, AUs-without-SPS/PPS=7067 | reassembly-depth=1/1, bytes=1171/2097152, age=0 ms/500 ms, high-water=103806 bytes/23 ms | SSRC=4011457692, restarts=1
bridge written=7252, dropped=58, connections/errors=107, AU-depth=0/4, bytes=0/4194304, current-age=0ms, max-depth=2, max-age=20ms, reconstruction-to-write-max=17060us
t=00:05:47 | packets=214209/214209 (252059707 bytes) | AUs complete=7342, IDR=246, incomplete=0 | gaps=0, out-of-order=0, bad-packets=0, oversized-datagrams=0, unsupported=0 | PTS-map-mismatch=0, nonmonotonic-PTS=0, key-flag-mismatch=0 | config-AUs=246, AUs-without-SPS/PPS=7096 | reassembly-depth=1/1, bytes=18661/2097152, age=5 ms/500 ms, high-water=103806 bytes/23 ms | SSRC=4011457692, restarts=1
bridge written=7282, dropped=58, connections/errors=107, AU-depth=0/4, bytes=0/4194304, current-age=0ms, max-depth=2, max-age=20ms, reconstruction-to-write-max=17060us
t=00:05:48 | packets=215097/215097 (253104725 bytes) | AUs complete=7373, IDR=247, incomplete=0 | gaps=0, out-of-order=0, bad-packets=0, oversized-datagrams=0, unsupported=0 | PTS-map-mismatch=0, nonmonotonic-PTS=0, key-flag-mismatch=0 | config-AUs=247, AUs-without-SPS/PPS=7126 | reassembly-depth=1/1, bytes=1171/2097152, age=0 ms/500 ms, high-water=103806 bytes/23 ms | SSRC=4011457692, restarts=1
bridge written=7313, dropped=58, connections/errors=107, AU-depth=0/4, bytes=0/4194304, current-age=0ms, max-depth=2, max-age=20ms, reconstruction-to-write-max=17060us
t=00:05:49 | packets=215962/215962 (254120251 bytes) | AUs complete=7403, IDR=248, incomplete=0 | gaps=0, out-of-order=0, bad-packets=0, oversized-datagrams=0, unsupported=0 | PTS-map-mismatch=0, nonmonotonic-PTS=0, key-flag-mismatch=0 | config-AUs=248, AUs-without-SPS/PPS=7155 | reassembly-depth=1/1, bytes=1171/2097152, age=0 ms/500 ms, high-water=103806 bytes/23 ms | SSRC=4011457692, restarts=1
bridge written=7343, dropped=58, connections/errors=107, AU-depth=0/4, bytes=0/4194304, current-age=0ms, max-depth=2, max-age=20ms, reconstruction-to-write-max=17060us
t=00:05:50 | packets=216843/216843 (255156695 bytes) | AUs complete=7433, IDR=249, incomplete=0 | gaps=0, out-of-order=0, bad-packets=0, oversized-datagrams=0, unsupported=0 | PTS-map-mismatch=0, nonmonotonic-PTS=0, key-flag-mismatch=0 | config-AUs=249, AUs-without-SPS/PPS=7184 | reassembly-depth=1/1, bytes=1171/2097152, age=0 ms/500 ms, high-water=103806 bytes/23 ms | SSRC=4011457692, restarts=1
bridge written=7373, dropped=58, connections/errors=107, AU-depth=0/4, bytes=0/4194304, current-age=0ms, max-depth=2, max-age=20ms, reconstruction-to-write-max=17060us
t=00:05:51 | packets=217717/217717 (256188137 bytes) | AUs complete=7463, IDR=250, incomplete=0 | gaps=0, out-of-order=0, bad-packets=0, oversized-datagrams=0, unsupported=0 | PTS-map-mismatch=0, nonmonotonic-PTS=0, key-flag-mismatch=0 | config-AUs=250, AUs-without-SPS/PPS=7213 | reassembly-depth=1/1, bytes=1171/2097152, age=0 ms/500 ms, high-water=103806 bytes/23 ms | SSRC=4011457692, restarts=1
bridge written=7403, dropped=58, connections/errors=107, AU-depth=0/4, bytes=0/4194304, current-age=0ms, max-depth=2, max-age=20ms, reconstruction-to-write-max=17060us
t=00:05:52 | packets=218587/218587 (257209127 bytes) | AUs complete=7493, IDR=251, incomplete=0 | gaps=0, out-of-order=0, bad-packets=0, oversized-datagrams=0, unsupported=0 | PTS-map-mismatch=0, nonmonotonic-PTS=0, key-flag-mismatch=0 | config-AUs=251, AUs-without-SPS/PPS=7242 | reassembly-depth=1/1, bytes=12831/2097152, age=6 ms/500 ms, high-water=103806 bytes/23 ms | SSRC=4011457692, restarts=1
bridge written=7433, dropped=58, connections/errors=107, AU-depth=0/4, bytes=0/4194304, current-age=0ms, max-depth=2, max-age=20ms, reconstruction-to-write-max=17060us
t=00:05:53 | packets=219495/219495 (258278213 bytes) | AUs complete=7524, IDR=252, incomplete=0 | gaps=0, out-of-order=0, bad-packets=0, oversized-datagrams=0, unsupported=0 | PTS-map-mismatch=0, nonmonotonic-PTS=0, key-flag-mismatch=0 | config-AUs=252, AUs-without-SPS/PPS=7272 | reassembly-depth=1/1, bytes=1171/2097152, age=0 ms/500 ms, high-water=103806 bytes/23 ms | SSRC=4011457692, restarts=1
bridge written=7464, dropped=58, connections/errors=107, AU-depth=0/4, bytes=0/4194304, current-age=0ms, max-depth=2, max-age=20ms, reconstruction-to-write-max=17060us
t=00:05:54 | packets=220347/220347 (259281370 bytes) | AUs complete=7554, IDR=253, incomplete=0 | gaps=0, out-of-order=0, bad-packets=0, oversized-datagrams=0, unsupported=0 | PTS-map-mismatch=0, nonmonotonic-PTS=0, key-flag-mismatch=0 | config-AUs=253, AUs-without-SPS/PPS=7301 | reassembly-depth=1/1, bytes=1171/2097152, age=0 ms/500 ms, high-water=103806 bytes/23 ms | SSRC=4011457692, restarts=1
bridge written=7494, dropped=58, connections/errors=107, AU-depth=0/4, bytes=0/4194304, current-age=0ms, max-depth=2, max-age=20ms, reconstruction-to-write-max=17060us
t=00:05:55 | packets=221242/221242 (260334978 bytes) | AUs complete=7584, IDR=254, incomplete=0 | gaps=0, out-of-order=0, bad-packets=0, oversized-datagrams=0, unsupported=0 | PTS-map-mismatch=0, nonmonotonic-PTS=0, key-flag-mismatch=0 | config-AUs=254, AUs-without-SPS/PPS=7330 | reassembly-depth=1/1, bytes=4669/2097152, age=1 ms/500 ms, high-water=103806 bytes/23 ms | SSRC=4011457692, restarts=1
bridge written=7524, dropped=58, connections/errors=107, AU-depth=0/4, bytes=0/4194304, current-age=0ms, max-depth=2, max-age=20ms, reconstruction-to-write-max=18059us
t=00:05:56 | packets=222137/222137 (261388509 bytes) | AUs complete=7614, IDR=255, incomplete=0 | gaps=0, out-of-order=0, bad-packets=0, oversized-datagrams=0, unsupported=0 | PTS-map-mismatch=0, nonmonotonic-PTS=0, key-flag-mismatch=0 | config-AUs=255, AUs-without-SPS/PPS=7359 | reassembly-depth=1/1, bytes=1171/2097152, age=0 ms/500 ms, high-water=103806 bytes/23 ms | SSRC=4011457692, restarts=1
bridge written=7554, dropped=58, connections/errors=107, AU-depth=0/4, bytes=0/4194304, current-age=0ms, max-depth=2, max-age=20ms, reconstruction-to-write-max=18059us
t=00:05:57 | packets=223057/223057 (262476033 bytes) | AUs complete=7644, IDR=256, incomplete=0 | gaps=0, out-of-order=0, bad-packets=0, oversized-datagrams=0, unsupported=0 | PTS-map-mismatch=0, nonmonotonic-PTS=0, key-flag-mismatch=0 | config-AUs=256, AUs-without-SPS/PPS=7388 | reassembly-depth=1/1, bytes=26823/2097152, age=7 ms/500 ms, high-water=103806 bytes/23 ms | SSRC=4011457692, restarts=1
bridge written=7584, dropped=58, connections/errors=107, AU-depth=0/4, bytes=0/4194304, current-age=0ms, max-depth=2, max-age=20ms, reconstruction-to-write-max=18059us
t=00:05:58 | packets=223925/223925 (263496481 bytes) | AUs complete=7675, IDR=257, incomplete=0 | gaps=0, out-of-order=0, bad-packets=0, oversized-datagrams=0, unsupported=0 | PTS-map-mismatch=0, nonmonotonic-PTS=0, key-flag-mismatch=0 | config-AUs=257, AUs-without-SPS/PPS=7418 | reassembly-depth=1/1, bytes=1171/2097152, age=0 ms/500 ms, high-water=103806 bytes/23 ms | SSRC=4011457692, restarts=1
bridge written=7615, dropped=58, connections/errors=107, AU-depth=0/4, bytes=0/4194304, current-age=0ms, max-depth=2, max-age=20ms, reconstruction-to-write-max=18059us
t=00:05:59 | packets=224785/224785 (264507406 bytes) | AUs complete=7705, IDR=258, incomplete=0 | gaps=0, out-of-order=0, bad-packets=0, oversized-datagrams=0, unsupported=0 | PTS-map-mismatch=0, nonmonotonic-PTS=0, key-flag-mismatch=0 | config-AUs=258, AUs-without-SPS/PPS=7447 | reassembly-depth=1/1, bytes=1171/2097152, age=0 ms/500 ms, high-water=103806 bytes/23 ms | SSRC=4011457692, restarts=1
bridge written=7645, dropped=58, connections/errors=107, AU-depth=0/4, bytes=0/4194304, current-age=0ms, max-depth=2, max-age=20ms, reconstruction-to-write-max=18059us
t=00:06:00 | packets=225663/225663 (265537187 bytes) | AUs complete=7735, IDR=259, incomplete=0 | gaps=0, out-of-order=0, bad-packets=0, oversized-datagrams=0, unsupported=0 | PTS-map-mismatch=0, nonmonotonic-PTS=0, key-flag-mismatch=0 | config-AUs=259, AUs-without-SPS/PPS=7476 | reassembly-depth=1/1, bytes=8167/2097152, age=3 ms/500 ms, high-water=103806 bytes/23 ms | SSRC=4011457692, restarts=1
bridge written=7675, dropped=58, connections/errors=107, AU-depth=0/4, bytes=0/4194304, current-age=0ms, max-depth=2, max-age=20ms, reconstruction-to-write-max=18059us
t=00:06:01 | packets=226537/226537 (266565881 bytes) | AUs complete=7765, IDR=260, incomplete=0 | gaps=0, out-of-order=0, bad-packets=0, oversized-datagrams=0, unsupported=0 | PTS-map-mismatch=0, nonmonotonic-PTS=0, key-flag-mismatch=0 | config-AUs=260, AUs-without-SPS/PPS=7505 | reassembly-depth=1/1, bytes=15163/2097152, age=2 ms/500 ms, high-water=103806 bytes/23 ms | SSRC=4011457692, restarts=1
bridge written=7705, dropped=58, connections/errors=107, AU-depth=0/4, bytes=0/4194304, current-age=0ms, max-depth=2, max-age=20ms, reconstruction-to-write-max=18059us
t=00:06:02 | packets=227418/227418 (267604864 bytes) | AUs complete=7795, IDR=261, incomplete=0 | gaps=0, out-of-order=0, bad-packets=0, oversized-datagrams=0, unsupported=0 | PTS-map-mismatch=0, nonmonotonic-PTS=0, key-flag-mismatch=0 | config-AUs=261, AUs-without-SPS/PPS=7534 | reassembly-depth=1/1, bytes=1171/2097152, age=0 ms/500 ms, high-water=103806 bytes/23 ms | SSRC=4011457692, restarts=1
bridge written=7735, dropped=58, connections/errors=107, AU-depth=0/4, bytes=0/4194304, current-age=0ms, max-depth=2, max-age=20ms, reconstruction-to-write-max=18059us
t=00:06:03 | packets=228316/228316 (268663101 bytes) | AUs complete=7825, IDR=262, incomplete=0 | gaps=0, out-of-order=0, bad-packets=0, oversized-datagrams=0, unsupported=0 | PTS-map-mismatch=0, nonmonotonic-PTS=0, key-flag-mismatch=0 | config-AUs=262, AUs-without-SPS/PPS=7563 | reassembly-depth=1/1, bytes=27989/2097152, age=7 ms/500 ms, high-water=103806 bytes/23 ms | SSRC=4011457692, restarts=1
bridge written=7765, dropped=58, connections/errors=107, AU-depth=0/4, bytes=0/4194304, current-age=0ms, max-depth=2, max-age=20ms, reconstruction-to-write-max=18059us
t=00:06:05 | packets=229190/229190 (269690340 bytes) | AUs complete=7856, IDR=263, incomplete=0 | gaps=0, out-of-order=0, bad-packets=0, oversized-datagrams=0, unsupported=0 | PTS-map-mismatch=0, nonmonotonic-PTS=0, key-flag-mismatch=0 | config-AUs=263, AUs-without-SPS/PPS=7593 | reassembly-depth=1/1, bytes=1171/2097152, age=0 ms/500 ms, high-water=103806 bytes/23 ms | SSRC=4011457692, restarts=1
bridge written=7796, dropped=58, connections/errors=107, AU-depth=0/4, bytes=0/4194304, current-age=0ms, max-depth=2, max-age=20ms, reconstruction-to-write-max=18059us
t=00:06:06 | packets=230081/230081 (270738930 bytes) | AUs complete=7886, IDR=264, incomplete=0 | gaps=0, out-of-order=0, bad-packets=0, oversized-datagrams=0, unsupported=0 | PTS-map-mismatch=0, nonmonotonic-PTS=0, key-flag-mismatch=0 | config-AUs=264, AUs-without-SPS/PPS=7622 | reassembly-depth=1/1, bytes=1171/2097152, age=0 ms/500 ms, high-water=103806 bytes/23 ms | SSRC=4011457692, restarts=1
bridge written=7826, dropped=58, connections/errors=107, AU-depth=0/4, bytes=0/4194304, current-age=0ms, max-depth=2, max-age=20ms, reconstruction-to-write-max=18059us
t=00:06:07 | packets=230931/230931 (271741126 bytes) | AUs complete=7916, IDR=265, incomplete=0 | gaps=0, out-of-order=0, bad-packets=0, oversized-datagrams=0, unsupported=0 | PTS-map-mismatch=0, nonmonotonic-PTS=0, key-flag-mismatch=0 | config-AUs=265, AUs-without-SPS/PPS=7651 | reassembly-depth=1/1, bytes=1171/2097152, age=0 ms/500 ms, high-water=103806 bytes/23 ms | SSRC=4011457692, restarts=1
bridge written=7856, dropped=58, connections/errors=107, AU-depth=0/4, bytes=0/4194304, current-age=0ms, max-depth=2, max-age=20ms, reconstruction-to-write-max=18059us
t=00:06:08 | packets=231795/231795 (272758133 bytes) | AUs complete=7946, IDR=266, incomplete=0 | gaps=0, out-of-order=0, bad-packets=0, oversized-datagrams=0, unsupported=0 | PTS-map-mismatch=0, nonmonotonic-PTS=0, key-flag-mismatch=0 | config-AUs=266, AUs-without-SPS/PPS=7680 | reassembly-depth=1/1, bytes=13997/2097152, age=3 ms/500 ms, high-water=103806 bytes/23 ms | SSRC=4011457692, restarts=1
bridge written=7886, dropped=58, connections/errors=107, AU-depth=0/4, bytes=0/4194304, current-age=0ms, max-depth=2, max-age=20ms, reconstruction-to-write-max=18059us
t=00:06:09 | packets=232649/232649 (273767080 bytes) | AUs complete=7976, IDR=267, incomplete=0 | gaps=0, out-of-order=0, bad-packets=0, oversized-datagrams=0, unsupported=0 | PTS-map-mismatch=0, nonmonotonic-PTS=0, key-flag-mismatch=0 | config-AUs=267, AUs-without-SPS/PPS=7709 | reassembly-depth=1/1, bytes=1171/2097152, age=0 ms/500 ms, high-water=103806 bytes/23 ms | SSRC=4011457692, restarts=1
bridge written=7916, dropped=58, connections/errors=107, AU-depth=0/4, bytes=0/4194304, current-age=0ms, max-depth=2, max-age=20ms, reconstruction-to-write-max=18059us
t=00:06:10 | packets=233510/233510 (274780309 bytes) | AUs complete=8006, IDR=268, incomplete=0 | gaps=0, out-of-order=0, bad-packets=0, oversized-datagrams=0, unsupported=0 | PTS-map-mismatch=0, nonmonotonic-PTS=0, key-flag-mismatch=0 | config-AUs=268, AUs-without-SPS/PPS=7738 | reassembly-depth=1/1, bytes=5835/2097152, age=8 ms/500 ms, high-water=103806 bytes/23 ms | SSRC=4011457692, restarts=1
bridge written=7946, dropped=58, connections/errors=107, AU-depth=0/4, bytes=0/4194304, current-age=0ms, max-depth=2, max-age=20ms, reconstruction-to-write-max=18059us
t=00:06:11 | packets=234389/234389 (275814205 bytes) | AUs complete=8036, IDR=269, incomplete=0 | gaps=0, out-of-order=0, bad-packets=0, oversized-datagrams=0, unsupported=0 | PTS-map-mismatch=0, nonmonotonic-PTS=0, key-flag-mismatch=0 | config-AUs=269, AUs-without-SPS/PPS=7767 | reassembly-depth=1/1, bytes=1171/2097152, age=0 ms/500 ms, high-water=103806 bytes/23 ms | SSRC=4011457692, restarts=1
bridge written=7976, dropped=58, connections/errors=107, AU-depth=0/4, bytes=0/4194304, current-age=0ms, max-depth=2, max-age=20ms, reconstruction-to-write-max=18059us
t=00:06:12 | packets=235339/235339 (276934258 bytes) | AUs complete=8067, IDR=270, incomplete=0 | gaps=0, out-of-order=0, bad-packets=0, oversized-datagrams=0, unsupported=0 | PTS-map-mismatch=0, nonmonotonic-PTS=0, key-flag-mismatch=0 | config-AUs=270, AUs-without-SPS/PPS=7797 | reassembly-depth=1/1, bytes=1171/2097152, age=0 ms/500 ms, high-water=103806 bytes/23 ms | SSRC=4011457692, restarts=1
bridge written=8007, dropped=58, connections/errors=107, AU-depth=0/4, bytes=0/4194304, current-age=0ms, max-depth=2, max-age=20ms, reconstruction-to-write-max=18059us
t=00:06:13 | packets=236179/236179 (277923616 bytes) | AUs complete=8097, IDR=271, incomplete=0 | gaps=0, out-of-order=0, bad-packets=0, oversized-datagrams=0, unsupported=0 | PTS-map-mismatch=0, nonmonotonic-PTS=0, key-flag-mismatch=0 | config-AUs=271, AUs-without-SPS/PPS=7826 | reassembly-depth=1/1, bytes=1171/2097152, age=0 ms/500 ms, high-water=103806 bytes/23 ms | SSRC=4011457692, restarts=1
bridge written=8037, dropped=58, connections/errors=107, AU-depth=0/4, bytes=0/4194304, current-age=0ms, max-depth=2, max-age=20ms, reconstruction-to-write-max=18059us
t=00:06:14 | packets=237065/237065 (278970025 bytes) | AUs complete=8127, IDR=272, incomplete=0 | gaps=0, out-of-order=0, bad-packets=0, oversized-datagrams=0, unsupported=0 | PTS-map-mismatch=0, nonmonotonic-PTS=0, key-flag-mismatch=0 | config-AUs=272, AUs-without-SPS/PPS=7855 | reassembly-depth=1/1, bytes=1171/2097152, age=0 ms/500 ms, high-water=103806 bytes/23 ms | SSRC=4011457692, restarts=1
bridge written=8067, dropped=58, connections/errors=107, AU-depth=0/4, bytes=0/4194304, current-age=0ms, max-depth=2, max-age=20ms, reconstruction-to-write-max=18059us
t=00:06:15 | packets=237941/237941 (280000774 bytes) | AUs complete=8158, IDR=273, incomplete=0 | gaps=0, out-of-order=0, bad-packets=0, oversized-datagrams=0, unsupported=0 | PTS-map-mismatch=0, nonmonotonic-PTS=0, key-flag-mismatch=0 | config-AUs=273, AUs-without-SPS/PPS=7885 | reassembly-depth=1/1, bytes=1171/2097152, age=0 ms/500 ms, high-water=103806 bytes/23 ms | SSRC=4011457692, restarts=1
bridge written=8098, dropped=58, connections/errors=107, AU-depth=0/4, bytes=0/4194304, current-age=0ms, max-depth=2, max-age=20ms, reconstruction-to-write-max=18059us
t=00:06:16 | packets=238858/238858 (281083510 bytes) | AUs complete=8189, IDR=274, incomplete=0 | gaps=0, out-of-order=0, bad-packets=0, oversized-datagrams=0, unsupported=0 | PTS-map-mismatch=0, nonmonotonic-PTS=0, key-flag-mismatch=0 | config-AUs=274, AUs-without-SPS/PPS=7915 | reassembly-depth=1/1, bytes=1171/2097152, age=0 ms/500 ms, high-water=103806 bytes/23 ms | SSRC=4011457692, restarts=1
bridge written=8129, dropped=58, connections/errors=107, AU-depth=0/4, bytes=0/4194304, current-age=0ms, max-depth=2, max-age=20ms, reconstruction-to-write-max=18059us
t=00:06:17 | packets=239760/239760 (282148791 bytes) | AUs complete=8220, IDR=275, incomplete=0 | gaps=0, out-of-order=0, bad-packets=0, oversized-datagrams=0, unsupported=0 | PTS-map-mismatch=0, nonmonotonic-PTS=0, key-flag-mismatch=0 | config-AUs=275, AUs-without-SPS/PPS=7945 | reassembly-depth=1/1, bytes=1171/2097152, age=0 ms/500 ms, high-water=103806 bytes/23 ms | SSRC=4011457692, restarts=1
bridge written=8160, dropped=58, connections/errors=107, AU-depth=0/4, bytes=0/4194304, current-age=0ms, max-depth=2, max-age=20ms, reconstruction-to-write-max=18059us
t=00:06:18 | packets=240639/240639 (283183370 bytes) | AUs complete=8250, IDR=276, incomplete=0 | gaps=0, out-of-order=0, bad-packets=0, oversized-datagrams=0, unsupported=0 | PTS-map-mismatch=0, nonmonotonic-PTS=0, key-flag-mismatch=0 | config-AUs=276, AUs-without-SPS/PPS=7974 | reassembly-depth=1/1, bytes=18661/2097152, age=6 ms/500 ms, high-water=103806 bytes/23 ms | SSRC=4011457692, restarts=1
bridge written=8190, dropped=58, connections/errors=107, AU-depth=0/4, bytes=0/4194304, current-age=0ms, max-depth=2, max-age=20ms, reconstruction-to-write-max=18059us
t=00:06:19 | packets=241516/241516 (284214634 bytes) | AUs complete=8280, IDR=277, incomplete=0 | gaps=0, out-of-order=0, bad-packets=0, oversized-datagrams=0, unsupported=0 | PTS-map-mismatch=0, nonmonotonic-PTS=0, key-flag-mismatch=0 | config-AUs=277, AUs-without-SPS/PPS=8003 | reassembly-depth=1/1, bytes=10499/2097152, age=1 ms/500 ms, high-water=103806 bytes/23 ms | SSRC=4011457692, restarts=1
bridge written=8220, dropped=58, connections/errors=107, AU-depth=0/4, bytes=0/4194304, current-age=0ms, max-depth=2, max-age=20ms, reconstruction-to-write-max=18059us
t=00:06:20 | packets=242382/242382 (285235341 bytes) | AUs complete=8311, IDR=278, incomplete=0 | gaps=0, out-of-order=0, bad-packets=0, oversized-datagrams=0, unsupported=0 | PTS-map-mismatch=0, nonmonotonic-PTS=0, key-flag-mismatch=0 | config-AUs=278, AUs-without-SPS/PPS=8033 | reassembly-depth=1/1, bytes=25/2097152, age=0 ms/500 ms, high-water=103806 bytes/23 ms | SSRC=4011457692, restarts=1
bridge written=8251, dropped=58, connections/errors=107, AU-depth=0/4, bytes=0/4194304, current-age=0ms, max-depth=2, max-age=20ms, reconstruction-to-write-max=18059us
t=00:06:21 | packets=243235/243235 (286240388 bytes) | AUs complete=8341, IDR=279, incomplete=0 | gaps=0, out-of-order=0, bad-packets=0, oversized-datagrams=0, unsupported=0 | PTS-map-mismatch=0, nonmonotonic-PTS=0, key-flag-mismatch=0 | config-AUs=279, AUs-without-SPS/PPS=8062 | reassembly-depth=1/1, bytes=25/2097152, age=0 ms/500 ms, high-water=103806 bytes/23 ms | SSRC=4011457692, restarts=1
bridge written=8281, dropped=58, connections/errors=107, AU-depth=0/4, bytes=0/4194304, current-age=0ms, max-depth=2, max-age=20ms, reconstruction-to-write-max=18059us
t=00:06:22 | packets=244113/244113 (287269390 bytes) | AUs complete=8371, IDR=280, incomplete=0 | gaps=0, out-of-order=0, bad-packets=0, oversized-datagrams=0, unsupported=0 | PTS-map-mismatch=0, nonmonotonic-PTS=0, key-flag-mismatch=0 | config-AUs=280, AUs-without-SPS/PPS=8091 | reassembly-depth=1/1, bytes=11698/2097152, age=4 ms/500 ms, high-water=103806 bytes/23 ms | SSRC=4011457692, restarts=1
bridge written=8311, dropped=58, connections/errors=107, AU-depth=0/4, bytes=0/4194304, current-age=0ms, max-depth=2, max-age=20ms, reconstruction-to-write-max=18059us
t=00:06:23 | packets=245010/245010 (288332543 bytes) | AUs complete=8401, IDR=281, incomplete=0 | gaps=0, out-of-order=0, bad-packets=0, oversized-datagrams=0, unsupported=0 | PTS-map-mismatch=0, nonmonotonic-PTS=0, key-flag-mismatch=0 | config-AUs=281, AUs-without-SPS/PPS=8120 | reassembly-depth=1/1, bytes=25/2097152, age=0 ms/500 ms, high-water=103806 bytes/23 ms | SSRC=4011457692, restarts=1
bridge written=8341, dropped=58, connections/errors=107, AU-depth=0/4, bytes=0/4194304, current-age=0ms, max-depth=2, max-age=20ms, reconstruction-to-write-max=18059us
t=00:06:24 | packets=245877/245877 (289352830 bytes) | AUs complete=8431, IDR=282, incomplete=0 | gaps=0, out-of-order=0, bad-packets=0, oversized-datagrams=0, unsupported=0 | PTS-map-mismatch=0, nonmonotonic-PTS=0, key-flag-mismatch=0 | config-AUs=282, AUs-without-SPS/PPS=8149 | reassembly-depth=1/1, bytes=25/2097152, age=0 ms/500 ms, high-water=103806 bytes/23 ms | SSRC=4011457692, restarts=1
bridge written=8371, dropped=58, connections/errors=107, AU-depth=0/4, bytes=0/4194304, current-age=0ms, max-depth=2, max-age=20ms, reconstruction-to-write-max=18059us
t=00:06:25 | packets=246781/246781 (290413368 bytes) | AUs complete=8461, IDR=283, incomplete=0 | gaps=0, out-of-order=0, bad-packets=0, oversized-datagrams=0, unsupported=0 | PTS-map-mismatch=0, nonmonotonic-PTS=0, key-flag-mismatch=0 | config-AUs=283, AUs-without-SPS/PPS=8178 | reassembly-depth=1/1, bytes=21026/2097152, age=6 ms/500 ms, high-water=103806 bytes/23 ms | SSRC=4011457692, restarts=1
bridge written=8401, dropped=58, connections/errors=107, AU-depth=0/4, bytes=0/4194304, current-age=0ms, max-depth=2, max-age=20ms, reconstruction-to-write-max=18059us
t=00:06:26 | packets=247625/247625 (291409155 bytes) | AUs complete=8491, IDR=284, incomplete=0 | gaps=0, out-of-order=0, bad-packets=0, oversized-datagrams=0, unsupported=0 | PTS-map-mismatch=0, nonmonotonic-PTS=0, key-flag-mismatch=0 | config-AUs=284, AUs-without-SPS/PPS=8207 | reassembly-depth=1/1, bytes=25/2097152, age=0 ms/500 ms, high-water=103806 bytes/23 ms | SSRC=4011457692, restarts=1
bridge written=8431, dropped=58, connections/errors=107, AU-depth=0/4, bytes=0/4194304, current-age=0ms, max-depth=2, max-age=20ms, reconstruction-to-write-max=18059us
t=00:06:27 | packets=248557/248557 (292505924 bytes) | AUs complete=8521, IDR=285, incomplete=0 | gaps=0, out-of-order=0, bad-packets=0, oversized-datagrams=0, unsupported=0 | PTS-map-mismatch=0, nonmonotonic-PTS=0, key-flag-mismatch=0 | config-AUs=285, AUs-without-SPS/PPS=8236 | reassembly-depth=1/1, bytes=73496/2097152, age=9 ms/500 ms, high-water=103806 bytes/23 ms | SSRC=4011457692, restarts=1
bridge written=8461, dropped=58, connections/errors=107, AU-depth=0/4, bytes=0/4194304, current-age=0ms, max-depth=2, max-age=20ms, reconstruction-to-write-max=18059us
t=00:06:28 | packets=249389/249389 (293483492 bytes) | AUs complete=8551, IDR=286, incomplete=0 | gaps=0, out-of-order=0, bad-packets=0, oversized-datagrams=0, unsupported=0 | PTS-map-mismatch=0, nonmonotonic-PTS=0, key-flag-mismatch=0 | config-AUs=286, AUs-without-SPS/PPS=8265 | reassembly-depth=1/1, bytes=25/2097152, age=0 ms/500 ms, high-water=103806 bytes/23 ms | SSRC=4011457692, restarts=1
bridge written=8491, dropped=58, connections/errors=107, AU-depth=0/4, bytes=0/4194304, current-age=0ms, max-depth=2, max-age=20ms, reconstruction-to-write-max=18059us
t=00:06:29 | packets=250281/250281 (294533715 bytes) | AUs complete=8581, IDR=287, incomplete=0 | gaps=0, out-of-order=0, bad-packets=0, oversized-datagrams=0, unsupported=0 | PTS-map-mismatch=0, nonmonotonic-PTS=0, key-flag-mismatch=0 | config-AUs=287, AUs-without-SPS/PPS=8294 | reassembly-depth=1/1, bytes=22192/2097152, age=5 ms/500 ms, high-water=103806 bytes/23 ms | SSRC=4011457692, restarts=1
bridge written=8521, dropped=58, connections/errors=107, AU-depth=0/4, bytes=0/4194304, current-age=0ms, max-depth=2, max-age=20ms, reconstruction-to-write-max=18059us
t=00:06:30 | packets=251140/251140 (295547175 bytes) | AUs complete=8611, IDR=288, incomplete=0 | gaps=0, out-of-order=0, bad-packets=0, oversized-datagrams=0, unsupported=0 | PTS-map-mismatch=0, nonmonotonic-PTS=0, key-flag-mismatch=0 | config-AUs=288, AUs-without-SPS/PPS=8323 | reassembly-depth=1/1, bytes=8200/2097152, age=3 ms/500 ms, high-water=103806 bytes/23 ms | SSRC=4011457692, restarts=1
bridge written=8551, dropped=58, connections/errors=107, AU-depth=0/4, bytes=0/4194304, current-age=0ms, max-depth=2, max-age=20ms, reconstruction-to-write-max=18059us
t=00:06:31 | packets=252044/252044 (296611678 bytes) | AUs complete=8641, IDR=289, incomplete=0 | gaps=0, out-of-order=0, bad-packets=0, oversized-datagrams=0, unsupported=0 | PTS-map-mismatch=0, nonmonotonic-PTS=0, key-flag-mismatch=0 | config-AUs=289, AUs-without-SPS/PPS=8352 | reassembly-depth=1/1, bytes=32686/2097152, age=4 ms/500 ms, high-water=103806 bytes/23 ms | SSRC=4011457692, restarts=1
bridge written=8581, dropped=58, connections/errors=107, AU-depth=0/4, bytes=0/4194304, current-age=0ms, max-depth=2, max-age=20ms, reconstruction-to-write-max=18059us
t=00:06:32 | packets=252912/252912 (297633194 bytes) | AUs complete=8671, IDR=290, incomplete=0 | gaps=0, out-of-order=0, bad-packets=0, oversized-datagrams=0, unsupported=0 | PTS-map-mismatch=0, nonmonotonic-PTS=0, key-flag-mismatch=0 | config-AUs=290, AUs-without-SPS/PPS=8381 | reassembly-depth=1/1, bytes=16362/2097152, age=2 ms/500 ms, high-water=103806 bytes/23 ms | SSRC=4011457692, restarts=1
bridge written=8611, dropped=58, connections/errors=107, AU-depth=0/4, bytes=0/4194304, current-age=0ms, max-depth=2, max-age=20ms, reconstruction-to-write-max=18059us
t=00:06:33 | packets=253869/253869 (298762541 bytes) | AUs complete=8702, IDR=292, incomplete=0 | gaps=0, out-of-order=0, bad-packets=0, oversized-datagrams=0, unsupported=0 | PTS-map-mismatch=0, nonmonotonic-PTS=0, key-flag-mismatch=0 | config-AUs=292, AUs-without-SPS/PPS=8410 | reassembly-depth=1/1, bytes=1171/2097152, age=0 ms/500 ms, high-water=103806 bytes/23 ms | SSRC=4011457692, restarts=1
bridge written=8642, dropped=58, connections/errors=107, AU-depth=0/4, bytes=0/4194304, current-age=0ms, max-depth=2, max-age=20ms, reconstruction-to-write-max=18059us
t=00:06:34 | packets=254782/254782 (299836817 bytes) | AUs complete=8733, IDR=293, incomplete=0 | gaps=0, out-of-order=0, bad-packets=0, oversized-datagrams=0, unsupported=0 | PTS-map-mismatch=0, nonmonotonic-PTS=0, key-flag-mismatch=0 | config-AUs=293, AUs-without-SPS/PPS=8440 | reassembly-depth=1/1, bytes=1171/2097152, age=0 ms/500 ms, high-water=103806 bytes/23 ms | SSRC=4011457692, restarts=1
bridge written=8673, dropped=58, connections/errors=107, AU-depth=0/4, bytes=0/4194304, current-age=0ms, max-depth=2, max-age=20ms, reconstruction-to-write-max=18059us
t=00:06:35 | packets=255656/255656 (300865881 bytes) | AUs complete=8763, IDR=294, incomplete=0 | gaps=0, out-of-order=0, bad-packets=0, oversized-datagrams=0, unsupported=0 | PTS-map-mismatch=0, nonmonotonic-PTS=0, key-flag-mismatch=0 | config-AUs=294, AUs-without-SPS/PPS=8469 | reassembly-depth=1/1, bytes=1171/2097152, age=0 ms/500 ms, high-water=103806 bytes/23 ms | SSRC=4011457692, restarts=1
bridge written=8703, dropped=58, connections/errors=107, AU-depth=0/4, bytes=0/4194304, current-age=0ms, max-depth=2, max-age=20ms, reconstruction-to-write-max=18059us
t=00:06:36 | packets=256530/256530 (301898060 bytes) | AUs complete=8793, IDR=295, incomplete=0 | gaps=0, out-of-order=0, bad-packets=0, oversized-datagrams=0, unsupported=0 | PTS-map-mismatch=0, nonmonotonic-PTS=0, key-flag-mismatch=0 | config-AUs=295, AUs-without-SPS/PPS=8498 | reassembly-depth=1/1, bytes=1171/2097152, age=0 ms/500 ms, high-water=103806 bytes/23 ms | SSRC=4011457692, restarts=1
bridge written=8733, dropped=58, connections/errors=107, AU-depth=0/4, bytes=0/4194304, current-age=0ms, max-depth=2, max-age=20ms, reconstruction-to-write-max=18059us
t=00:06:37 | packets=257404/257404 (302928493 bytes) | AUs complete=8823, IDR=296, incomplete=0 | gaps=0, out-of-order=0, bad-packets=0, oversized-datagrams=0, unsupported=0 | PTS-map-mismatch=0, nonmonotonic-PTS=0, key-flag-mismatch=0 | config-AUs=296, AUs-without-SPS/PPS=8527 | reassembly-depth=1/1, bytes=1171/2097152, age=0 ms/500 ms, high-water=103806 bytes/23 ms | SSRC=4011457692, restarts=1
bridge written=8763, dropped=58, connections/errors=107, AU-depth=0/4, bytes=0/4194304, current-age=0ms, max-depth=2, max-age=20ms, reconstruction-to-write-max=18059us
t=00:06:38 | packets=258317/258317 (304002497 bytes) | AUs complete=8854, IDR=297, incomplete=0 | gaps=0, out-of-order=0, bad-packets=0, oversized-datagrams=0, unsupported=0 | PTS-map-mismatch=0, nonmonotonic-PTS=0, key-flag-mismatch=0 | config-AUs=297, AUs-without-SPS/PPS=8557 | reassembly-depth=1/1, bytes=1171/2097152, age=0 ms/500 ms, high-water=103806 bytes/23 ms | SSRC=4011457692, restarts=1
bridge written=8794, dropped=58, connections/errors=107, AU-depth=0/4, bytes=0/4194304, current-age=0ms, max-depth=2, max-age=20ms, reconstruction-to-write-max=18059us
t=00:06:39 | packets=259225/259225 (305069467 bytes) | AUs complete=8884, IDR=298, incomplete=0 | gaps=0, out-of-order=0, bad-packets=0, oversized-datagrams=0, unsupported=0 | PTS-map-mismatch=0, nonmonotonic-PTS=0, key-flag-mismatch=0 | config-AUs=298, AUs-without-SPS/PPS=8586 | reassembly-depth=1/1, bytes=16329/2097152, age=1 ms/500 ms, high-water=103806 bytes/23 ms | SSRC=4011457692, restarts=1
bridge written=8824, dropped=58, connections/errors=107, AU-depth=0/4, bytes=0/4194304, current-age=0ms, max-depth=2, max-age=20ms, reconstruction-to-write-max=18059us
t=00:06:40 | packets=260073/260073 (306068389 bytes) | AUs complete=8914, IDR=299, incomplete=0 | gaps=0, out-of-order=0, bad-packets=0, oversized-datagrams=0, unsupported=0 | PTS-map-mismatch=0, nonmonotonic-PTS=0, key-flag-mismatch=0 | config-AUs=299, AUs-without-SPS/PPS=8615 | reassembly-depth=1/1, bytes=8167/2097152, age=0 ms/500 ms, high-water=103806 bytes/23 ms | SSRC=4011457692, restarts=1
bridge written=8854, dropped=58, connections/errors=107, AU-depth=0/4, bytes=0/4194304, current-age=0ms, max-depth=2, max-age=20ms, reconstruction-to-write-max=18059us
t=00:06:41 | packets=260930/260930 (307077070 bytes) | AUs complete=8944, IDR=300, incomplete=0 | gaps=0, out-of-order=0, bad-packets=0, oversized-datagrams=0, unsupported=0 | PTS-map-mismatch=0, nonmonotonic-PTS=0, key-flag-mismatch=0 | config-AUs=300, AUs-without-SPS/PPS=8644 | reassembly-depth=1/1, bytes=10499/2097152, age=1 ms/500 ms, high-water=103806 bytes/23 ms | SSRC=4011457692, restarts=1
bridge written=8884, dropped=58, connections/errors=107, AU-depth=0/4, bytes=0/4194304, current-age=0ms, max-depth=2, max-age=20ms, reconstruction-to-write-max=18059us
t=00:06:42 | packets=261800/261800 (308098998 bytes) | AUs complete=8974, IDR=301, incomplete=0 | gaps=0, out-of-order=0, bad-packets=0, oversized-datagrams=0, unsupported=0 | PTS-map-mismatch=0, nonmonotonic-PTS=0, key-flag-mismatch=0 | config-AUs=301, AUs-without-SPS/PPS=8673 | reassembly-depth=1/1, bytes=19827/2097152, age=3 ms/500 ms, high-water=103806 bytes/23 ms | SSRC=4011457692, restarts=1
bridge written=8914, dropped=58, connections/errors=107, AU-depth=0/4, bytes=0/4194304, current-age=0ms, max-depth=2, max-age=20ms, reconstruction-to-write-max=18059us
t=00:06:43 | packets=262675/262675 (309129163 bytes) | AUs complete=9005, IDR=302, incomplete=0 | gaps=0, out-of-order=0, bad-packets=0, oversized-datagrams=0, unsupported=0 | PTS-map-mismatch=0, nonmonotonic-PTS=0, key-flag-mismatch=0 | config-AUs=302, AUs-without-SPS/PPS=8703 | reassembly-depth=1/1, bytes=1171/2097152, age=0 ms/500 ms, high-water=103806 bytes/23 ms | SSRC=4011457692, restarts=1
bridge written=8945, dropped=58, connections/errors=107, AU-depth=0/4, bytes=0/4194304, current-age=0ms, max-depth=2, max-age=20ms, reconstruction-to-write-max=18059us
t=00:06:44 | packets=263575/263575 (310192827 bytes) | AUs complete=9035, IDR=303, incomplete=0 | gaps=0, out-of-order=0, bad-packets=0, oversized-datagrams=0, unsupported=0 | PTS-map-mismatch=0, nonmonotonic-PTS=0, key-flag-mismatch=0 | config-AUs=303, AUs-without-SPS/PPS=8732 | reassembly-depth=1/1, bytes=1171/2097152, age=0 ms/500 ms, high-water=103806 bytes/23 ms | SSRC=4011457692, restarts=1
bridge written=8975, dropped=58, connections/errors=107, AU-depth=0/4, bytes=0/4194304, current-age=0ms, max-depth=2, max-age=20ms, reconstruction-to-write-max=18059us
t=00:06:45 | packets=264462/264462 (311239125 bytes) | AUs complete=9065, IDR=304, incomplete=0 | gaps=0, out-of-order=0, bad-packets=0, oversized-datagrams=0, unsupported=0 | PTS-map-mismatch=0, nonmonotonic-PTS=0, key-flag-mismatch=0 | config-AUs=304, AUs-without-SPS/PPS=8761 | reassembly-depth=1/1, bytes=26823/2097152, age=3 ms/500 ms, high-water=103806 bytes/23 ms | SSRC=4011457692, restarts=1
bridge written=9005, dropped=58, connections/errors=107, AU-depth=0/4, bytes=0/4194304, current-age=0ms, max-depth=2, max-age=20ms, reconstruction-to-write-max=18059us
t=00:06:46 | packets=265323/265323 (312254881 bytes) | AUs complete=9095, IDR=305, incomplete=0 | gaps=0, out-of-order=0, bad-packets=0, oversized-datagrams=0, unsupported=0 | PTS-map-mismatch=0, nonmonotonic-PTS=0, key-flag-mismatch=0 | config-AUs=305, AUs-without-SPS/PPS=8790 | reassembly-depth=1/1, bytes=1171/2097152, age=0 ms/500 ms, high-water=103806 bytes/23 ms | SSRC=4011457692, restarts=1
bridge written=9035, dropped=58, connections/errors=107, AU-depth=0/4, bytes=0/4194304, current-age=0ms, max-depth=2, max-age=20ms, reconstruction-to-write-max=20704us
t=00:06:47 | packets=266201/266201 (313284738 bytes) | AUs complete=9126, IDR=306, incomplete=0 | gaps=0, out-of-order=0, bad-packets=0, oversized-datagrams=0, unsupported=0 | PTS-map-mismatch=0, nonmonotonic-PTS=0, key-flag-mismatch=0 | config-AUs=306, AUs-without-SPS/PPS=8820 | reassembly-depth=1/1, bytes=1171/2097152, age=0 ms/500 ms, high-water=103806 bytes/23 ms | SSRC=4011457692, restarts=1
bridge written=9066, dropped=58, connections/errors=107, AU-depth=0/4, bytes=0/4194304, current-age=0ms, max-depth=2, max-age=34ms, reconstruction-to-write-max=46284us
t=00:06:48 | packets=267118/267118 (314362354 bytes) | AUs complete=9157, IDR=307, incomplete=0 | gaps=0, out-of-order=0, bad-packets=0, oversized-datagrams=0, unsupported=0 | PTS-map-mismatch=0, nonmonotonic-PTS=0, key-flag-mismatch=0 | config-AUs=307, AUs-without-SPS/PPS=8850 | reassembly-depth=1/1, bytes=1171/2097152, age=0 ms/500 ms, high-water=103913 bytes/23 ms | SSRC=4011457692, restarts=1
bridge written=9097, dropped=58, connections/errors=107, AU-depth=0/4, bytes=0/4194304, current-age=0ms, max-depth=2, max-age=34ms, reconstruction-to-write-max=46284us
t=00:06:49 | packets=268016/268016 (315420014 bytes) | AUs complete=9187, IDR=308, incomplete=0 | gaps=0, out-of-order=0, bad-packets=0, oversized-datagrams=0, unsupported=0 | PTS-map-mismatch=0, nonmonotonic-PTS=0, key-flag-mismatch=0 | config-AUs=308, AUs-without-SPS/PPS=8879 | reassembly-depth=1/1, bytes=5835/2097152, age=1 ms/500 ms, high-water=103913 bytes/23 ms | SSRC=4011457692, restarts=1
bridge written=9127, dropped=58, connections/errors=107, AU-depth=0/4, bytes=0/4194304, current-age=0ms, max-depth=2, max-age=34ms, reconstruction-to-write-max=46284us
t=00:06:50 | packets=268895/268895 (316455027 bytes) | AUs complete=9217, IDR=309, incomplete=0 | gaps=0, out-of-order=0, bad-packets=0, oversized-datagrams=0, unsupported=0 | PTS-map-mismatch=0, nonmonotonic-PTS=0, key-flag-mismatch=0 | config-AUs=309, AUs-without-SPS/PPS=8908 | reassembly-depth=1/1, bytes=9333/2097152, age=1 ms/500 ms, high-water=103913 bytes/23 ms | SSRC=4011457692, restarts=1
bridge written=9157, dropped=58, connections/errors=107, AU-depth=0/4, bytes=0/4194304, current-age=0ms, max-depth=2, max-age=34ms, reconstruction-to-write-max=46284us
t=00:06:51 | packets=269737/269737 (317450032 bytes) | AUs complete=9247, IDR=310, incomplete=0 | gaps=0, out-of-order=0, bad-packets=0, oversized-datagrams=0, unsupported=0 | PTS-map-mismatch=0, nonmonotonic-PTS=0, key-flag-mismatch=0 | config-AUs=310, AUs-without-SPS/PPS=8937 | reassembly-depth=1/1, bytes=1171/2097152, age=0 ms/500 ms, high-water=103913 bytes/23 ms | SSRC=4011457692, restarts=1
bridge written=9187, dropped=58, connections/errors=107, AU-depth=0/4, bytes=0/4194304, current-age=0ms, max-depth=2, max-age=34ms, reconstruction-to-write-max=46284us
t=00:06:52 | packets=270662/270662 (318536529 bytes) | AUs complete=9278, IDR=311, incomplete=0 | gaps=0, out-of-order=0, bad-packets=0, oversized-datagrams=0, unsupported=0 | PTS-map-mismatch=0, nonmonotonic-PTS=0, key-flag-mismatch=0 | config-AUs=311, AUs-without-SPS/PPS=8967 | reassembly-depth=1/1, bytes=1171/2097152, age=0 ms/500 ms, high-water=103913 bytes/23 ms | SSRC=4011457692, restarts=1
bridge written=9218, dropped=58, connections/errors=107, AU-depth=0/4, bytes=0/4194304, current-age=0ms, max-depth=2, max-age=34ms, reconstruction-to-write-max=46284us
t=00:06:53 | packets=271547/271547 (319577340 bytes) | AUs complete=9308, IDR=312, incomplete=0 | gaps=0, out-of-order=0, bad-packets=0, oversized-datagrams=0, unsupported=0 | PTS-map-mismatch=0, nonmonotonic-PTS=0, key-flag-mismatch=0 | config-AUs=312, AUs-without-SPS/PPS=8996 | reassembly-depth=1/1, bytes=1171/2097152, age=0 ms/500 ms, high-water=103913 bytes/23 ms | SSRC=4011457692, restarts=1
bridge written=9248, dropped=58, connections/errors=107, AU-depth=0/4, bytes=0/4194304, current-age=0ms, max-depth=2, max-age=34ms, reconstruction-to-write-max=46284us
t=00:06:54 | packets=272419/272419 (320602185 bytes) | AUs complete=9338, IDR=313, incomplete=0 | gaps=0, out-of-order=0, bad-packets=0, oversized-datagrams=0, unsupported=0 | PTS-map-mismatch=0, nonmonotonic-PTS=0, key-flag-mismatch=0 | config-AUs=313, AUs-without-SPS/PPS=9025 | reassembly-depth=1/1, bytes=1171/2097152, age=0 ms/500 ms, high-water=103913 bytes/23 ms | SSRC=4011457692, restarts=1
bridge written=9278, dropped=58, connections/errors=107, AU-depth=0/4, bytes=0/4194304, current-age=0ms, max-depth=2, max-age=34ms, reconstruction-to-write-max=46284us
t=00:06:55 | packets=273321/273321 (321665025 bytes) | AUs complete=9368, IDR=314, incomplete=0 | gaps=0, out-of-order=0, bad-packets=0, oversized-datagrams=0, unsupported=0 | PTS-map-mismatch=0, nonmonotonic-PTS=0, key-flag-mismatch=0 | config-AUs=314, AUs-without-SPS/PPS=9054 | reassembly-depth=1/1, bytes=19827/2097152, age=4 ms/500 ms, high-water=105071 bytes/23 ms | SSRC=4011457692, restarts=1
bridge written=9308, dropped=58, connections/errors=107, AU-depth=0/4, bytes=0/4194304, current-age=0ms, max-depth=2, max-age=34ms, reconstruction-to-write-max=46284us
t=00:06:56 | packets=274173/274173 (322671286 bytes) | AUs complete=9398, IDR=315, incomplete=0 | gaps=0, out-of-order=0, bad-packets=0, oversized-datagrams=0, unsupported=0 | PTS-map-mismatch=0, nonmonotonic-PTS=0, key-flag-mismatch=0 | config-AUs=315, AUs-without-SPS/PPS=9083 | reassembly-depth=1/1, bytes=1171/2097152, age=0 ms/500 ms, high-water=109589 bytes/23 ms | SSRC=4011457692, restarts=1
bridge written=9338, dropped=58, connections/errors=107, AU-depth=0/4, bytes=0/4194304, current-age=0ms, max-depth=2, max-age=34ms, reconstruction-to-write-max=46284us
t=00:06:57 | packets=275070/275070 (323726741 bytes) | AUs complete=9428, IDR=316, incomplete=0 | gaps=0, out-of-order=0, bad-packets=0, oversized-datagrams=0, unsupported=0 | PTS-map-mismatch=0, nonmonotonic-PTS=0, key-flag-mismatch=0 | config-AUs=316, AUs-without-SPS/PPS=9112 | reassembly-depth=1/1, bytes=22159/2097152, age=3 ms/500 ms, high-water=109589 bytes/23 ms | SSRC=4011457692, restarts=1
bridge written=9368, dropped=58, connections/errors=107, AU-depth=0/4, bytes=0/4194304, current-age=0ms, max-depth=2, max-age=34ms, reconstruction-to-write-max=46284us
t=00:06:58 | packets=275943/275943 (324755723 bytes) | AUs complete=9458, IDR=317, incomplete=0 | gaps=0, out-of-order=0, bad-packets=0, oversized-datagrams=0, unsupported=0 | PTS-map-mismatch=0, nonmonotonic-PTS=0, key-flag-mismatch=0 | config-AUs=317, AUs-without-SPS/PPS=9141 | reassembly-depth=1/1, bytes=23325/2097152, age=3 ms/500 ms, high-water=112322 bytes/23 ms | SSRC=4011457692, restarts=1
bridge written=9398, dropped=58, connections/errors=107, AU-depth=0/4, bytes=0/4194304, current-age=0ms, max-depth=2, max-age=34ms, reconstruction-to-write-max=46284us
t=00:06:59 | packets=276803/276803 (325767576 bytes) | AUs complete=9489, IDR=318, incomplete=0 | gaps=0, out-of-order=0, bad-packets=0, oversized-datagrams=0, unsupported=0 | PTS-map-mismatch=0, nonmonotonic-PTS=0, key-flag-mismatch=0 | config-AUs=318, AUs-without-SPS/PPS=9171 | reassembly-depth=1/1, bytes=1171/2097152, age=0 ms/500 ms, high-water=112322 bytes/23 ms | SSRC=4011457692, restarts=1
bridge written=9429, dropped=58, connections/errors=107, AU-depth=0/4, bytes=0/4194304, current-age=0ms, max-depth=2, max-age=34ms, reconstruction-to-write-max=46284us
t=00:07:00 | packets=277692/277692 (326816893 bytes) | AUs complete=9519, IDR=319, incomplete=0 | gaps=0, out-of-order=0, bad-packets=0, oversized-datagrams=0, unsupported=0 | PTS-map-mismatch=0, nonmonotonic-PTS=0, key-flag-mismatch=0 | config-AUs=319, AUs-without-SPS/PPS=9200 | reassembly-depth=1/1, bytes=7001/2097152, age=1 ms/500 ms, high-water=115503 bytes/23 ms | SSRC=4011457692, restarts=1
bridge written=9459, dropped=58, connections/errors=107, AU-depth=0/4, bytes=0/4194304, current-age=0ms, max-depth=2, max-age=34ms, reconstruction-to-write-max=46284us
t=00:07:01 | packets=278604/278604 (327888254 bytes) | AUs complete=9550, IDR=320, incomplete=0 | gaps=0, out-of-order=0, bad-packets=0, oversized-datagrams=0, unsupported=0 | PTS-map-mismatch=0, nonmonotonic-PTS=0, key-flag-mismatch=0 | config-AUs=320, AUs-without-SPS/PPS=9230 | reassembly-depth=1/1, bytes=1171/2097152, age=0 ms/500 ms, high-water=115674 bytes/23 ms | SSRC=4011457692, restarts=1
bridge written=9490, dropped=58, connections/errors=107, AU-depth=0/4, bytes=0/4194304, current-age=0ms, max-depth=2, max-age=34ms, reconstruction-to-write-max=46284us
t=00:07:02 | packets=279489/279489 (328929340 bytes) | AUs complete=9580, IDR=321, incomplete=0 | gaps=0, out-of-order=0, bad-packets=0, oversized-datagrams=0, unsupported=0 | PTS-map-mismatch=0, nonmonotonic-PTS=0, key-flag-mismatch=0 | config-AUs=321, AUs-without-SPS/PPS=9259 | reassembly-depth=1/1, bytes=12831/2097152, age=1 ms/500 ms, high-water=116705 bytes/23 ms | SSRC=4011457692, restarts=1
bridge written=9520, dropped=58, connections/errors=107, AU-depth=0/4, bytes=0/4194304, current-age=0ms, max-depth=2, max-age=34ms, reconstruction-to-write-max=46284us
t=00:07:03 | packets=280377/280377 (329972920 bytes) | AUs complete=9610, IDR=322, incomplete=0 | gaps=0, out-of-order=0, bad-packets=0, oversized-datagrams=0, unsupported=0 | PTS-map-mismatch=0, nonmonotonic-PTS=0, key-flag-mismatch=0 | config-AUs=322, AUs-without-SPS/PPS=9288 | reassembly-depth=1/1, bytes=7001/2097152, age=0 ms/500 ms, high-water=120403 bytes/23 ms | SSRC=4011457692, restarts=1
bridge written=9550, dropped=58, connections/errors=107, AU-depth=0/4, bytes=0/4194304, current-age=0ms, max-depth=2, max-age=34ms, reconstruction-to-write-max=46284us
t=00:07:04 | packets=281219/281219 (330967799 bytes) | AUs complete=9640, IDR=323, incomplete=0 | gaps=0, out-of-order=0, bad-packets=0, oversized-datagrams=0, unsupported=0 | PTS-map-mismatch=0, nonmonotonic-PTS=0, key-flag-mismatch=0 | config-AUs=323, AUs-without-SPS/PPS=9317 | reassembly-depth=1/1, bytes=8167/2097152, age=1 ms/500 ms, high-water=120403 bytes/23 ms | SSRC=4011457692, restarts=1
bridge written=9580, dropped=58, connections/errors=107, AU-depth=0/4, bytes=0/4194304, current-age=0ms, max-depth=2, max-age=34ms, reconstruction-to-write-max=46284us
t=00:07:05 | packets=282111/282111 (332017458 bytes) | AUs complete=9670, IDR=324, incomplete=0 | gaps=0, out-of-order=0, bad-packets=0, oversized-datagrams=0, unsupported=0 | PTS-map-mismatch=0, nonmonotonic-PTS=0, key-flag-mismatch=0 | config-AUs=324, AUs-without-SPS/PPS=9346 | reassembly-depth=1/1, bytes=17495/2097152, age=2 ms/500 ms, high-water=120403 bytes/23 ms | SSRC=4011457692, restarts=1
bridge written=9610, dropped=58, connections/errors=107, AU-depth=0/4, bytes=0/4194304, current-age=0ms, max-depth=2, max-age=34ms, reconstruction-to-write-max=46284us
t=00:07:06 | packets=283000/283000 (333064720 bytes) | AUs complete=9701, IDR=325, incomplete=0 | gaps=0, out-of-order=0, bad-packets=0, oversized-datagrams=0, unsupported=0 | PTS-map-mismatch=0, nonmonotonic-PTS=0, key-flag-mismatch=0 | config-AUs=325, AUs-without-SPS/PPS=9376 | reassembly-depth=1/1, bytes=1171/2097152, age=0 ms/500 ms, high-water=120403 bytes/23 ms | SSRC=4011457692, restarts=1
bridge written=9641, dropped=58, connections/errors=107, AU-depth=0/4, bytes=0/4194304, current-age=0ms, max-depth=2, max-age=34ms, reconstruction-to-write-max=46284us
t=00:07:07 | packets=283882/283882 (334104472 bytes) | AUs complete=9731, IDR=326, incomplete=0 | gaps=0, out-of-order=0, bad-packets=0, oversized-datagrams=0, unsupported=0 | PTS-map-mismatch=0, nonmonotonic-PTS=0, key-flag-mismatch=0 | config-AUs=326, AUs-without-SPS/PPS=9405 | reassembly-depth=1/1, bytes=12831/2097152, age=3 ms/500 ms, high-water=120403 bytes/23 ms | SSRC=4011457692, restarts=1
bridge written=9671, dropped=58, connections/errors=107, AU-depth=0/4, bytes=0/4194304, current-age=0ms, max-depth=2, max-age=34ms, reconstruction-to-write-max=46284us
t=00:07:08 | packets=284772/284772 (335152411 bytes) | AUs complete=9761, IDR=327, incomplete=0 | gaps=0, out-of-order=0, bad-packets=0, oversized-datagrams=0, unsupported=0 | PTS-map-mismatch=0, nonmonotonic-PTS=0, key-flag-mismatch=0 | config-AUs=327, AUs-without-SPS/PPS=9434 | reassembly-depth=1/1, bytes=19827/2097152, age=4 ms/500 ms, high-water=120403 bytes/23 ms | SSRC=4011457692, restarts=1
bridge written=9701, dropped=58, connections/errors=107, AU-depth=0/4, bytes=0/4194304, current-age=0ms, max-depth=2, max-age=34ms, reconstruction-to-write-max=46284us
t=00:07:09 | packets=285632/285632 (336166297 bytes) | AUs complete=9791, IDR=328, incomplete=0 | gaps=0, out-of-order=0, bad-packets=0, oversized-datagrams=0, unsupported=0 | PTS-map-mismatch=0, nonmonotonic-PTS=0, key-flag-mismatch=0 | config-AUs=328, AUs-without-SPS/PPS=9463 | reassembly-depth=1/1, bytes=7001/2097152, age=1 ms/500 ms, high-water=120403 bytes/23 ms | SSRC=4011457692, restarts=1
bridge written=9731, dropped=58, connections/errors=107, AU-depth=0/4, bytes=0/4194304, current-age=0ms, max-depth=2, max-age=34ms, reconstruction-to-write-max=46284us
t=00:07:10 | packets=286492/286492 (337178449 bytes) | AUs complete=9821, IDR=329, incomplete=0 | gaps=0, out-of-order=0, bad-packets=0, oversized-datagrams=0, unsupported=0 | PTS-map-mismatch=0, nonmonotonic-PTS=0, key-flag-mismatch=0 | config-AUs=329, AUs-without-SPS/PPS=9492 | reassembly-depth=1/1, bytes=9333/2097152, age=1 ms/500 ms, high-water=120403 bytes/23 ms | SSRC=4011457692, restarts=1
bridge written=9761, dropped=58, connections/errors=107, AU-depth=0/4, bytes=0/4194304, current-age=0ms, max-depth=2, max-age=34ms, reconstruction-to-write-max=46284us
t=00:07:11 | packets=287363/287363 (338200947 bytes) | AUs complete=9851, IDR=330, incomplete=0 | gaps=0, out-of-order=0, bad-packets=0, oversized-datagrams=0, unsupported=0 | PTS-map-mismatch=0, nonmonotonic-PTS=0, key-flag-mismatch=0 | config-AUs=330, AUs-without-SPS/PPS=9521 | reassembly-depth=1/1, bytes=15163/2097152, age=3 ms/500 ms, high-water=120403 bytes/23 ms | SSRC=4011457692, restarts=1
bridge written=9791, dropped=58, connections/errors=107, AU-depth=0/4, bytes=0/4194304, current-age=0ms, max-depth=2, max-age=34ms, reconstruction-to-write-max=46284us
t=00:07:12 | packets=288250/288250 (339246740 bytes) | AUs complete=9881, IDR=331, incomplete=0 | gaps=0, out-of-order=0, bad-packets=0, oversized-datagrams=0, unsupported=0 | PTS-map-mismatch=0, nonmonotonic-PTS=0, key-flag-mismatch=0 | config-AUs=331, AUs-without-SPS/PPS=9550 | reassembly-depth=1/1, bytes=9333/2097152, age=3 ms/500 ms, high-water=120403 bytes/23 ms | SSRC=4011457692, restarts=1
bridge written=9821, dropped=58, connections/errors=107, AU-depth=0/4, bytes=0/4194304, current-age=0ms, max-depth=2, max-age=34ms, reconstruction-to-write-max=46284us
t=00:07:13 | packets=289104/289104 (340254030 bytes) | AUs complete=9911, IDR=332, incomplete=0 | gaps=0, out-of-order=0, bad-packets=0, oversized-datagrams=0, unsupported=0 | PTS-map-mismatch=0, nonmonotonic-PTS=0, key-flag-mismatch=0 | config-AUs=332, AUs-without-SPS/PPS=9579 | reassembly-depth=1/1, bytes=1171/2097152, age=0 ms/500 ms, high-water=120403 bytes/23 ms | SSRC=4011457692, restarts=1
bridge written=9851, dropped=58, connections/errors=107, AU-depth=0/4, bytes=0/4194304, current-age=0ms, max-depth=2, max-age=34ms, reconstruction-to-write-max=46284us
t=00:07:14 | packets=289994/289994 (341304467 bytes) | AUs complete=9941, IDR=333, incomplete=0 | gaps=0, out-of-order=0, bad-packets=0, oversized-datagrams=0, unsupported=0 | PTS-map-mismatch=0, nonmonotonic-PTS=0, key-flag-mismatch=0 | config-AUs=333, AUs-without-SPS/PPS=9608 | reassembly-depth=1/1, bytes=15163/2097152, age=1 ms/500 ms, high-water=120403 bytes/23 ms | SSRC=4011457692, restarts=1
bridge written=9881, dropped=58, connections/errors=107, AU-depth=0/4, bytes=0/4194304, current-age=0ms, max-depth=2, max-age=34ms, reconstruction-to-write-max=46284us
t=00:07:15 | packets=290857/290857 (342317809 bytes) | AUs complete=9971, IDR=334, incomplete=0 | gaps=0, out-of-order=0, bad-packets=0, oversized-datagrams=0, unsupported=0 | PTS-map-mismatch=0, nonmonotonic-PTS=0, key-flag-mismatch=0 | config-AUs=334, AUs-without-SPS/PPS=9637 | reassembly-depth=1/1, bytes=24491/2097152, age=5 ms/500 ms, high-water=120403 bytes/23 ms | SSRC=4011457692, restarts=1
bridge written=9911, dropped=58, connections/errors=107, AU-depth=0/4, bytes=0/4194304, current-age=0ms, max-depth=2, max-age=34ms, reconstruction-to-write-max=46284us
t=00:07:16 | packets=291735/291735 (343349873 bytes) | AUs complete=10001, IDR=335, incomplete=0 | gaps=0, out-of-order=0, bad-packets=0, oversized-datagrams=0, unsupported=0 | PTS-map-mismatch=0, nonmonotonic-PTS=0, key-flag-mismatch=0 | config-AUs=335, AUs-without-SPS/PPS=9666 | reassembly-depth=1/1, bytes=18661/2097152, age=4 ms/500 ms, high-water=120403 bytes/23 ms | SSRC=4011457692, restarts=1
bridge written=9941, dropped=58, connections/errors=107, AU-depth=0/4, bytes=0/4194304, current-age=0ms, max-depth=2, max-age=34ms, reconstruction-to-write-max=46284us
t=00:07:17 | packets=292606/292606 (344379028 bytes) | AUs complete=10031, IDR=336, incomplete=0 | gaps=0, out-of-order=0, bad-packets=0, oversized-datagrams=0, unsupported=0 | PTS-map-mismatch=0, nonmonotonic-PTS=0, key-flag-mismatch=0 | config-AUs=336, AUs-without-SPS/PPS=9695 | reassembly-depth=1/1, bytes=12831/2097152, age=3 ms/500 ms, high-water=120403 bytes/23 ms | SSRC=4011457692, restarts=1
bridge written=9971, dropped=58, connections/errors=107, AU-depth=0/4, bytes=0/4194304, current-age=0ms, max-depth=2, max-age=34ms, reconstruction-to-write-max=46284us
t=00:07:18 | packets=293472/293472 (345398768 bytes) | AUs complete=10062, IDR=337, incomplete=0 | gaps=0, out-of-order=0, bad-packets=0, oversized-datagrams=0, unsupported=0 | PTS-map-mismatch=0, nonmonotonic-PTS=0, key-flag-mismatch=0 | config-AUs=337, AUs-without-SPS/PPS=9725 | reassembly-depth=1/1, bytes=1171/2097152, age=0 ms/500 ms, high-water=120403 bytes/23 ms | SSRC=4011457692, restarts=1
bridge written=10002, dropped=58, connections/errors=107, AU-depth=0/4, bytes=0/4194304, current-age=0ms, max-depth=2, max-age=34ms, reconstruction-to-write-max=46284us
t=00:07:19 | packets=294353/294353 (346434336 bytes) | AUs complete=10092, IDR=338, incomplete=0 | gaps=0, out-of-order=0, bad-packets=0, oversized-datagrams=0, unsupported=0 | PTS-map-mismatch=0, nonmonotonic-PTS=0, key-flag-mismatch=0 | config-AUs=338, AUs-without-SPS/PPS=9754 | reassembly-depth=1/1, bytes=5835/2097152, age=0 ms/500 ms, high-water=120403 bytes/23 ms | SSRC=4011457692, restarts=1
bridge written=10032, dropped=58, connections/errors=107, AU-depth=0/4, bytes=0/4194304, current-age=0ms, max-depth=2, max-age=34ms, reconstruction-to-write-max=46284us
t=00:07:20 | packets=295265/295265 (347508151 bytes) | AUs complete=10123, IDR=339, incomplete=0 | gaps=0, out-of-order=0, bad-packets=0, oversized-datagrams=0, unsupported=0 | PTS-map-mismatch=0, nonmonotonic-PTS=0, key-flag-mismatch=0 | config-AUs=339, AUs-without-SPS/PPS=9784 | reassembly-depth=0/1, bytes=0/2097152, age=0 ms/500 ms, high-water=120403 bytes/23 ms | SSRC=4011457692, restarts=1
bridge written=10062, dropped=58, connections/errors=107, AU-depth=1/4, bytes=34136/4194304, current-age=0ms, max-depth=2, max-age=34ms, reconstruction-to-write-max=46284us
t=00:07:21 | packets=296110/296110 (348503331 bytes) | AUs complete=10152, IDR=340, incomplete=0 | gaps=0, out-of-order=0, bad-packets=0, oversized-datagrams=0, unsupported=0 | PTS-map-mismatch=0, nonmonotonic-PTS=0, key-flag-mismatch=0 | config-AUs=340, AUs-without-SPS/PPS=9812 | reassembly-depth=1/1, bytes=7001/2097152, age=0 ms/500 ms, high-water=120403 bytes/23 ms | SSRC=4011457692, restarts=1
bridge written=10092, dropped=58, connections/errors=107, AU-depth=0/4, bytes=0/4194304, current-age=0ms, max-depth=2, max-age=34ms, reconstruction-to-write-max=46284us
t=00:07:22 | packets=296988/296988 (349538233 bytes) | AUs complete=10182, IDR=341, incomplete=0 | gaps=0, out-of-order=0, bad-packets=0, oversized-datagrams=0, unsupported=0 | PTS-map-mismatch=0, nonmonotonic-PTS=0, key-flag-mismatch=0 | config-AUs=341, AUs-without-SPS/PPS=9841 | reassembly-depth=1/1, bytes=11665/2097152, age=2 ms/500 ms, high-water=120403 bytes/23 ms | SSRC=4011457692, restarts=1
bridge written=10122, dropped=58, connections/errors=107, AU-depth=0/4, bytes=0/4194304, current-age=0ms, max-depth=2, max-age=34ms, reconstruction-to-write-max=46284us
t=00:07:23 | packets=297866/297866 (350573081 bytes) | AUs complete=10213, IDR=342, incomplete=0 | gaps=0, out-of-order=0, bad-packets=0, oversized-datagrams=0, unsupported=0 | PTS-map-mismatch=0, nonmonotonic-PTS=0, key-flag-mismatch=0 | config-AUs=342, AUs-without-SPS/PPS=9871 | reassembly-depth=1/1, bytes=1171/2097152, age=0 ms/500 ms, high-water=120403 bytes/23 ms | SSRC=4011457692, restarts=1
bridge written=10153, dropped=58, connections/errors=107, AU-depth=0/4, bytes=0/4194304, current-age=0ms, max-depth=2, max-age=34ms, reconstruction-to-write-max=46284us
t=00:07:24 | packets=298742/298742 (351601555 bytes) | AUs complete=10243, IDR=343, incomplete=0 | gaps=0, out-of-order=0, bad-packets=0, oversized-datagrams=0, unsupported=0 | PTS-map-mismatch=0, nonmonotonic-PTS=0, key-flag-mismatch=0 | config-AUs=343, AUs-without-SPS/PPS=9900 | reassembly-depth=1/1, bytes=1171/2097152, age=0 ms/500 ms, high-water=120403 bytes/23 ms | SSRC=4011457692, restarts=1
bridge written=10183, dropped=58, connections/errors=107, AU-depth=0/4, bytes=0/4194304, current-age=0ms, max-depth=2, max-age=34ms, reconstruction-to-write-max=46284us
t=00:07:25 | packets=299627/299627 (352644671 bytes) | AUs complete=10273, IDR=344, incomplete=0 | gaps=0, out-of-order=0, bad-packets=0, oversized-datagrams=0, unsupported=0 | PTS-map-mismatch=0, nonmonotonic-PTS=0, key-flag-mismatch=0 | config-AUs=344, AUs-without-SPS/PPS=9929 | reassembly-depth=1/1, bytes=5835/2097152, age=1 ms/500 ms, high-water=120403 bytes/23 ms | SSRC=4011457692, restarts=1
bridge written=10213, dropped=58, connections/errors=107, AU-depth=0/4, bytes=0/4194304, current-age=0ms, max-depth=2, max-age=34ms, reconstruction-to-write-max=46284us
t=00:07:26 | packets=300482/300482 (353654356 bytes) | AUs complete=10303, IDR=345, incomplete=0 | gaps=0, out-of-order=0, bad-packets=0, oversized-datagrams=0, unsupported=0 | PTS-map-mismatch=0, nonmonotonic-PTS=0, key-flag-mismatch=0 | config-AUs=345, AUs-without-SPS/PPS=9958 | reassembly-depth=1/1, bytes=1171/2097152, age=0 ms/500 ms, high-water=120403 bytes/23 ms | SSRC=4011457692, restarts=1
bridge written=10243, dropped=58, connections/errors=107, AU-depth=0/4, bytes=0/4194304, current-age=0ms, max-depth=2, max-age=34ms, reconstruction-to-write-max=46284us
t=00:07:27 | packets=301352/301352 (354678683 bytes) | AUs complete=10333, IDR=346, incomplete=0 | gaps=0, out-of-order=0, bad-packets=0, oversized-datagrams=0, unsupported=0 | PTS-map-mismatch=0, nonmonotonic-PTS=0, key-flag-mismatch=0 | config-AUs=346, AUs-without-SPS/PPS=9987 | reassembly-depth=1/1, bytes=3503/2097152, age=0 ms/500 ms, high-water=120403 bytes/23 ms | SSRC=4011457692, restarts=1
bridge written=10273, dropped=58, connections/errors=107, AU-depth=0/4, bytes=0/4194304, current-age=0ms, max-depth=2, max-age=34ms, reconstruction-to-write-max=46284us
t=00:07:28 | packets=302231/302231 (355713959 bytes) | AUs complete=10363, IDR=347, incomplete=0 | gaps=0, out-of-order=0, bad-packets=0, oversized-datagrams=0, unsupported=0 | PTS-map-mismatch=0, nonmonotonic-PTS=0, key-flag-mismatch=0 | config-AUs=347, AUs-without-SPS/PPS=10016 | reassembly-depth=1/1, bytes=1171/2097152, age=0 ms/500 ms, high-water=120403 bytes/23 ms | SSRC=4011457692, restarts=1
bridge written=10303, dropped=58, connections/errors=107, AU-depth=0/4, bytes=0/4194304, current-age=0ms, max-depth=2, max-age=34ms, reconstruction-to-write-max=46284us
t=00:07:29 | packets=303153/303153 (356800865 bytes) | AUs complete=10394, IDR=348, incomplete=0 | gaps=0, out-of-order=0, bad-packets=0, oversized-datagrams=0, unsupported=0 | PTS-map-mismatch=0, nonmonotonic-PTS=0, key-flag-mismatch=0 | config-AUs=348, AUs-without-SPS/PPS=10046 | reassembly-depth=1/1, bytes=1171/2097152, age=0 ms/500 ms, high-water=120403 bytes/23 ms | SSRC=4011457692, restarts=1
bridge written=10334, dropped=58, connections/errors=107, AU-depth=0/4, bytes=0/4194304, current-age=0ms, max-depth=2, max-age=34ms, reconstruction-to-write-max=46284us
t=00:07:30 | packets=304051/304051 (357858337 bytes) | AUs complete=10425, IDR=349, incomplete=0 | gaps=0, out-of-order=0, bad-packets=0, oversized-datagrams=0, unsupported=0 | PTS-map-mismatch=0, nonmonotonic-PTS=0, key-flag-mismatch=0 | config-AUs=349, AUs-without-SPS/PPS=10076 | reassembly-depth=1/1, bytes=1171/2097152, age=0 ms/500 ms, high-water=120403 bytes/23 ms | SSRC=4011457692, restarts=1
bridge written=10365, dropped=58, connections/errors=107, AU-depth=0/4, bytes=0/4194304, current-age=0ms, max-depth=2, max-age=34ms, reconstruction-to-write-max=46284us
t=00:07:31 | packets=304925/304925 (358886862 bytes) | AUs complete=10455, IDR=350, incomplete=0 | gaps=0, out-of-order=0, bad-packets=0, oversized-datagrams=0, unsupported=0 | PTS-map-mismatch=0, nonmonotonic-PTS=0, key-flag-mismatch=0 | config-AUs=350, AUs-without-SPS/PPS=10105 | reassembly-depth=1/1, bytes=1171/2097152, age=0 ms/500 ms, high-water=120403 bytes/23 ms | SSRC=4011457692, restarts=1
bridge written=10395, dropped=58, connections/errors=107, AU-depth=0/4, bytes=0/4194304, current-age=0ms, max-depth=2, max-age=34ms, reconstruction-to-write-max=46284us
t=00:07:32 | packets=305758/305758 (359863482 bytes) | AUs complete=10485, IDR=351, incomplete=0 | gaps=0, out-of-order=0, bad-packets=0, oversized-datagrams=0, unsupported=0 | PTS-map-mismatch=0, nonmonotonic-PTS=0, key-flag-mismatch=0 | config-AUs=351, AUs-without-SPS/PPS=10134 | reassembly-depth=1/1, bytes=1171/2097152, age=0 ms/500 ms, high-water=120403 bytes/23 ms | SSRC=4011457692, restarts=1
bridge written=10425, dropped=58, connections/errors=107, AU-depth=0/4, bytes=0/4194304, current-age=0ms, max-depth=2, max-age=34ms, reconstruction-to-write-max=46284us
t=00:07:33 | packets=306691/306691 (360964397 bytes) | AUs complete=10515, IDR=352, incomplete=0 | gaps=0, out-of-order=0, bad-packets=0, oversized-datagrams=0, unsupported=0 | PTS-map-mismatch=0, nonmonotonic-PTS=0, key-flag-mismatch=0 | config-AUs=352, AUs-without-SPS/PPS=10163 | reassembly-depth=1/1, bytes=19827/2097152, age=1 ms/500 ms, high-water=120403 bytes/23 ms | SSRC=4011457692, restarts=1
bridge written=10455, dropped=58, connections/errors=107, AU-depth=0/4, bytes=0/4194304, current-age=0ms, max-depth=2, max-age=34ms, reconstruction-to-write-max=46284us
t=00:07:34 | packets=307573/307573 (362002296 bytes) | AUs complete=10545, IDR=353, incomplete=0 | gaps=0, out-of-order=0, bad-packets=0, oversized-datagrams=0, unsupported=0 | PTS-map-mismatch=0, nonmonotonic-PTS=0, key-flag-mismatch=0 | config-AUs=353, AUs-without-SPS/PPS=10192 | reassembly-depth=1/1, bytes=17495/2097152, age=2 ms/500 ms, high-water=120403 bytes/23 ms | SSRC=4011457692, restarts=1
bridge written=10485, dropped=58, connections/errors=107, AU-depth=0/4, bytes=0/4194304, current-age=0ms, max-depth=2, max-age=34ms, reconstruction-to-write-max=46284us
t=00:07:35 | packets=308427/308427 (363005805 bytes) | AUs complete=10576, IDR=354, incomplete=0 | gaps=0, out-of-order=0, bad-packets=0, oversized-datagrams=0, unsupported=0 | PTS-map-mismatch=0, nonmonotonic-PTS=0, key-flag-mismatch=0 | config-AUs=354, AUs-without-SPS/PPS=10222 | reassembly-depth=1/1, bytes=1171/2097152, age=0 ms/500 ms, high-water=120403 bytes/23 ms | SSRC=4011457692, restarts=1
bridge written=10516, dropped=58, connections/errors=107, AU-depth=0/4, bytes=0/4194304, current-age=0ms, max-depth=2, max-age=34ms, reconstruction-to-write-max=46284us
t=00:07:36 | packets=309285/309285 (364013453 bytes) | AUs complete=10606, IDR=355, incomplete=0 | gaps=0, out-of-order=0, bad-packets=0, oversized-datagrams=0, unsupported=0 | PTS-map-mismatch=0, nonmonotonic-PTS=0, key-flag-mismatch=0 | config-AUs=355, AUs-without-SPS/PPS=10251 | reassembly-depth=1/1, bytes=1171/2097152, age=0 ms/500 ms, high-water=120403 bytes/23 ms | SSRC=4011457692, restarts=1
bridge written=10546, dropped=58, connections/errors=107, AU-depth=0/4, bytes=0/4194304, current-age=0ms, max-depth=2, max-age=34ms, reconstruction-to-write-max=46284us
t=00:07:37 | packets=310148/310148 (365031263 bytes) | AUs complete=10636, IDR=356, incomplete=0 | gaps=0, out-of-order=0, bad-packets=0, oversized-datagrams=0, unsupported=0 | PTS-map-mismatch=0, nonmonotonic-PTS=0, key-flag-mismatch=0 | config-AUs=356, AUs-without-SPS/PPS=10280 | reassembly-depth=1/1, bytes=3503/2097152, age=0 ms/500 ms, high-water=120403 bytes/23 ms | SSRC=4011457692, restarts=1
bridge written=10576, dropped=58, connections/errors=107, AU-depth=0/4, bytes=0/4194304, current-age=0ms, max-depth=2, max-age=34ms, reconstruction-to-write-max=46284us
t=00:07:38 | packets=311010/311010 (366046691 bytes) | AUs complete=10666, IDR=357, incomplete=0 | gaps=0, out-of-order=0, bad-packets=0, oversized-datagrams=0, unsupported=0 | PTS-map-mismatch=0, nonmonotonic-PTS=0, key-flag-mismatch=0 | config-AUs=357, AUs-without-SPS/PPS=10309 | reassembly-depth=1/1, bytes=1171/2097152, age=0 ms/500 ms, high-water=120403 bytes/23 ms | SSRC=4011457692, restarts=1
bridge written=10606, dropped=58, connections/errors=107, AU-depth=0/4, bytes=0/4194304, current-age=0ms, max-depth=2, max-age=34ms, reconstruction-to-write-max=46284us
t=00:07:39 | packets=311900/311900 (367102633 bytes) | AUs complete=10697, IDR=358, incomplete=0 | gaps=0, out-of-order=0, bad-packets=0, oversized-datagrams=0, unsupported=0 | PTS-map-mismatch=0, nonmonotonic-PTS=0, key-flag-mismatch=0 | config-AUs=358, AUs-without-SPS/PPS=10339 | reassembly-depth=1/1, bytes=1171/2097152, age=0 ms/500 ms, high-water=120403 bytes/23 ms | SSRC=4011457692, restarts=1
bridge written=10637, dropped=58, connections/errors=107, AU-depth=0/4, bytes=0/4194304, current-age=0ms, max-depth=2, max-age=34ms, reconstruction-to-write-max=46284us
t=00:07:40 | packets=312771/312771 (368128630 bytes) | AUs complete=10727, IDR=359, incomplete=0 | gaps=0, out-of-order=0, bad-packets=0, oversized-datagrams=0, unsupported=0 | PTS-map-mismatch=0, nonmonotonic-PTS=0, key-flag-mismatch=0 | config-AUs=359, AUs-without-SPS/PPS=10368 | reassembly-depth=1/1, bytes=1171/2097152, age=0 ms/500 ms, high-water=120403 bytes/23 ms | SSRC=4011457692, restarts=1
bridge written=10667, dropped=58, connections/errors=107, AU-depth=0/4, bytes=0/4194304, current-age=0ms, max-depth=2, max-age=34ms, reconstruction-to-write-max=46284us
t=00:07:41 | packets=313656/313656 (369174108 bytes) | AUs complete=10757, IDR=360, incomplete=0 | gaps=0, out-of-order=0, bad-packets=0, oversized-datagrams=0, unsupported=0 | PTS-map-mismatch=0, nonmonotonic-PTS=0, key-flag-mismatch=0 | config-AUs=360, AUs-without-SPS/PPS=10397 | reassembly-depth=1/1, bytes=15163/2097152, age=4 ms/500 ms, high-water=120403 bytes/23 ms | SSRC=4011457692, restarts=1
bridge written=10697, dropped=58, connections/errors=107, AU-depth=0/4, bytes=0/4194304, current-age=0ms, max-depth=2, max-age=34ms, reconstruction-to-write-max=46284us
t=00:07:42 | packets=314543/314543 (370219042 bytes) | AUs complete=10787, IDR=361, incomplete=0 | gaps=0, out-of-order=0, bad-packets=0, oversized-datagrams=0, unsupported=0 | PTS-map-mismatch=0, nonmonotonic-PTS=0, key-flag-mismatch=0 | config-AUs=361, AUs-without-SPS/PPS=10426 | reassembly-depth=1/1, bytes=4669/2097152, age=0 ms/500 ms, high-water=120403 bytes/23 ms | SSRC=4011457692, restarts=1
bridge written=10727, dropped=58, connections/errors=107, AU-depth=0/4, bytes=0/4194304, current-age=0ms, max-depth=2, max-age=34ms, reconstruction-to-write-max=46284us
t=00:07:43 | packets=315411/315411 (371239025 bytes) | AUs complete=10817, IDR=362, incomplete=0 | gaps=0, out-of-order=0, bad-packets=0, oversized-datagrams=0, unsupported=0 | PTS-map-mismatch=0, nonmonotonic-PTS=0, key-flag-mismatch=0 | config-AUs=362, AUs-without-SPS/PPS=10455 | reassembly-depth=1/1, bytes=5835/2097152, age=2 ms/500 ms, high-water=120403 bytes/23 ms | SSRC=4011457692, restarts=1
bridge written=10757, dropped=58, connections/errors=107, AU-depth=0/4, bytes=0/4194304, current-age=0ms, max-depth=2, max-age=34ms, reconstruction-to-write-max=46284us
t=00:07:44 | packets=316366/316366 (372363802 bytes) | AUs complete=10847, IDR=363, incomplete=0 | gaps=0, out-of-order=0, bad-packets=0, oversized-datagrams=0, unsupported=0 | PTS-map-mismatch=0, nonmonotonic-PTS=0, key-flag-mismatch=0 | config-AUs=363, AUs-without-SPS/PPS=10484 | reassembly-depth=1/1, bytes=9333/2097152, age=2 ms/500 ms, high-water=120403 bytes/23 ms | SSRC=4011457692, restarts=1
bridge written=10787, dropped=58, connections/errors=107, AU-depth=0/4, bytes=0/4194304, current-age=0ms, max-depth=2, max-age=34ms, reconstruction-to-write-max=46284us
t=00:07:45 | packets=317267/317267 (373420360 bytes) | AUs complete=10878, IDR=364, incomplete=0 | gaps=0, out-of-order=0, bad-packets=0, oversized-datagrams=0, unsupported=0 | PTS-map-mismatch=0, nonmonotonic-PTS=0, key-flag-mismatch=0 | config-AUs=364, AUs-without-SPS/PPS=10514 | reassembly-depth=1/1, bytes=1171/2097152, age=0 ms/500 ms, high-water=120403 bytes/23 ms | SSRC=4011457692, restarts=1
bridge written=10818, dropped=58, connections/errors=107, AU-depth=0/4, bytes=0/4194304, current-age=0ms, max-depth=2, max-age=34ms, reconstruction-to-write-max=46284us
t=00:07:46 | packets=318103/318103 (374400019 bytes) | AUs complete=10908, IDR=365, incomplete=0 | gaps=0, out-of-order=0, bad-packets=0, oversized-datagrams=0, unsupported=0 | PTS-map-mismatch=0, nonmonotonic-PTS=0, key-flag-mismatch=0 | config-AUs=365, AUs-without-SPS/PPS=10543 | reassembly-depth=1/1, bytes=1171/2097152, age=0 ms/500 ms, high-water=120403 bytes/23 ms | SSRC=4011457692, restarts=1
bridge written=10848, dropped=58, connections/errors=107, AU-depth=0/4, bytes=0/4194304, current-age=0ms, max-depth=2, max-age=34ms, reconstruction-to-write-max=46284us
t=00:07:47 | packets=318956/318956 (375398840 bytes) | AUs complete=10938, IDR=366, incomplete=0 | gaps=0, out-of-order=0, bad-packets=0, oversized-datagrams=0, unsupported=0 | PTS-map-mismatch=0, nonmonotonic-PTS=0, key-flag-mismatch=0 | config-AUs=366, AUs-without-SPS/PPS=10572 | reassembly-depth=1/1, bytes=1171/2097152, age=0 ms/500 ms, high-water=120403 bytes/23 ms | SSRC=4011457692, restarts=1
bridge written=10878, dropped=58, connections/errors=107, AU-depth=0/4, bytes=0/4194304, current-age=0ms, max-depth=2, max-age=34ms, reconstruction-to-write-max=46284us
t=00:07:48 | packets=319881/319881 (376488049 bytes) | AUs complete=10968, IDR=367, incomplete=0 | gaps=0, out-of-order=0, bad-packets=0, oversized-datagrams=0, unsupported=0 | PTS-map-mismatch=0, nonmonotonic-PTS=0, key-flag-mismatch=0 | config-AUs=367, AUs-without-SPS/PPS=10601 | reassembly-depth=1/1, bytes=22159/2097152, age=6 ms/500 ms, high-water=120403 bytes/23 ms | SSRC=4011457692, restarts=1
bridge written=10908, dropped=58, connections/errors=107, AU-depth=0/4, bytes=0/4194304, current-age=0ms, max-depth=2, max-age=34ms, reconstruction-to-write-max=46284us
t=00:07:49 | packets=320747/320747 (377510893 bytes) | AUs complete=10998, IDR=368, incomplete=0 | gaps=0, out-of-order=0, bad-packets=0, oversized-datagrams=0, unsupported=0 | PTS-map-mismatch=0, nonmonotonic-PTS=0, key-flag-mismatch=0 | config-AUs=368, AUs-without-SPS/PPS=10630 | reassembly-depth=1/1, bytes=11665/2097152, age=3 ms/500 ms, high-water=120403 bytes/23 ms | SSRC=4011457692, restarts=1
bridge written=10938, dropped=58, connections/errors=107, AU-depth=0/4, bytes=0/4194304, current-age=0ms, max-depth=2, max-age=34ms, reconstruction-to-write-max=46284us
t=00:07:50 | packets=321643/321643 (378565665 bytes) | AUs complete=11028, IDR=369, incomplete=0 | gaps=0, out-of-order=0, bad-packets=0, oversized-datagrams=0, unsupported=0 | PTS-map-mismatch=0, nonmonotonic-PTS=0, key-flag-mismatch=0 | config-AUs=369, AUs-without-SPS/PPS=10659 | reassembly-depth=1/1, bytes=12831/2097152, age=2 ms/500 ms, high-water=120403 bytes/23 ms | SSRC=4011457692, restarts=1
bridge written=10968, dropped=58, connections/errors=107, AU-depth=0/4, bytes=0/4194304, current-age=0ms, max-depth=2, max-age=34ms, reconstruction-to-write-max=46284us
t=00:07:51 | packets=322501/322501 (379575666 bytes) | AUs complete=11058, IDR=370, incomplete=0 | gaps=0, out-of-order=0, bad-packets=0, oversized-datagrams=0, unsupported=0 | PTS-map-mismatch=0, nonmonotonic-PTS=0, key-flag-mismatch=0 | config-AUs=370, AUs-without-SPS/PPS=10688 | reassembly-depth=1/1, bytes=27989/2097152, age=3 ms/500 ms, high-water=120403 bytes/23 ms | SSRC=4011457692, restarts=1
bridge written=10998, dropped=58, connections/errors=107, AU-depth=0/4, bytes=0/4194304, current-age=0ms, max-depth=2, max-age=34ms, reconstruction-to-write-max=46284us
t=00:07:52 | packets=323397/323397 (380629427 bytes) | AUs complete=11089, IDR=371, incomplete=0 | gaps=0, out-of-order=0, bad-packets=0, oversized-datagrams=0, unsupported=0 | PTS-map-mismatch=0, nonmonotonic-PTS=0, key-flag-mismatch=0 | config-AUs=371, AUs-without-SPS/PPS=10718 | reassembly-depth=1/1, bytes=1171/2097152, age=0 ms/500 ms, high-water=120403 bytes/23 ms | SSRC=4011457692, restarts=1
bridge written=11029, dropped=58, connections/errors=107, AU-depth=0/4, bytes=0/4194304, current-age=0ms, max-depth=2, max-age=34ms, reconstruction-to-write-max=46284us
t=00:07:53 | packets=324316/324316 (381711530 bytes) | AUs complete=11119, IDR=372, incomplete=0 | gaps=0, out-of-order=0, bad-packets=0, oversized-datagrams=0, unsupported=0 | PTS-map-mismatch=0, nonmonotonic-PTS=0, key-flag-mismatch=0 | config-AUs=372, AUs-without-SPS/PPS=10747 | reassembly-depth=1/1, bytes=9333/2097152, age=3 ms/500 ms, high-water=120403 bytes/23 ms | SSRC=4011457692, restarts=1
bridge written=11059, dropped=58, connections/errors=107, AU-depth=0/4, bytes=0/4194304, current-age=0ms, max-depth=2, max-age=34ms, reconstruction-to-write-max=46284us
t=00:07:54 | packets=325166/325166 (382710703 bytes) | AUs complete=11149, IDR=373, incomplete=0 | gaps=0, out-of-order=0, bad-packets=0, oversized-datagrams=0, unsupported=0 | PTS-map-mismatch=0, nonmonotonic-PTS=0, key-flag-mismatch=0 | config-AUs=373, AUs-without-SPS/PPS=10776 | reassembly-depth=1/1, bytes=1171/2097152, age=0 ms/500 ms, high-water=120403 bytes/23 ms | SSRC=4011457692, restarts=1
bridge written=11089, dropped=58, connections/errors=107, AU-depth=0/4, bytes=0/4194304, current-age=0ms, max-depth=2, max-age=34ms, reconstruction-to-write-max=46284us
t=00:07:55 | packets=326074/326074 (383779707 bytes) | AUs complete=11179, IDR=374, incomplete=0 | gaps=0, out-of-order=0, bad-packets=0, oversized-datagrams=0, unsupported=0 | PTS-map-mismatch=0, nonmonotonic-PTS=0, key-flag-mismatch=0 | config-AUs=374, AUs-without-SPS/PPS=10805 | reassembly-depth=1/1, bytes=9333/2097152, age=1 ms/500 ms, high-water=120403 bytes/23 ms | SSRC=4011457692, restarts=1
bridge written=11119, dropped=58, connections/errors=107, AU-depth=0/4, bytes=0/4194304, current-age=0ms, max-depth=2, max-age=34ms, reconstruction-to-write-max=46284us
t=00:07:56 | packets=326974/326974 (384839347 bytes) | AUs complete=11210, IDR=375, incomplete=0 | gaps=0, out-of-order=0, bad-packets=0, oversized-datagrams=0, unsupported=0 | PTS-map-mismatch=0, nonmonotonic-PTS=0, key-flag-mismatch=0 | config-AUs=375, AUs-without-SPS/PPS=10835 | reassembly-depth=1/1, bytes=1171/2097152, age=0 ms/500 ms, high-water=120403 bytes/23 ms | SSRC=4011457692, restarts=1
bridge written=11150, dropped=58, connections/errors=107, AU-depth=0/4, bytes=0/4194304, current-age=0ms, max-depth=2, max-age=34ms, reconstruction-to-write-max=46284us
t=00:07:57 | packets=327828/327828 (385845703 bytes) | AUs complete=11240, IDR=376, incomplete=0 | gaps=0, out-of-order=0, bad-packets=0, oversized-datagrams=0, unsupported=0 | PTS-map-mismatch=0, nonmonotonic-PTS=0, key-flag-mismatch=0 | config-AUs=376, AUs-without-SPS/PPS=10864 | reassembly-depth=1/1, bytes=12831/2097152, age=1 ms/500 ms, high-water=120403 bytes/23 ms | SSRC=4011457692, restarts=1
bridge written=11180, dropped=58, connections/errors=107, AU-depth=0/4, bytes=0/4194304, current-age=0ms, max-depth=2, max-age=34ms, reconstruction-to-write-max=46284us
t=00:07:58 | packets=328689/328689 (386860475 bytes) | AUs complete=11271, IDR=377, incomplete=0 | gaps=0, out-of-order=0, bad-packets=0, oversized-datagrams=0, unsupported=0 | PTS-map-mismatch=0, nonmonotonic-PTS=0, key-flag-mismatch=0 | config-AUs=377, AUs-without-SPS/PPS=10894 | reassembly-depth=1/1, bytes=1171/2097152, age=0 ms/500 ms, high-water=120403 bytes/23 ms | SSRC=4011457692, restarts=1
bridge written=11211, dropped=58, connections/errors=107, AU-depth=0/4, bytes=0/4194304, current-age=0ms, max-depth=2, max-age=34ms, reconstruction-to-write-max=46284us
t=00:07:59 | packets=329603/329603 (387938624 bytes) | AUs complete=11301, IDR=378, incomplete=0 | gaps=0, out-of-order=0, bad-packets=0, oversized-datagrams=0, unsupported=0 | PTS-map-mismatch=0, nonmonotonic-PTS=0, key-flag-mismatch=0 | config-AUs=378, AUs-without-SPS/PPS=10923 | reassembly-depth=1/1, bytes=12831/2097152, age=3 ms/500 ms, high-water=120403 bytes/23 ms | SSRC=4011457692, restarts=1
bridge written=11241, dropped=58, connections/errors=107, AU-depth=0/4, bytes=0/4194304, current-age=0ms, max-depth=2, max-age=34ms, reconstruction-to-write-max=46284us
t=00:08:00 | packets=330451/330451 (388940207 bytes) | AUs complete=11331, IDR=379, incomplete=0 | gaps=0, out-of-order=0, bad-packets=0, oversized-datagrams=0, unsupported=0 | PTS-map-mismatch=0, nonmonotonic-PTS=0, key-flag-mismatch=0 | config-AUs=379, AUs-without-SPS/PPS=10952 | reassembly-depth=1/1, bytes=1171/2097152, age=0 ms/500 ms, high-water=120403 bytes/23 ms | SSRC=4011457692, restarts=1
bridge written=11271, dropped=58, connections/errors=107, AU-depth=0/4, bytes=0/4194304, current-age=0ms, max-depth=2, max-age=34ms, reconstruction-to-write-max=46284us
t=00:08:01 | packets=331356/331356 (390008149 bytes) | AUs complete=11361, IDR=380, incomplete=0 | gaps=0, out-of-order=0, bad-packets=0, oversized-datagrams=0, unsupported=0 | PTS-map-mismatch=0, nonmonotonic-PTS=0, key-flag-mismatch=0 | config-AUs=380, AUs-without-SPS/PPS=10981 | reassembly-depth=1/1, bytes=1171/2097152, age=0 ms/500 ms, high-water=120403 bytes/23 ms | SSRC=4011457692, restarts=1
bridge written=11301, dropped=58, connections/errors=107, AU-depth=0/4, bytes=0/4194304, current-age=0ms, max-depth=2, max-age=34ms, reconstruction-to-write-max=46284us
t=00:08:02 | packets=332212/332212 (391016584 bytes) | AUs complete=11391, IDR=381, incomplete=0 | gaps=0, out-of-order=0, bad-packets=0, oversized-datagrams=0, unsupported=0 | PTS-map-mismatch=0, nonmonotonic-PTS=0, key-flag-mismatch=0 | config-AUs=381, AUs-without-SPS/PPS=11010 | reassembly-depth=1/1, bytes=1171/2097152, age=0 ms/500 ms, high-water=120403 bytes/23 ms | SSRC=4011457692, restarts=1
bridge written=11331, dropped=58, connections/errors=107, AU-depth=0/4, bytes=0/4194304, current-age=0ms, max-depth=2, max-age=34ms, reconstruction-to-write-max=46284us
t=00:08:03 | packets=333166/333166 (392141831 bytes) | AUs complete=11421, IDR=382, incomplete=0 | gaps=0, out-of-order=0, bad-packets=0, oversized-datagrams=0, unsupported=0 | PTS-map-mismatch=0, nonmonotonic-PTS=0, key-flag-mismatch=0 | config-AUs=382, AUs-without-SPS/PPS=11039 | reassembly-depth=1/1, bytes=32653/2097152, age=4 ms/500 ms, high-water=120403 bytes/23 ms | SSRC=4011457692, restarts=1
bridge written=11361, dropped=58, connections/errors=107, AU-depth=0/4, bytes=0/4194304, current-age=0ms, max-depth=2, max-age=34ms, reconstruction-to-write-max=46284us
t=00:08:04 | packets=333983/333983 (393101939 bytes) | AUs complete=11451, IDR=383, incomplete=0 | gaps=0, out-of-order=0, bad-packets=0, oversized-datagrams=0, unsupported=0 | PTS-map-mismatch=0, nonmonotonic-PTS=0, key-flag-mismatch=0 | config-AUs=383, AUs-without-SPS/PPS=11068 | reassembly-depth=1/1, bytes=30321/2097152, age=7 ms/500 ms, high-water=120403 bytes/23 ms | SSRC=4011457692, restarts=1
bridge written=11391, dropped=58, connections/errors=107, AU-depth=0/4, bytes=0/4194304, current-age=0ms, max-depth=2, max-age=34ms, reconstruction-to-write-max=46284us
t=00:08:05 | packets=334845/334845 (394118752 bytes) | AUs complete=11481, IDR=384, incomplete=0 | gaps=0, out-of-order=0, bad-packets=0, oversized-datagrams=0, unsupported=0 | PTS-map-mismatch=0, nonmonotonic-PTS=0, key-flag-mismatch=0 | config-AUs=384, AUs-without-SPS/PPS=11097 | reassembly-depth=1/1, bytes=9333/2097152, age=1 ms/500 ms, high-water=120403 bytes/23 ms | SSRC=4011457692, restarts=1
bridge written=11421, dropped=58, connections/errors=107, AU-depth=0/4, bytes=0/4194304, current-age=0ms, max-depth=2, max-age=34ms, reconstruction-to-write-max=46284us
t=00:08:06 | packets=335755/335755 (395189793 bytes) | AUs complete=11511, IDR=385, incomplete=0 | gaps=0, out-of-order=0, bad-packets=0, oversized-datagrams=0, unsupported=0 | PTS-map-mismatch=0, nonmonotonic-PTS=0, key-flag-mismatch=0 | config-AUs=385, AUs-without-SPS/PPS=11126 | reassembly-depth=1/1, bytes=20993/2097152, age=5 ms/500 ms, high-water=120403 bytes/23 ms | SSRC=4011457692, restarts=1
bridge written=11451, dropped=58, connections/errors=107, AU-depth=0/4, bytes=0/4194304, current-age=0ms, max-depth=2, max-age=34ms, reconstruction-to-write-max=46284us
t=00:08:07 | packets=336624/336624 (396209114 bytes) | AUs complete=11542, IDR=386, incomplete=0 | gaps=0, out-of-order=0, bad-packets=0, oversized-datagrams=0, unsupported=0 | PTS-map-mismatch=0, nonmonotonic-PTS=0, key-flag-mismatch=0 | config-AUs=386, AUs-without-SPS/PPS=11156 | reassembly-depth=1/1, bytes=1171/2097152, age=0 ms/500 ms, high-water=120403 bytes/23 ms | SSRC=4011457692, restarts=1
bridge written=11482, dropped=58, connections/errors=107, AU-depth=0/4, bytes=0/4194304, current-age=0ms, max-depth=2, max-age=34ms, reconstruction-to-write-max=46284us
t=00:08:08 | packets=337519/337519 (397263225 bytes) | AUs complete=11572, IDR=387, incomplete=0 | gaps=0, out-of-order=0, bad-packets=0, oversized-datagrams=0, unsupported=0 | PTS-map-mismatch=0, nonmonotonic-PTS=0, key-flag-mismatch=0 | config-AUs=387, AUs-without-SPS/PPS=11185 | reassembly-depth=1/1, bytes=17495/2097152, age=4 ms/500 ms, high-water=120403 bytes/23 ms | SSRC=4011457692, restarts=1
bridge written=11512, dropped=58, connections/errors=107, AU-depth=0/4, bytes=0/4194304, current-age=0ms, max-depth=2, max-age=34ms, reconstruction-to-write-max=46284us
t=00:08:09 | packets=338366/338366 (398257733 bytes) | AUs complete=11602, IDR=388, incomplete=0 | gaps=0, out-of-order=0, bad-packets=0, oversized-datagrams=0, unsupported=0 | PTS-map-mismatch=0, nonmonotonic-PTS=0, key-flag-mismatch=0 | config-AUs=388, AUs-without-SPS/PPS=11214 | reassembly-depth=1/1, bytes=17495/2097152, age=9 ms/500 ms, high-water=120403 bytes/23 ms | SSRC=4011457692, restarts=1
bridge written=11542, dropped=58, connections/errors=107, AU-depth=0/4, bytes=0/4194304, current-age=0ms, max-depth=2, max-age=34ms, reconstruction-to-write-max=46284us
t=00:08:10 | packets=339263/339263 (399314132 bytes) | AUs complete=11633, IDR=389, incomplete=0 | gaps=0, out-of-order=0, bad-packets=0, oversized-datagrams=0, unsupported=0 | PTS-map-mismatch=0, nonmonotonic-PTS=0, key-flag-mismatch=0 | config-AUs=389, AUs-without-SPS/PPS=11244 | reassembly-depth=1/1, bytes=1171/2097152, age=0 ms/500 ms, high-water=120403 bytes/23 ms | SSRC=4011457692, restarts=1
bridge written=11573, dropped=58, connections/errors=107, AU-depth=0/4, bytes=0/4194304, current-age=0ms, max-depth=2, max-age=34ms, reconstruction-to-write-max=46284us
t=00:08:11 | packets=340132/340132 (400338870 bytes) | AUs complete=11663, IDR=390, incomplete=0 | gaps=0, out-of-order=0, bad-packets=0, oversized-datagrams=0, unsupported=0 | PTS-map-mismatch=0, nonmonotonic-PTS=0, key-flag-mismatch=0 | config-AUs=390, AUs-without-SPS/PPS=11273 | reassembly-depth=1/1, bytes=5835/2097152, age=0 ms/500 ms, high-water=120403 bytes/23 ms | SSRC=4011457692, restarts=1
bridge written=11603, dropped=58, connections/errors=107, AU-depth=0/4, bytes=0/4194304, current-age=0ms, max-depth=2, max-age=34ms, reconstruction-to-write-max=46284us
t=00:08:12 | packets=341001/341001 (401362953 bytes) | AUs complete=11693, IDR=391, incomplete=0 | gaps=0, out-of-order=0, bad-packets=0, oversized-datagrams=0, unsupported=0 | PTS-map-mismatch=0, nonmonotonic-PTS=0, key-flag-mismatch=0 | config-AUs=391, AUs-without-SPS/PPS=11302 | reassembly-depth=1/1, bytes=10499/2097152, age=2 ms/500 ms, high-water=120403 bytes/23 ms | SSRC=4011457692, restarts=1
bridge written=11633, dropped=58, connections/errors=107, AU-depth=0/4, bytes=0/4194304, current-age=0ms, max-depth=2, max-age=34ms, reconstruction-to-write-max=46284us
t=00:08:13 | packets=341874/341874 (402393312 bytes) | AUs complete=11723, IDR=392, incomplete=0 | gaps=0, out-of-order=0, bad-packets=0, oversized-datagrams=0, unsupported=0 | PTS-map-mismatch=0, nonmonotonic-PTS=0, key-flag-mismatch=0 | config-AUs=392, AUs-without-SPS/PPS=11331 | reassembly-depth=1/1, bytes=11665/2097152, age=6 ms/500 ms, high-water=120403 bytes/23 ms | SSRC=4011457692, restarts=1
bridge written=11663, dropped=58, connections/errors=107, AU-depth=0/4, bytes=0/4194304, current-age=0ms, max-depth=2, max-age=34ms, reconstruction-to-write-max=46284us
t=00:08:14 | packets=342765/342765 (403441528 bytes) | AUs complete=11754, IDR=393, incomplete=0 | gaps=0, out-of-order=0, bad-packets=0, oversized-datagrams=0, unsupported=0 | PTS-map-mismatch=0, nonmonotonic-PTS=0, key-flag-mismatch=0 | config-AUs=393, AUs-without-SPS/PPS=11361 | reassembly-depth=1/1, bytes=1171/2097152, age=0 ms/500 ms, high-water=120403 bytes/23 ms | SSRC=4011457692, restarts=1
bridge written=11694, dropped=58, connections/errors=107, AU-depth=0/4, bytes=0/4194304, current-age=0ms, max-depth=2, max-age=34ms, reconstruction-to-write-max=46284us
t=00:08:15 | packets=343651/343651 (404485257 bytes) | AUs complete=11784, IDR=394, incomplete=0 | gaps=0, out-of-order=0, bad-packets=0, oversized-datagrams=0, unsupported=0 | PTS-map-mismatch=0, nonmonotonic-PTS=0, key-flag-mismatch=0 | config-AUs=394, AUs-without-SPS/PPS=11390 | reassembly-depth=1/1, bytes=22159/2097152, age=4 ms/500 ms, high-water=120403 bytes/23 ms | SSRC=4011457692, restarts=1
bridge written=11724, dropped=58, connections/errors=107, AU-depth=0/4, bytes=0/4194304, current-age=0ms, max-depth=2, max-age=34ms, reconstruction-to-write-max=46284us
t=00:08:16 | packets=344533/344533 (405522525 bytes) | AUs complete=11814, IDR=395, incomplete=0 | gaps=0, out-of-order=0, bad-packets=0, oversized-datagrams=0, unsupported=0 | PTS-map-mismatch=0, nonmonotonic-PTS=0, key-flag-mismatch=0 | config-AUs=395, AUs-without-SPS/PPS=11419 | reassembly-depth=1/1, bytes=17495/2097152, age=3 ms/500 ms, high-water=120403 bytes/23 ms | SSRC=4011457692, restarts=1
bridge written=11754, dropped=58, connections/errors=107, AU-depth=0/4, bytes=0/4194304, current-age=0ms, max-depth=2, max-age=34ms, reconstruction-to-write-max=46284us
t=00:08:17 | packets=345372/345372 (406507709 bytes) | AUs complete=11844, IDR=396, incomplete=0 | gaps=0, out-of-order=0, bad-packets=0, oversized-datagrams=0, unsupported=0 | PTS-map-mismatch=0, nonmonotonic-PTS=0, key-flag-mismatch=0 | config-AUs=396, AUs-without-SPS/PPS=11448 | reassembly-depth=1/1, bytes=12831/2097152, age=2 ms/500 ms, high-water=120403 bytes/23 ms | SSRC=4011457692, restarts=1
bridge written=11784, dropped=58, connections/errors=107, AU-depth=0/4, bytes=0/4194304, current-age=0ms, max-depth=2, max-age=34ms, reconstruction-to-write-max=46284us
t=00:08:18 | packets=346280/346280 (407575021 bytes) | AUs complete=11875, IDR=397, incomplete=0 | gaps=0, out-of-order=0, bad-packets=0, oversized-datagrams=0, unsupported=0 | PTS-map-mismatch=0, nonmonotonic-PTS=0, key-flag-mismatch=0 | config-AUs=397, AUs-without-SPS/PPS=11478 | reassembly-depth=1/1, bytes=1171/2097152, age=0 ms/500 ms, high-water=120403 bytes/23 ms | SSRC=4011457692, restarts=1
bridge written=11815, dropped=58, connections/errors=107, AU-depth=0/4, bytes=0/4194304, current-age=0ms, max-depth=2, max-age=34ms, reconstruction-to-write-max=46284us
t=00:08:19 | packets=347172/347172 (408625976 bytes) | AUs complete=11906, IDR=398, incomplete=0 | gaps=0, out-of-order=0, bad-packets=0, oversized-datagrams=0, unsupported=0 | PTS-map-mismatch=0, nonmonotonic-PTS=0, key-flag-mismatch=0 | config-AUs=398, AUs-without-SPS/PPS=11508 | reassembly-depth=1/1, bytes=1171/2097152, age=0 ms/500 ms, high-water=120403 bytes/23 ms | SSRC=4011457692, restarts=1
bridge written=11846, dropped=58, connections/errors=107, AU-depth=0/4, bytes=0/4194304, current-age=0ms, max-depth=2, max-age=34ms, reconstruction-to-write-max=46284us
t=00:08:21 | packets=348034/348034 (409639278 bytes) | AUs complete=11936, IDR=399, incomplete=0 | gaps=0, out-of-order=0, bad-packets=0, oversized-datagrams=0, unsupported=0 | PTS-map-mismatch=0, nonmonotonic-PTS=0, key-flag-mismatch=0 | config-AUs=399, AUs-without-SPS/PPS=11537 | reassembly-depth=1/1, bytes=1171/2097152, age=0 ms/500 ms, high-water=120403 bytes/23 ms | SSRC=4011457692, restarts=1
bridge written=11876, dropped=58, connections/errors=107, AU-depth=0/4, bytes=0/4194304, current-age=0ms, max-depth=2, max-age=34ms, reconstruction-to-write-max=46284us
t=00:08:22 | packets=348980/348980 (410754026 bytes) | AUs complete=11966, IDR=400, incomplete=0 | gaps=0, out-of-order=0, bad-packets=0, oversized-datagrams=0, unsupported=0 | PTS-map-mismatch=0, nonmonotonic-PTS=0, key-flag-mismatch=0 | config-AUs=400, AUs-without-SPS/PPS=11566 | reassembly-depth=1/1, bytes=22159/2097152, age=3 ms/500 ms, high-water=120403 bytes/23 ms | SSRC=4011457692, restarts=1
bridge written=11906, dropped=58, connections/errors=107, AU-depth=0/4, bytes=0/4194304, current-age=0ms, max-depth=2, max-age=34ms, reconstruction-to-write-max=46284us
t=00:08:23 | packets=349855/349855 (411783843 bytes) | AUs complete=11996, IDR=401, incomplete=0 | gaps=0, out-of-order=0, bad-packets=0, oversized-datagrams=0, unsupported=0 | PTS-map-mismatch=0, nonmonotonic-PTS=0, key-flag-mismatch=0 | config-AUs=401, AUs-without-SPS/PPS=11595 | reassembly-depth=1/1, bytes=17495/2097152, age=6 ms/500 ms, high-water=120403 bytes/23 ms | SSRC=4011457692, restarts=1
bridge written=11936, dropped=58, connections/errors=107, AU-depth=0/4, bytes=0/4194304, current-age=0ms, max-depth=2, max-age=34ms, reconstruction-to-write-max=46284us
t=00:08:24 | packets=350720/350720 (412804455 bytes) | AUs complete=12026, IDR=402, incomplete=0 | gaps=0, out-of-order=0, bad-packets=0, oversized-datagrams=0, unsupported=0 | PTS-map-mismatch=0, nonmonotonic-PTS=0, key-flag-mismatch=0 | config-AUs=402, AUs-without-SPS/PPS=11624 | reassembly-depth=1/1, bytes=12831/2097152, age=1 ms/500 ms, high-water=120403 bytes/23 ms | SSRC=4011457692, restarts=1
bridge written=11966, dropped=58, connections/errors=107, AU-depth=0/4, bytes=0/4194304, current-age=0ms, max-depth=2, max-age=34ms, reconstruction-to-write-max=46284us
t=00:08:25 | packets=351594/351594 (413831948 bytes) | AUs complete=12056, IDR=403, incomplete=0 | gaps=0, out-of-order=0, bad-packets=0, oversized-datagrams=0, unsupported=0 | PTS-map-mismatch=0, nonmonotonic-PTS=0, key-flag-mismatch=0 | config-AUs=403, AUs-without-SPS/PPS=11653 | reassembly-depth=1/1, bytes=10499/2097152, age=0 ms/500 ms, high-water=120403 bytes/23 ms | SSRC=4011457692, restarts=1
bridge written=11996, dropped=58, connections/errors=107, AU-depth=0/4, bytes=0/4194304, current-age=0ms, max-depth=2, max-age=34ms, reconstruction-to-write-max=46284us
t=00:08:26 | packets=352445/352445 (414831590 bytes) | AUs complete=12086, IDR=404, incomplete=0 | gaps=0, out-of-order=0, bad-packets=0, oversized-datagrams=0, unsupported=0 | PTS-map-mismatch=0, nonmonotonic-PTS=0, key-flag-mismatch=0 | config-AUs=404, AUs-without-SPS/PPS=11682 | reassembly-depth=1/1, bytes=3503/2097152, age=0 ms/500 ms, high-water=120403 bytes/23 ms | SSRC=4011457692, restarts=1
bridge written=12026, dropped=58, connections/errors=107, AU-depth=0/4, bytes=0/4194304, current-age=0ms, max-depth=2, max-age=34ms, reconstruction-to-write-max=46284us
t=00:08:27 | packets=353319/353319 (415861250 bytes) | AUs complete=12116, IDR=405, incomplete=0 | gaps=0, out-of-order=0, bad-packets=0, oversized-datagrams=0, unsupported=0 | PTS-map-mismatch=0, nonmonotonic-PTS=0, key-flag-mismatch=0 | config-AUs=405, AUs-without-SPS/PPS=11711 | reassembly-depth=1/1, bytes=5835/2097152, age=5 ms/500 ms, high-water=120403 bytes/23 ms | SSRC=4011457692, restarts=1
bridge written=12056, dropped=58, connections/errors=107, AU-depth=0/4, bytes=0/4194304, current-age=0ms, max-depth=2, max-age=34ms, reconstruction-to-write-max=46284us
t=00:08:28 | packets=354191/354191 (416888842 bytes) | AUs complete=12146, IDR=406, incomplete=0 | gaps=0, out-of-order=0, bad-packets=0, oversized-datagrams=0, unsupported=0 | PTS-map-mismatch=0, nonmonotonic-PTS=0, key-flag-mismatch=0 | config-AUs=406, AUs-without-SPS/PPS=11740 | reassembly-depth=1/1, bytes=26823/2097152, age=5 ms/500 ms, high-water=120403 bytes/23 ms | SSRC=4011457692, restarts=1
bridge written=12086, dropped=58, connections/errors=107, AU-depth=0/4, bytes=0/4194304, current-age=0ms, max-depth=2, max-age=34ms, reconstruction-to-write-max=46284us
t=00:08:29 | packets=355095/355095 (417953363 bytes) | AUs complete=12177, IDR=407, incomplete=0 | gaps=0, out-of-order=0, bad-packets=0, oversized-datagrams=0, unsupported=0 | PTS-map-mismatch=0, nonmonotonic-PTS=0, key-flag-mismatch=0 | config-AUs=407, AUs-without-SPS/PPS=11770 | reassembly-depth=1/1, bytes=1171/2097152, age=0 ms/500 ms, high-water=120403 bytes/23 ms | SSRC=4011457692, restarts=1
bridge written=12117, dropped=58, connections/errors=107, AU-depth=0/4, bytes=0/4194304, current-age=0ms, max-depth=2, max-age=34ms, reconstruction-to-write-max=46284us
t=00:08:30 | packets=355981/355981 (418999666 bytes) | AUs complete=12207, IDR=408, incomplete=0 | gaps=0, out-of-order=0, bad-packets=0, oversized-datagrams=0, unsupported=0 | PTS-map-mismatch=0, nonmonotonic-PTS=0, key-flag-mismatch=0 | config-AUs=408, AUs-without-SPS/PPS=11799 | reassembly-depth=1/1, bytes=1171/2097152, age=0 ms/500 ms, high-water=120403 bytes/23 ms | SSRC=4011457692, restarts=1
bridge written=12147, dropped=58, connections/errors=107, AU-depth=0/4, bytes=0/4194304, current-age=0ms, max-depth=2, max-age=34ms, reconstruction-to-write-max=46284us
t=00:08:31 | packets=356923/356923 (420113714 bytes) | AUs complete=12237, IDR=409, incomplete=0 | gaps=0, out-of-order=0, bad-packets=0, oversized-datagrams=0, unsupported=0 | PTS-map-mismatch=0, nonmonotonic-PTS=0, key-flag-mismatch=0 | config-AUs=409, AUs-without-SPS/PPS=11828 | reassembly-depth=1/1, bytes=27989/2097152, age=5 ms/500 ms, high-water=120403 bytes/23 ms | SSRC=4011457692, restarts=1
bridge written=12177, dropped=58, connections/errors=107, AU-depth=0/4, bytes=0/4194304, current-age=0ms, max-depth=2, max-age=34ms, reconstruction-to-write-max=46284us
t=00:08:32 | packets=357777/357777 (421119794 bytes) | AUs complete=12268, IDR=410, incomplete=0 | gaps=0, out-of-order=0, bad-packets=0, oversized-datagrams=0, unsupported=0 | PTS-map-mismatch=0, nonmonotonic-PTS=0, key-flag-mismatch=0 | config-AUs=410, AUs-without-SPS/PPS=11858 | reassembly-depth=1/1, bytes=1171/2097152, age=0 ms/500 ms, high-water=120403 bytes/23 ms | SSRC=4011457692, restarts=1
bridge written=12208, dropped=58, connections/errors=107, AU-depth=0/4, bytes=0/4194304, current-age=0ms, max-depth=2, max-age=34ms, reconstruction-to-write-max=46284us
t=00:08:33 | packets=358647/358647 (422141880 bytes) | AUs complete=12298, IDR=411, incomplete=0 | gaps=0, out-of-order=0, bad-packets=0, oversized-datagrams=0, unsupported=0 | PTS-map-mismatch=0, nonmonotonic-PTS=0, key-flag-mismatch=0 | config-AUs=411, AUs-without-SPS/PPS=11887 | reassembly-depth=1/1, bytes=1171/2097152, age=0 ms/500 ms, high-water=120403 bytes/23 ms | SSRC=4011457692, restarts=1
bridge written=12238, dropped=58, connections/errors=107, AU-depth=0/4, bytes=0/4194304, current-age=0ms, max-depth=2, max-age=34ms, reconstruction-to-write-max=46284us
t=00:08:34 | packets=359511/359511 (423157804 bytes) | AUs complete=12328, IDR=412, incomplete=0 | gaps=0, out-of-order=0, bad-packets=0, oversized-datagrams=0, unsupported=0 | PTS-map-mismatch=0, nonmonotonic-PTS=0, key-flag-mismatch=0 | config-AUs=412, AUs-without-SPS/PPS=11916 | reassembly-depth=1/1, bytes=1171/2097152, age=0 ms/500 ms, high-water=120403 bytes/23 ms | SSRC=4011457692, restarts=1
bridge written=12268, dropped=58, connections/errors=107, AU-depth=0/4, bytes=0/4194304, current-age=0ms, max-depth=2, max-age=34ms, reconstruction-to-write-max=46284us
t=00:08:35 | packets=360450/360450 (424265463 bytes) | AUs complete=12358, IDR=413, incomplete=0 | gaps=0, out-of-order=0, bad-packets=0, oversized-datagrams=0, unsupported=0 | PTS-map-mismatch=0, nonmonotonic-PTS=0, key-flag-mismatch=0 | config-AUs=413, AUs-without-SPS/PPS=11945 | reassembly-depth=1/1, bytes=23325/2097152, age=5 ms/500 ms, high-water=120403 bytes/23 ms | SSRC=4011457692, restarts=1
bridge written=12298, dropped=58, connections/errors=107, AU-depth=0/4, bytes=0/4194304, current-age=0ms, max-depth=2, max-age=34ms, reconstruction-to-write-max=46284us
t=00:08:36 | packets=361302/361302 (425265405 bytes) | AUs complete=12389, IDR=414, incomplete=0 | gaps=0, out-of-order=0, bad-packets=0, oversized-datagrams=0, unsupported=0 | PTS-map-mismatch=0, nonmonotonic-PTS=0, key-flag-mismatch=0 | config-AUs=414, AUs-without-SPS/PPS=11975 | reassembly-depth=1/1, bytes=1171/2097152, age=0 ms/500 ms, high-water=120403 bytes/23 ms | SSRC=4011457692, restarts=1
bridge written=12329, dropped=58, connections/errors=107, AU-depth=0/4, bytes=0/4194304, current-age=0ms, max-depth=2, max-age=34ms, reconstruction-to-write-max=46284us
t=00:08:37 | packets=362183/362183 (426301603 bytes) | AUs complete=12419, IDR=415, incomplete=0 | gaps=0, out-of-order=0, bad-packets=0, oversized-datagrams=0, unsupported=0 | PTS-map-mismatch=0, nonmonotonic-PTS=0, key-flag-mismatch=0 | config-AUs=415, AUs-without-SPS/PPS=12004 | reassembly-depth=1/1, bytes=1171/2097152, age=0 ms/500 ms, high-water=120403 bytes/23 ms | SSRC=4011457692, restarts=1
bridge written=12359, dropped=58, connections/errors=107, AU-depth=0/4, bytes=0/4194304, current-age=0ms, max-depth=2, max-age=34ms, reconstruction-to-write-max=46284us
t=00:08:38 | packets=363092/363092 (427368457 bytes) | AUs complete=12449, IDR=416, incomplete=0 | gaps=0, out-of-order=0, bad-packets=0, oversized-datagrams=0, unsupported=0 | PTS-map-mismatch=0, nonmonotonic-PTS=0, key-flag-mismatch=0 | config-AUs=416, AUs-without-SPS/PPS=12033 | reassembly-depth=1/1, bytes=5835/2097152, age=1 ms/500 ms, high-water=120403 bytes/23 ms | SSRC=4011457692, restarts=1
bridge written=12389, dropped=58, connections/errors=107, AU-depth=0/4, bytes=0/4194304, current-age=0ms, max-depth=2, max-age=34ms, reconstruction-to-write-max=46284us
t=00:08:39 | packets=363934/363934 (428357767 bytes) | AUs complete=12479, IDR=417, incomplete=0 | gaps=0, out-of-order=0, bad-packets=0, oversized-datagrams=0, unsupported=0 | PTS-map-mismatch=0, nonmonotonic-PTS=0, key-flag-mismatch=0 | config-AUs=417, AUs-without-SPS/PPS=12062 | reassembly-depth=1/1, bytes=1171/2097152, age=0 ms/500 ms, high-water=120403 bytes/23 ms | SSRC=4011457692, restarts=1
bridge written=12419, dropped=58, connections/errors=107, AU-depth=0/4, bytes=0/4194304, current-age=0ms, max-depth=2, max-age=34ms, reconstruction-to-write-max=46284us
t=00:08:40 | packets=364779/364779 (429356249 bytes) | AUs complete=12509, IDR=418, incomplete=0 | gaps=0, out-of-order=0, bad-packets=0, oversized-datagrams=0, unsupported=0 | PTS-map-mismatch=0, nonmonotonic-PTS=0, key-flag-mismatch=0 | config-AUs=418, AUs-without-SPS/PPS=12091 | reassembly-depth=1/1, bytes=1171/2097152, age=0 ms/500 ms, high-water=120403 bytes/23 ms | SSRC=4011457692, restarts=1
bridge written=12449, dropped=58, connections/errors=107, AU-depth=0/4, bytes=0/4194304, current-age=0ms, max-depth=2, max-age=34ms, reconstruction-to-write-max=46284us
t=00:08:41 | packets=365696/365696 (430438615 bytes) | AUs complete=12540, IDR=419, incomplete=0 | gaps=0, out-of-order=0, bad-packets=0, oversized-datagrams=0, unsupported=0 | PTS-map-mismatch=0, nonmonotonic-PTS=0, key-flag-mismatch=0 | config-AUs=419, AUs-without-SPS/PPS=12121 | reassembly-depth=1/1, bytes=1171/2097152, age=0 ms/500 ms, high-water=120403 bytes/23 ms | SSRC=4011457692, restarts=1
bridge written=12480, dropped=58, connections/errors=107, AU-depth=0/4, bytes=0/4194304, current-age=0ms, max-depth=2, max-age=34ms, reconstruction-to-write-max=46284us
t=00:08:42 | packets=366554/366554 (431448848 bytes) | AUs complete=12570, IDR=420, incomplete=0 | gaps=0, out-of-order=0, bad-packets=0, oversized-datagrams=0, unsupported=0 | PTS-map-mismatch=0, nonmonotonic-PTS=0, key-flag-mismatch=0 | config-AUs=420, AUs-without-SPS/PPS=12150 | reassembly-depth=1/1, bytes=1171/2097152, age=0 ms/500 ms, high-water=120403 bytes/23 ms | SSRC=4011457692, restarts=1
bridge written=12510, dropped=58, connections/errors=107, AU-depth=0/4, bytes=0/4194304, current-age=0ms, max-depth=2, max-age=34ms, reconstruction-to-write-max=46284us
t=00:08:43 | packets=367477/367477 (432535809 bytes) | AUs complete=12600, IDR=421, incomplete=0 | gaps=0, out-of-order=0, bad-packets=0, oversized-datagrams=0, unsupported=0 | PTS-map-mismatch=0, nonmonotonic-PTS=0, key-flag-mismatch=0 | config-AUs=421, AUs-without-SPS/PPS=12179 | reassembly-depth=1/1, bytes=4669/2097152, age=0 ms/500 ms, high-water=120403 bytes/23 ms | SSRC=4011457692, restarts=1
bridge written=12540, dropped=58, connections/errors=107, AU-depth=0/4, bytes=0/4194304, current-age=0ms, max-depth=2, max-age=34ms, reconstruction-to-write-max=46284us
t=00:08:44 | packets=368340/368340 (433550973 bytes) | AUs complete=12630, IDR=422, incomplete=0 | gaps=0, out-of-order=0, bad-packets=0, oversized-datagrams=0, unsupported=0 | PTS-map-mismatch=0, nonmonotonic-PTS=0, key-flag-mismatch=0 | config-AUs=422, AUs-without-SPS/PPS=12208 | reassembly-depth=1/1, bytes=5835/2097152, age=2 ms/500 ms, high-water=120403 bytes/23 ms | SSRC=4011457692, restarts=1
bridge written=12570, dropped=58, connections/errors=107, AU-depth=0/4, bytes=0/4194304, current-age=0ms, max-depth=2, max-age=34ms, reconstruction-to-write-max=46284us
t=00:08:45 | packets=369216/369216 (434583381 bytes) | AUs complete=12660, IDR=423, incomplete=0 | gaps=0, out-of-order=0, bad-packets=0, oversized-datagrams=0, unsupported=0 | PTS-map-mismatch=0, nonmonotonic-PTS=0, key-flag-mismatch=0 | config-AUs=423, AUs-without-SPS/PPS=12237 | reassembly-depth=1/1, bytes=20993/2097152, age=1 ms/500 ms, high-water=120403 bytes/23 ms | SSRC=4011457692, restarts=1
bridge written=12600, dropped=58, connections/errors=107, AU-depth=0/4, bytes=0/4194304, current-age=0ms, max-depth=2, max-age=34ms, reconstruction-to-write-max=46284us
t=00:08:46 | packets=370102/370102 (435621742 bytes) | AUs complete=12690, IDR=424, incomplete=0 | gaps=0, out-of-order=0, bad-packets=0, oversized-datagrams=0, unsupported=0 | PTS-map-mismatch=0, nonmonotonic-PTS=0, key-flag-mismatch=0 | config-AUs=424, AUs-without-SPS/PPS=12266 | reassembly-depth=1/1, bytes=23325/2097152, age=3 ms/500 ms, high-water=120403 bytes/23 ms | SSRC=4011457692, restarts=1
bridge written=12630, dropped=58, connections/errors=107, AU-depth=0/4, bytes=0/4194304, current-age=0ms, max-depth=2, max-age=34ms, reconstruction-to-write-max=46284us
t=00:08:47 | packets=370989/370989 (436664937 bytes) | AUs complete=12721, IDR=425, incomplete=0 | gaps=0, out-of-order=0, bad-packets=0, oversized-datagrams=0, unsupported=0 | PTS-map-mismatch=0, nonmonotonic-PTS=0, key-flag-mismatch=0 | config-AUs=425, AUs-without-SPS/PPS=12296 | reassembly-depth=0/1, bytes=0/2097152, age=0 ms/500 ms, high-water=120403 bytes/23 ms | SSRC=4011457692, restarts=1
bridge written=12660, dropped=58, connections/errors=107, AU-depth=1/4, bytes=31892/4194304, current-age=0ms, max-depth=2, max-age=34ms, reconstruction-to-write-max=46284us
t=00:08:48 | packets=371850/371850 (437672348 bytes) | AUs complete=12750, IDR=426, incomplete=0 | gaps=0, out-of-order=0, bad-packets=0, oversized-datagrams=0, unsupported=0 | PTS-map-mismatch=0, nonmonotonic-PTS=0, key-flag-mismatch=0 | config-AUs=426, AUs-without-SPS/PPS=12324 | reassembly-depth=1/1, bytes=1171/2097152, age=0 ms/500 ms, high-water=120403 bytes/23 ms | SSRC=4011457692, restarts=1
bridge written=12690, dropped=58, connections/errors=107, AU-depth=0/4, bytes=0/4194304, current-age=0ms, max-depth=2, max-age=34ms, reconstruction-to-write-max=46284us
t=00:08:49 | packets=372762/372762 (438741610 bytes) | AUs complete=12781, IDR=427, incomplete=0 | gaps=0, out-of-order=0, bad-packets=0, oversized-datagrams=0, unsupported=0 | PTS-map-mismatch=0, nonmonotonic-PTS=0, key-flag-mismatch=0 | config-AUs=427, AUs-without-SPS/PPS=12354 | reassembly-depth=1/1, bytes=25/2097152, age=0 ms/500 ms, high-water=120403 bytes/23 ms | SSRC=4011457692, restarts=1
bridge written=12721, dropped=58, connections/errors=107, AU-depth=0/4, bytes=0/4194304, current-age=0ms, max-depth=2, max-age=34ms, reconstruction-to-write-max=46284us
t=00:08:50 | packets=373644/373644 (439776339 bytes) | AUs complete=12811, IDR=428, incomplete=0 | gaps=0, out-of-order=0, bad-packets=0, oversized-datagrams=0, unsupported=0 | PTS-map-mismatch=0, nonmonotonic-PTS=0, key-flag-mismatch=0 | config-AUs=428, AUs-without-SPS/PPS=12383 | reassembly-depth=1/1, bytes=25/2097152, age=0 ms/500 ms, high-water=120403 bytes/23 ms | SSRC=4011457692, restarts=1
bridge written=12751, dropped=58, connections/errors=107, AU-depth=0/4, bytes=0/4194304, current-age=0ms, max-depth=2, max-age=34ms, reconstruction-to-write-max=46284us
t=00:08:51 | packets=374527/374527 (440814392 bytes) | AUs complete=12841, IDR=429, incomplete=0 | gaps=0, out-of-order=0, bad-packets=0, oversized-datagrams=0, unsupported=0 | PTS-map-mismatch=0, nonmonotonic-PTS=0, key-flag-mismatch=0 | config-AUs=429, AUs-without-SPS/PPS=12412 | reassembly-depth=1/1, bytes=25/2097152, age=0 ms/500 ms, high-water=120403 bytes/23 ms | SSRC=4011457692, restarts=1
bridge written=12781, dropped=58, connections/errors=107, AU-depth=0/4, bytes=0/4194304, current-age=0ms, max-depth=2, max-age=34ms, reconstruction-to-write-max=46284us
t=00:08:52 | packets=375447/375447 (441894250 bytes) | AUs complete=12871, IDR=430, incomplete=0 | gaps=0, out-of-order=0, bad-packets=0, oversized-datagrams=0, unsupported=0 | PTS-map-mismatch=0, nonmonotonic-PTS=0, key-flag-mismatch=0 | config-AUs=430, AUs-without-SPS/PPS=12441 | reassembly-depth=1/1, bytes=42014/2097152, age=10 ms/500 ms, high-water=120403 bytes/23 ms | SSRC=4011457692, restarts=1
bridge written=12811, dropped=58, connections/errors=107, AU-depth=0/4, bytes=0/4194304, current-age=0ms, max-depth=2, max-age=34ms, reconstruction-to-write-max=46284us
t=00:08:53 | packets=376317/376317 (442917816 bytes) | AUs complete=12901, IDR=431, incomplete=0 | gaps=0, out-of-order=0, bad-packets=0, oversized-datagrams=0, unsupported=0 | PTS-map-mismatch=0, nonmonotonic-PTS=0, key-flag-mismatch=0 | config-AUs=431, AUs-without-SPS/PPS=12470 | reassembly-depth=1/1, bytes=44346/2097152, age=7 ms/500 ms, high-water=120403 bytes/23 ms | SSRC=4011457692, restarts=1
bridge written=12841, dropped=58, connections/errors=107, AU-depth=0/4, bytes=0/4194304, current-age=0ms, max-depth=2, max-age=34ms, reconstruction-to-write-max=46284us
t=00:08:54 | packets=377209/377209 (443964882 bytes) | AUs complete=12931, IDR=432, incomplete=0 | gaps=0, out-of-order=0, bad-packets=0, oversized-datagrams=0, unsupported=0 | PTS-map-mismatch=0, nonmonotonic-PTS=0, key-flag-mismatch=0 | config-AUs=432, AUs-without-SPS/PPS=12499 | reassembly-depth=1/1, bytes=52508/2097152, age=11 ms/500 ms, high-water=120403 bytes/23 ms | SSRC=4011457692, restarts=1
bridge written=12871, dropped=58, connections/errors=107, AU-depth=0/4, bytes=0/4194304, current-age=0ms, max-depth=2, max-age=34ms, reconstruction-to-write-max=46284us
t=00:08:55 | packets=378109/378109 (445020687 bytes) | AUs complete=12962, IDR=434, incomplete=0 | gaps=0, out-of-order=0, bad-packets=0, oversized-datagrams=0, unsupported=0 | PTS-map-mismatch=0, nonmonotonic-PTS=0, key-flag-mismatch=0 | config-AUs=434, AUs-without-SPS/PPS=12528 | reassembly-depth=1/1, bytes=1171/2097152, age=0 ms/500 ms, high-water=120403 bytes/23 ms | SSRC=4011457692, restarts=1
bridge written=12902, dropped=58, connections/errors=107, AU-depth=0/4, bytes=0/4194304, current-age=0ms, max-depth=2, max-age=34ms, reconstruction-to-write-max=46284us
t=00:08:56 | packets=378991/378991 (446057649 bytes) | AUs complete=12992, IDR=435, incomplete=0 | gaps=0, out-of-order=0, bad-packets=0, oversized-datagrams=0, unsupported=0 | PTS-map-mismatch=0, nonmonotonic-PTS=0, key-flag-mismatch=0 | config-AUs=435, AUs-without-SPS/PPS=12557 | reassembly-depth=1/1, bytes=1171/2097152, age=0 ms/500 ms, high-water=120403 bytes/23 ms | SSRC=4011457692, restarts=1
bridge written=12931, dropped=58, connections/errors=107, AU-depth=1/4, bytes=88140/4194304, current-age=14ms, max-depth=2, max-age=34ms, reconstruction-to-write-max=46284us
t=00:08:57 | packets=379871/379871 (447090723 bytes) | AUs complete=13022, IDR=436, incomplete=0 | gaps=0, out-of-order=0, bad-packets=0, oversized-datagrams=0, unsupported=0 | PTS-map-mismatch=0, nonmonotonic-PTS=0, key-flag-mismatch=0 | config-AUs=436, AUs-without-SPS/PPS=12586 | reassembly-depth=1/1, bytes=16329/2097152, age=2 ms/500 ms, high-water=120403 bytes/23 ms | SSRC=4011457692, restarts=1
bridge written=12962, dropped=58, connections/errors=107, AU-depth=0/4, bytes=0/4194304, current-age=0ms, max-depth=2, max-age=34ms, reconstruction-to-write-max=46284us
t=00:08:58 | packets=380773/380773 (448149067 bytes) | AUs complete=13053, IDR=437, incomplete=0 | gaps=0, out-of-order=0, bad-packets=0, oversized-datagrams=0, unsupported=0 | PTS-map-mismatch=0, nonmonotonic-PTS=0, key-flag-mismatch=0 | config-AUs=437, AUs-without-SPS/PPS=12616 | reassembly-depth=1/1, bytes=1171/2097152, age=0 ms/500 ms, high-water=120403 bytes/23 ms | SSRC=4011457692, restarts=1
bridge written=12993, dropped=58, connections/errors=107, AU-depth=0/4, bytes=0/4194304, current-age=0ms, max-depth=2, max-age=34ms, reconstruction-to-write-max=46284us
t=00:08:59 | packets=381645/381645 (449170274 bytes) | AUs complete=13083, IDR=438, incomplete=0 | gaps=0, out-of-order=0, bad-packets=0, oversized-datagrams=0, unsupported=0 | PTS-map-mismatch=0, nonmonotonic-PTS=0, key-flag-mismatch=0 | config-AUs=438, AUs-without-SPS/PPS=12645 | reassembly-depth=1/1, bytes=1171/2097152, age=0 ms/500 ms, high-water=120403 bytes/23 ms | SSRC=4011457692, restarts=1
bridge written=13023, dropped=58, connections/errors=107, AU-depth=0/4, bytes=0/4194304, current-age=0ms, max-depth=2, max-age=34ms, reconstruction-to-write-max=46284us
t=00:09:00 | packets=382533/382533 (450211659 bytes) | AUs complete=13113, IDR=439, incomplete=0 | gaps=0, out-of-order=0, bad-packets=0, oversized-datagrams=0, unsupported=0 | PTS-map-mismatch=0, nonmonotonic-PTS=0, key-flag-mismatch=0 | config-AUs=439, AUs-without-SPS/PPS=12674 | reassembly-depth=1/1, bytes=1171/2097152, age=0 ms/500 ms, high-water=120403 bytes/23 ms | SSRC=4011457692, restarts=1
bridge written=13053, dropped=58, connections/errors=107, AU-depth=0/4, bytes=0/4194304, current-age=0ms, max-depth=2, max-age=34ms, reconstruction-to-write-max=46284us
t=00:09:01 | packets=383420/383420 (451252591 bytes) | AUs complete=13143, IDR=440, incomplete=0 | gaps=0, out-of-order=0, bad-packets=0, oversized-datagrams=0, unsupported=0 | PTS-map-mismatch=0, nonmonotonic-PTS=0, key-flag-mismatch=0 | config-AUs=440, AUs-without-SPS/PPS=12703 | reassembly-depth=1/1, bytes=22159/2097152, age=3 ms/500 ms, high-water=120403 bytes/23 ms | SSRC=4011457692, restarts=1
bridge written=13083, dropped=58, connections/errors=107, AU-depth=0/4, bytes=0/4194304, current-age=0ms, max-depth=2, max-age=34ms, reconstruction-to-write-max=46284us
t=00:09:02 | packets=384315/384315 (452303580 bytes) | AUs complete=13174, IDR=441, incomplete=0 | gaps=0, out-of-order=0, bad-packets=0, oversized-datagrams=0, unsupported=0 | PTS-map-mismatch=0, nonmonotonic-PTS=0, key-flag-mismatch=0 | config-AUs=441, AUs-without-SPS/PPS=12733 | reassembly-depth=1/1, bytes=1171/2097152, age=0 ms/500 ms, high-water=120403 bytes/23 ms | SSRC=4011457692, restarts=1
bridge written=13114, dropped=58, connections/errors=107, AU-depth=0/4, bytes=0/4194304, current-age=0ms, max-depth=2, max-age=34ms, reconstruction-to-write-max=46284us
t=00:09:03 | packets=385183/385183 (453323035 bytes) | AUs complete=13204, IDR=442, incomplete=0 | gaps=0, out-of-order=0, bad-packets=0, oversized-datagrams=0, unsupported=0 | PTS-map-mismatch=0, nonmonotonic-PTS=0, key-flag-mismatch=0 | config-AUs=442, AUs-without-SPS/PPS=12762 | reassembly-depth=1/1, bytes=1171/2097152, age=0 ms/500 ms, high-water=120403 bytes/23 ms | SSRC=4011457692, restarts=1
bridge written=13144, dropped=58, connections/errors=107, AU-depth=0/4, bytes=0/4194304, current-age=0ms, max-depth=2, max-age=34ms, reconstruction-to-write-max=46284us
t=00:09:04 | packets=386071/386071 (454368320 bytes) | AUs complete=13234, IDR=443, incomplete=0 | gaps=0, out-of-order=0, bad-packets=0, oversized-datagrams=0, unsupported=0 | PTS-map-mismatch=0, nonmonotonic-PTS=0, key-flag-mismatch=0 | config-AUs=443, AUs-without-SPS/PPS=12791 | reassembly-depth=1/1, bytes=7001/2097152, age=1 ms/500 ms, high-water=120403 bytes/23 ms | SSRC=4011457692, restarts=1
bridge written=13174, dropped=58, connections/errors=107, AU-depth=0/4, bytes=0/4194304, current-age=0ms, max-depth=2, max-age=34ms, reconstruction-to-write-max=46284us
t=00:09:05 | packets=386946/386946 (455394667 bytes) | AUs complete=13264, IDR=444, incomplete=0 | gaps=0, out-of-order=0, bad-packets=0, oversized-datagrams=0, unsupported=0 | PTS-map-mismatch=0, nonmonotonic-PTS=0, key-flag-mismatch=0 | config-AUs=444, AUs-without-SPS/PPS=12820 | reassembly-depth=1/1, bytes=17495/2097152, age=2 ms/500 ms, high-water=120403 bytes/23 ms | SSRC=4011457692, restarts=1
bridge written=13204, dropped=58, connections/errors=107, AU-depth=0/4, bytes=0/4194304, current-age=0ms, max-depth=2, max-age=34ms, reconstruction-to-write-max=46284us
t=00:09:06 | packets=387841/387841 (456446691 bytes) | AUs complete=13295, IDR=445, incomplete=0 | gaps=0, out-of-order=0, bad-packets=0, oversized-datagrams=0, unsupported=0 | PTS-map-mismatch=0, nonmonotonic-PTS=0, key-flag-mismatch=0 | config-AUs=445, AUs-without-SPS/PPS=12850 | reassembly-depth=1/1, bytes=1171/2097152, age=0 ms/500 ms, high-water=120403 bytes/23 ms | SSRC=4011457692, restarts=1
bridge written=13235, dropped=58, connections/errors=107, AU-depth=0/4, bytes=0/4194304, current-age=0ms, max-depth=2, max-age=34ms, reconstruction-to-write-max=46284us
t=00:09:07 | packets=388725/388725 (457486693 bytes) | AUs complete=13325, IDR=446, incomplete=0 | gaps=0, out-of-order=0, bad-packets=0, oversized-datagrams=0, unsupported=0 | PTS-map-mismatch=0, nonmonotonic-PTS=0, key-flag-mismatch=0 | config-AUs=446, AUs-without-SPS/PPS=12879 | reassembly-depth=1/1, bytes=1171/2097152, age=0 ms/500 ms, high-water=120403 bytes/23 ms | SSRC=4011457692, restarts=1
bridge written=13265, dropped=58, connections/errors=107, AU-depth=0/4, bytes=0/4194304, current-age=0ms, max-depth=2, max-age=34ms, reconstruction-to-write-max=46284us
t=00:09:08 | packets=389615/389615 (458531612 bytes) | AUs complete=13355, IDR=447, incomplete=0 | gaps=0, out-of-order=0, bad-packets=0, oversized-datagrams=0, unsupported=0 | PTS-map-mismatch=0, nonmonotonic-PTS=0, key-flag-mismatch=0 | config-AUs=447, AUs-without-SPS/PPS=12908 | reassembly-depth=1/1, bytes=26823/2097152, age=1 ms/500 ms, high-water=120403 bytes/23 ms | SSRC=4011457692, restarts=1
bridge written=13295, dropped=58, connections/errors=107, AU-depth=0/4, bytes=0/4194304, current-age=0ms, max-depth=2, max-age=34ms, reconstruction-to-write-max=46284us
t=00:09:09 | packets=390464/390464 (459526415 bytes) | AUs complete=13385, IDR=448, incomplete=0 | gaps=0, out-of-order=0, bad-packets=0, oversized-datagrams=0, unsupported=0 | PTS-map-mismatch=0, nonmonotonic-PTS=0, key-flag-mismatch=0 | config-AUs=448, AUs-without-SPS/PPS=12937 | reassembly-depth=1/1, bytes=1171/2097152, age=0 ms/500 ms, high-water=120403 bytes/23 ms | SSRC=4011457692, restarts=1
bridge written=13325, dropped=58, connections/errors=107, AU-depth=0/4, bytes=0/4194304, current-age=0ms, max-depth=2, max-age=34ms, reconstruction-to-write-max=46284us
t=00:09:10 | packets=391367/391367 (460584908 bytes) | AUs complete=13415, IDR=449, incomplete=0 | gaps=0, out-of-order=0, bad-packets=0, oversized-datagrams=0, unsupported=0 | PTS-map-mismatch=0, nonmonotonic-PTS=0, key-flag-mismatch=0 | config-AUs=449, AUs-without-SPS/PPS=12966 | reassembly-depth=1/1, bytes=18661/2097152, age=1 ms/500 ms, high-water=120403 bytes/23 ms | SSRC=4011457692, restarts=1
bridge written=13355, dropped=58, connections/errors=107, AU-depth=0/4, bytes=0/4194304, current-age=0ms, max-depth=2, max-age=34ms, reconstruction-to-write-max=46284us
t=00:09:11 | packets=392263/392263 (461633306 bytes) | AUs complete=13446, IDR=450, incomplete=0 | gaps=0, out-of-order=0, bad-packets=0, oversized-datagrams=0, unsupported=0 | PTS-map-mismatch=0, nonmonotonic-PTS=0, key-flag-mismatch=0 | config-AUs=450, AUs-without-SPS/PPS=12996 | reassembly-depth=1/1, bytes=1171/2097152, age=0 ms/500 ms, high-water=120403 bytes/23 ms | SSRC=4011457692, restarts=1
bridge written=13386, dropped=58, connections/errors=107, AU-depth=0/4, bytes=0/4194304, current-age=0ms, max-depth=2, max-age=34ms, reconstruction-to-write-max=46284us
t=00:09:12 | packets=393142/393142 (462664056 bytes) | AUs complete=13476, IDR=451, incomplete=0 | gaps=0, out-of-order=0, bad-packets=0, oversized-datagrams=0, unsupported=0 | PTS-map-mismatch=0, nonmonotonic-PTS=0, key-flag-mismatch=0 | config-AUs=451, AUs-without-SPS/PPS=13025 | reassembly-depth=1/1, bytes=15163/2097152, age=1 ms/500 ms, high-water=120403 bytes/23 ms | SSRC=4011457692, restarts=1
bridge written=13416, dropped=58, connections/errors=107, AU-depth=0/4, bytes=0/4194304, current-age=0ms, max-depth=2, max-age=34ms, reconstruction-to-write-max=46284us
t=00:09:13 | packets=394049/394049 (463724391 bytes) | AUs complete=13507, IDR=452, incomplete=0 | gaps=0, out-of-order=0, bad-packets=0, oversized-datagrams=0, unsupported=0 | PTS-map-mismatch=0, nonmonotonic-PTS=0, key-flag-mismatch=0 | config-AUs=452, AUs-without-SPS/PPS=13055 | reassembly-depth=1/1, bytes=1171/2097152, age=0 ms/500 ms, high-water=120403 bytes/23 ms | SSRC=4011457692, restarts=1
bridge written=13447, dropped=58, connections/errors=107, AU-depth=0/4, bytes=0/4194304, current-age=0ms, max-depth=2, max-age=34ms, reconstruction-to-write-max=46284us
t=00:09:14 | packets=394917/394917 (464741082 bytes) | AUs complete=13537, IDR=453, incomplete=0 | gaps=0, out-of-order=0, bad-packets=0, oversized-datagrams=0, unsupported=0 | PTS-map-mismatch=0, nonmonotonic-PTS=0, key-flag-mismatch=0 | config-AUs=453, AUs-without-SPS/PPS=13084 | reassembly-depth=1/1, bytes=1171/2097152, age=0 ms/500 ms, high-water=120403 bytes/23 ms | SSRC=4011457692, restarts=1
bridge written=13477, dropped=58, connections/errors=107, AU-depth=0/4, bytes=0/4194304, current-age=0ms, max-depth=2, max-age=34ms, reconstruction-to-write-max=46284us
t=00:09:15 | packets=395800/395800 (465778495 bytes) | AUs complete=13567, IDR=454, incomplete=0 | gaps=0, out-of-order=0, bad-packets=0, oversized-datagrams=0, unsupported=0 | PTS-map-mismatch=0, nonmonotonic-PTS=0, key-flag-mismatch=0 | config-AUs=454, AUs-without-SPS/PPS=13113 | reassembly-depth=1/1, bytes=1171/2097152, age=0 ms/500 ms, high-water=120403 bytes/23 ms | SSRC=4011457692, restarts=1
bridge written=13507, dropped=58, connections/errors=107, AU-depth=0/4, bytes=0/4194304, current-age=0ms, max-depth=2, max-age=34ms, reconstruction-to-write-max=46284us
t=00:09:16 | packets=396701/396701 (466837230 bytes) | AUs complete=13597, IDR=455, incomplete=0 | gaps=0, out-of-order=0, bad-packets=0, oversized-datagrams=0, unsupported=0 | PTS-map-mismatch=0, nonmonotonic-PTS=0, key-flag-mismatch=0 | config-AUs=455, AUs-without-SPS/PPS=13142 | reassembly-depth=1/1, bytes=18661/2097152, age=3 ms/500 ms, high-water=120403 bytes/23 ms | SSRC=4011457692, restarts=1
bridge written=13537, dropped=58, connections/errors=107, AU-depth=0/4, bytes=0/4194304, current-age=0ms, max-depth=2, max-age=34ms, reconstruction-to-write-max=46284us
t=00:09:17 | packets=397567/397567 (467854547 bytes) | AUs complete=13627, IDR=456, incomplete=0 | gaps=0, out-of-order=0, bad-packets=0, oversized-datagrams=0, unsupported=0 | PTS-map-mismatch=0, nonmonotonic-PTS=0, key-flag-mismatch=0 | config-AUs=456, AUs-without-SPS/PPS=13171 | reassembly-depth=1/1, bytes=13997/2097152, age=5 ms/500 ms, high-water=120403 bytes/23 ms | SSRC=4011457692, restarts=1
bridge written=13567, dropped=58, connections/errors=107, AU-depth=0/4, bytes=0/4194304, current-age=0ms, max-depth=2, max-age=34ms, reconstruction-to-write-max=46284us
t=00:09:18 | packets=398438/398438 (468875295 bytes) | AUs complete=13657, IDR=457, incomplete=0 | gaps=0, out-of-order=0, bad-packets=0, oversized-datagrams=0, unsupported=0 | PTS-map-mismatch=0, nonmonotonic-PTS=0, key-flag-mismatch=0 | config-AUs=457, AUs-without-SPS/PPS=13200 | reassembly-depth=1/1, bytes=9333/2097152, age=1 ms/500 ms, high-water=120403 bytes/23 ms | SSRC=4011457692, restarts=1
bridge written=13597, dropped=58, connections/errors=107, AU-depth=0/4, bytes=0/4194304, current-age=0ms, max-depth=2, max-age=34ms, reconstruction-to-write-max=46284us
t=00:09:19 | packets=399344/399344 (469939209 bytes) | AUs complete=13688, IDR=458, incomplete=0 | gaps=0, out-of-order=0, bad-packets=0, oversized-datagrams=0, unsupported=0 | PTS-map-mismatch=0, nonmonotonic-PTS=0, key-flag-mismatch=0 | config-AUs=458, AUs-without-SPS/PPS=13230 | reassembly-depth=1/1, bytes=1171/2097152, age=0 ms/500 ms, high-water=120403 bytes/23 ms | SSRC=4011457692, restarts=1
bridge written=13628, dropped=58, connections/errors=107, AU-depth=0/4, bytes=0/4194304, current-age=0ms, max-depth=2, max-age=34ms, reconstruction-to-write-max=46284us
t=00:09:20 | packets=400210/400210 (470955773 bytes) | AUs complete=13718, IDR=459, incomplete=0 | gaps=0, out-of-order=0, bad-packets=0, oversized-datagrams=0, unsupported=0 | PTS-map-mismatch=0, nonmonotonic-PTS=0, key-flag-mismatch=0 | config-AUs=459, AUs-without-SPS/PPS=13259 | reassembly-depth=1/1, bytes=1171/2097152, age=0 ms/500 ms, high-water=120403 bytes/23 ms | SSRC=4011457692, restarts=1
bridge written=13658, dropped=58, connections/errors=107, AU-depth=0/4, bytes=0/4194304, current-age=0ms, max-depth=2, max-age=34ms, reconstruction-to-write-max=46284us
t=00:09:21 | packets=401125/401125 (472028604 bytes) | AUs complete=13749, IDR=460, incomplete=0 | gaps=0, out-of-order=0, bad-packets=0, oversized-datagrams=0, unsupported=0 | PTS-map-mismatch=0, nonmonotonic-PTS=0, key-flag-mismatch=0 | config-AUs=460, AUs-without-SPS/PPS=13289 | reassembly-depth=1/1, bytes=1171/2097152, age=0 ms/500 ms, high-water=120403 bytes/23 ms | SSRC=4011457692, restarts=1
bridge written=13689, dropped=58, connections/errors=107, AU-depth=0/4, bytes=0/4194304, current-age=0ms, max-depth=2, max-age=34ms, reconstruction-to-write-max=46284us
t=00:09:22 | packets=401992/401992 (473044549 bytes) | AUs complete=13779, IDR=461, incomplete=0 | gaps=0, out-of-order=0, bad-packets=0, oversized-datagrams=0, unsupported=0 | PTS-map-mismatch=0, nonmonotonic-PTS=0, key-flag-mismatch=0 | config-AUs=461, AUs-without-SPS/PPS=13318 | reassembly-depth=1/1, bytes=1171/2097152, age=0 ms/500 ms, high-water=120403 bytes/23 ms | SSRC=4011457692, restarts=1
bridge written=13719, dropped=58, connections/errors=107, AU-depth=0/4, bytes=0/4194304, current-age=0ms, max-depth=2, max-age=34ms, reconstruction-to-write-max=46284us
t=00:09:23 | packets=402884/402884 (474091328 bytes) | AUs complete=13809, IDR=462, incomplete=0 | gaps=0, out-of-order=0, bad-packets=0, oversized-datagrams=0, unsupported=0 | PTS-map-mismatch=0, nonmonotonic-PTS=0, key-flag-mismatch=0 | config-AUs=462, AUs-without-SPS/PPS=13347 | reassembly-depth=1/1, bytes=8167/2097152, age=3 ms/500 ms, high-water=120403 bytes/23 ms | SSRC=4011457692, restarts=1
bridge written=13749, dropped=58, connections/errors=107, AU-depth=0/4, bytes=0/4194304, current-age=0ms, max-depth=2, max-age=34ms, reconstruction-to-write-max=46284us
t=00:09:24 | packets=403777/403777 (475136935 bytes) | AUs complete=13840, IDR=463, incomplete=0 | gaps=0, out-of-order=0, bad-packets=0, oversized-datagrams=0, unsupported=0 | PTS-map-mismatch=0, nonmonotonic-PTS=0, key-flag-mismatch=0 | config-AUs=463, AUs-without-SPS/PPS=13377 | reassembly-depth=1/1, bytes=1171/2097152, age=0 ms/500 ms, high-water=120403 bytes/23 ms | SSRC=4011457692, restarts=1
bridge written=13780, dropped=58, connections/errors=107, AU-depth=0/4, bytes=0/4194304, current-age=0ms, max-depth=2, max-age=34ms, reconstruction-to-write-max=46284us
t=00:09:25 | packets=404689/404689 (476208836 bytes) | AUs complete=13871, IDR=464, incomplete=0 | gaps=0, out-of-order=0, bad-packets=0, oversized-datagrams=0, unsupported=0 | PTS-map-mismatch=0, nonmonotonic-PTS=0, key-flag-mismatch=0 | config-AUs=464, AUs-without-SPS/PPS=13407 | reassembly-depth=1/1, bytes=1171/2097152, age=0 ms/500 ms, high-water=120403 bytes/23 ms | SSRC=4011457692, restarts=1
bridge written=13811, dropped=58, connections/errors=107, AU-depth=0/4, bytes=0/4194304, current-age=0ms, max-depth=2, max-age=34ms, reconstruction-to-write-max=46284us
t=00:09:26 | packets=405561/405561 (477230742 bytes) | AUs complete=13901, IDR=465, incomplete=0 | gaps=0, out-of-order=0, bad-packets=0, oversized-datagrams=0, unsupported=0 | PTS-map-mismatch=0, nonmonotonic-PTS=0, key-flag-mismatch=0 | config-AUs=465, AUs-without-SPS/PPS=13436 | reassembly-depth=1/1, bytes=3503/2097152, age=0 ms/500 ms, high-water=120403 bytes/23 ms | SSRC=4011457692, restarts=1
bridge written=13841, dropped=58, connections/errors=107, AU-depth=0/4, bytes=0/4194304, current-age=0ms, max-depth=2, max-age=34ms, reconstruction-to-write-max=46284us
t=00:09:27 | packets=406451/406451 (478278629 bytes) | AUs complete=13931, IDR=466, incomplete=0 | gaps=0, out-of-order=0, bad-packets=0, oversized-datagrams=0, unsupported=0 | PTS-map-mismatch=0, nonmonotonic-PTS=0, key-flag-mismatch=0 | config-AUs=466, AUs-without-SPS/PPS=13465 | reassembly-depth=1/1, bytes=12831/2097152, age=2 ms/500 ms, high-water=120403 bytes/23 ms | SSRC=4011457692, restarts=1
bridge written=13871, dropped=58, connections/errors=107, AU-depth=0/4, bytes=0/4194304, current-age=0ms, max-depth=2, max-age=34ms, reconstruction-to-write-max=46284us
t=00:09:28 | packets=407323/407323 (479304748 bytes) | AUs complete=13961, IDR=467, incomplete=0 | gaps=0, out-of-order=0, bad-packets=0, oversized-datagrams=0, unsupported=0 | PTS-map-mismatch=0, nonmonotonic-PTS=0, key-flag-mismatch=0 | config-AUs=467, AUs-without-SPS/PPS=13494 | reassembly-depth=1/1, bytes=4669/2097152, age=5 ms/500 ms, high-water=120403 bytes/23 ms | SSRC=4011457692, restarts=1
bridge written=13901, dropped=58, connections/errors=107, AU-depth=0/4, bytes=0/4194304, current-age=0ms, max-depth=2, max-age=34ms, reconstruction-to-write-max=46284us
t=00:09:29 | packets=408188/408188 (480320293 bytes) | AUs complete=13991, IDR=468, incomplete=0 | gaps=0, out-of-order=0, bad-packets=0, oversized-datagrams=0, unsupported=0 | PTS-map-mismatch=0, nonmonotonic-PTS=0, key-flag-mismatch=0 | config-AUs=468, AUs-without-SPS/PPS=13523 | reassembly-depth=1/1, bytes=9333/2097152, age=0 ms/500 ms, high-water=120403 bytes/23 ms | SSRC=4011457692, restarts=1
bridge written=13931, dropped=58, connections/errors=107, AU-depth=0/4, bytes=0/4194304, current-age=0ms, max-depth=2, max-age=34ms, reconstruction-to-write-max=46284us
t=00:09:30 | packets=409075/409075 (481366157 bytes) | AUs complete=14021, IDR=469, incomplete=0 | gaps=0, out-of-order=0, bad-packets=0, oversized-datagrams=0, unsupported=0 | PTS-map-mismatch=0, nonmonotonic-PTS=0, key-flag-mismatch=0 | config-AUs=469, AUs-without-SPS/PPS=13552 | reassembly-depth=1/1, bytes=15163/2097152, age=4 ms/500 ms, high-water=120403 bytes/23 ms | SSRC=4011457692, restarts=1
bridge written=13961, dropped=58, connections/errors=107, AU-depth=0/4, bytes=0/4194304, current-age=0ms, max-depth=2, max-age=34ms, reconstruction-to-write-max=46284us
t=00:09:31 | packets=409944/409944 (482386646 bytes) | AUs complete=14051, IDR=470, incomplete=0 | gaps=0, out-of-order=0, bad-packets=0, oversized-datagrams=0, unsupported=0 | PTS-map-mismatch=0, nonmonotonic-PTS=0, key-flag-mismatch=0 | config-AUs=470, AUs-without-SPS/PPS=13581 | reassembly-depth=1/1, bytes=1171/2097152, age=0 ms/500 ms, high-water=120403 bytes/23 ms | SSRC=4011457692, restarts=1
bridge written=13991, dropped=58, connections/errors=107, AU-depth=0/4, bytes=0/4194304, current-age=0ms, max-depth=2, max-age=34ms, reconstruction-to-write-max=46284us
t=00:09:32 | packets=410805/410805 (483398820 bytes) | AUs complete=14081, IDR=471, incomplete=0 | gaps=0, out-of-order=0, bad-packets=0, oversized-datagrams=0, unsupported=0 | PTS-map-mismatch=0, nonmonotonic-PTS=0, key-flag-mismatch=0 | config-AUs=471, AUs-without-SPS/PPS=13610 | reassembly-depth=1/1, bytes=1171/2097152, age=0 ms/500 ms, high-water=120403 bytes/23 ms | SSRC=4011457692, restarts=1
bridge written=14021, dropped=58, connections/errors=107, AU-depth=0/4, bytes=0/4194304, current-age=0ms, max-depth=2, max-age=34ms, reconstruction-to-write-max=46284us
t=00:09:33 | packets=411690/411690 (484437487 bytes) | AUs complete=14111, IDR=472, incomplete=0 | gaps=0, out-of-order=0, bad-packets=0, oversized-datagrams=0, unsupported=0 | PTS-map-mismatch=0, nonmonotonic-PTS=0, key-flag-mismatch=0 | config-AUs=472, AUs-without-SPS/PPS=13639 | reassembly-depth=1/1, bytes=1171/2097152, age=0 ms/500 ms, high-water=120403 bytes/23 ms | SSRC=4011457692, restarts=1
bridge written=14051, dropped=58, connections/errors=107, AU-depth=0/4, bytes=0/4194304, current-age=0ms, max-depth=2, max-age=34ms, reconstruction-to-write-max=46284us
t=00:09:34 | packets=412588/412588 (485493680 bytes) | AUs complete=14141, IDR=473, incomplete=0 | gaps=0, out-of-order=0, bad-packets=0, oversized-datagrams=0, unsupported=0 | PTS-map-mismatch=0, nonmonotonic-PTS=0, key-flag-mismatch=0 | config-AUs=473, AUs-without-SPS/PPS=13668 | reassembly-depth=1/1, bytes=20993/2097152, age=4 ms/500 ms, high-water=120403 bytes/23 ms | SSRC=4011457692, restarts=1
bridge written=14081, dropped=58, connections/errors=107, AU-depth=0/4, bytes=0/4194304, current-age=0ms, max-depth=2, max-age=34ms, reconstruction-to-write-max=46284us
t=00:09:35 | packets=413451/413451 (486505375 bytes) | AUs complete=14171, IDR=474, incomplete=0 | gaps=0, out-of-order=0, bad-packets=0, oversized-datagrams=0, unsupported=0 | PTS-map-mismatch=0, nonmonotonic-PTS=0, key-flag-mismatch=0 | config-AUs=474, AUs-without-SPS/PPS=13697 | reassembly-depth=1/1, bytes=15163/2097152, age=2 ms/500 ms, high-water=120403 bytes/23 ms | SSRC=4011457692, restarts=1
bridge written=14111, dropped=58, connections/errors=107, AU-depth=0/4, bytes=0/4194304, current-age=0ms, max-depth=2, max-age=34ms, reconstruction-to-write-max=46284us
t=00:09:36 | packets=414351/414351 (487560064 bytes) | AUs complete=14202, IDR=475, incomplete=0 | gaps=0, out-of-order=0, bad-packets=0, oversized-datagrams=0, unsupported=0 | PTS-map-mismatch=0, nonmonotonic-PTS=0, key-flag-mismatch=0 | config-AUs=475, AUs-without-SPS/PPS=13727 | reassembly-depth=1/1, bytes=1171/2097152, age=0 ms/500 ms, high-water=120403 bytes/23 ms | SSRC=4011457692, restarts=1
bridge written=14142, dropped=58, connections/errors=107, AU-depth=0/4, bytes=0/4194304, current-age=0ms, max-depth=2, max-age=34ms, reconstruction-to-write-max=46284us
t=00:09:37 | packets=415224/415224 (488584297 bytes) | AUs complete=14232, IDR=476, incomplete=0 | gaps=0, out-of-order=0, bad-packets=0, oversized-datagrams=0, unsupported=0 | PTS-map-mismatch=0, nonmonotonic-PTS=0, key-flag-mismatch=0 | config-AUs=476, AUs-without-SPS/PPS=13756 | reassembly-depth=1/1, bytes=4669/2097152, age=1 ms/500 ms, high-water=120403 bytes/23 ms | SSRC=4011457692, restarts=1
bridge written=14172, dropped=58, connections/errors=107, AU-depth=0/4, bytes=0/4194304, current-age=0ms, max-depth=2, max-age=34ms, reconstruction-to-write-max=46284us
t=00:09:38 | packets=416110/416110 (489623371 bytes) | AUs complete=14262, IDR=477, incomplete=0 | gaps=0, out-of-order=0, bad-packets=0, oversized-datagrams=0, unsupported=0 | PTS-map-mismatch=0, nonmonotonic-PTS=0, key-flag-mismatch=0 | config-AUs=477, AUs-without-SPS/PPS=13785 | reassembly-depth=1/1, bytes=2337/2097152, age=0 ms/500 ms, high-water=120403 bytes/23 ms | SSRC=4011457692, restarts=1
bridge written=14202, dropped=58, connections/errors=107, AU-depth=0/4, bytes=0/4194304, current-age=0ms, max-depth=2, max-age=34ms, reconstruction-to-write-max=46284us
t=00:09:39 | packets=416989/416989 (490658680 bytes) | AUs complete=14292, IDR=478, incomplete=0 | gaps=0, out-of-order=0, bad-packets=0, oversized-datagrams=0, unsupported=0 | PTS-map-mismatch=0, nonmonotonic-PTS=0, key-flag-mismatch=0 | config-AUs=478, AUs-without-SPS/PPS=13814 | reassembly-depth=1/1, bytes=15163/2097152, age=3 ms/500 ms, high-water=120403 bytes/23 ms | SSRC=4011457692, restarts=1
bridge written=14232, dropped=58, connections/errors=107, AU-depth=0/4, bytes=0/4194304, current-age=0ms, max-depth=2, max-age=34ms, reconstruction-to-write-max=46284us
t=00:09:40 | packets=417876/417876 (491699000 bytes) | AUs complete=14322, IDR=479, incomplete=0 | gaps=0, out-of-order=0, bad-packets=0, oversized-datagrams=0, unsupported=0 | PTS-map-mismatch=0, nonmonotonic-PTS=0, key-flag-mismatch=0 | config-AUs=479, AUs-without-SPS/PPS=13843 | reassembly-depth=1/1, bytes=16329/2097152, age=5 ms/500 ms, high-water=120403 bytes/23 ms | SSRC=4011457692, restarts=1
bridge written=14262, dropped=58, connections/errors=107, AU-depth=0/4, bytes=0/4194304, current-age=0ms, max-depth=2, max-age=34ms, reconstruction-to-write-max=46284us
t=00:09:41 | packets=418757/418757 (492734468 bytes) | AUs complete=14352, IDR=480, incomplete=0 | gaps=0, out-of-order=0, bad-packets=0, oversized-datagrams=0, unsupported=0 | PTS-map-mismatch=0, nonmonotonic-PTS=0, key-flag-mismatch=0 | config-AUs=480, AUs-without-SPS/PPS=13872 | reassembly-depth=1/1, bytes=31487/2097152, age=8 ms/500 ms, high-water=120403 bytes/23 ms | SSRC=4011457692, restarts=1
bridge written=14292, dropped=58, connections/errors=107, AU-depth=0/4, bytes=0/4194304, current-age=0ms, max-depth=2, max-age=34ms, reconstruction-to-write-max=46284us
t=00:09:42 | packets=419632/419632 (493761609 bytes) | AUs complete=14382, IDR=481, incomplete=0 | gaps=0, out-of-order=0, bad-packets=0, oversized-datagrams=0, unsupported=0 | PTS-map-mismatch=0, nonmonotonic-PTS=0, key-flag-mismatch=0 | config-AUs=481, AUs-without-SPS/PPS=13901 | reassembly-depth=1/1, bytes=20993/2097152, age=5 ms/500 ms, high-water=120403 bytes/23 ms | SSRC=4011457692, restarts=1
bridge written=14322, dropped=58, connections/errors=107, AU-depth=0/4, bytes=0/4194304, current-age=0ms, max-depth=2, max-age=34ms, reconstruction-to-write-max=46284us
t=00:09:43 | packets=420504/420504 (494784744 bytes) | AUs complete=14412, IDR=482, incomplete=0 | gaps=0, out-of-order=0, bad-packets=0, oversized-datagrams=0, unsupported=0 | PTS-map-mismatch=0, nonmonotonic-PTS=0, key-flag-mismatch=0 | config-AUs=482, AUs-without-SPS/PPS=13930 | reassembly-depth=1/1, bytes=24491/2097152, age=0 ms/500 ms, high-water=120403 bytes/23 ms | SSRC=4011457692, restarts=1
bridge written=14352, dropped=58, connections/errors=107, AU-depth=0/4, bytes=0/4194304, current-age=0ms, max-depth=2, max-age=34ms, reconstruction-to-write-max=46284us
t=00:09:44 | packets=421379/421379 (495812046 bytes) | AUs complete=14442, IDR=483, incomplete=0 | gaps=0, out-of-order=0, bad-packets=0, oversized-datagrams=0, unsupported=0 | PTS-map-mismatch=0, nonmonotonic-PTS=0, key-flag-mismatch=0 | config-AUs=483, AUs-without-SPS/PPS=13959 | reassembly-depth=1/1, bytes=13997/2097152, age=1 ms/500 ms, high-water=120403 bytes/23 ms | SSRC=4011457692, restarts=1
bridge written=14382, dropped=58, connections/errors=107, AU-depth=0/4, bytes=0/4194304, current-age=0ms, max-depth=2, max-age=34ms, reconstruction-to-write-max=46284us
t=00:09:45 | packets=422265/422265 (496850916 bytes) | AUs complete=14473, IDR=484, incomplete=0 | gaps=0, out-of-order=0, bad-packets=0, oversized-datagrams=0, unsupported=0 | PTS-map-mismatch=0, nonmonotonic-PTS=0, key-flag-mismatch=0 | config-AUs=484, AUs-without-SPS/PPS=13989 | reassembly-depth=1/1, bytes=1171/2097152, age=0 ms/500 ms, high-water=120403 bytes/23 ms | SSRC=4011457692, restarts=1
bridge written=14413, dropped=58, connections/errors=107, AU-depth=0/4, bytes=0/4194304, current-age=0ms, max-depth=2, max-age=34ms, reconstruction-to-write-max=46284us
t=00:09:46 | packets=423181/423181 (497923876 bytes) | AUs complete=14504, IDR=485, incomplete=0 | gaps=0, out-of-order=0, bad-packets=0, oversized-datagrams=0, unsupported=0 | PTS-map-mismatch=0, nonmonotonic-PTS=0, key-flag-mismatch=0 | config-AUs=485, AUs-without-SPS/PPS=14019 | reassembly-depth=1/1, bytes=1171/2097152, age=0 ms/500 ms, high-water=120403 bytes/23 ms | SSRC=4011457692, restarts=1
bridge written=14444, dropped=58, connections/errors=107, AU-depth=0/4, bytes=0/4194304, current-age=0ms, max-depth=2, max-age=34ms, reconstruction-to-write-max=46284us
t=00:09:47 | packets=424065/424065 (498959371 bytes) | AUs complete=14534, IDR=486, incomplete=0 | gaps=0, out-of-order=0, bad-packets=0, oversized-datagrams=0, unsupported=0 | PTS-map-mismatch=0, nonmonotonic-PTS=0, key-flag-mismatch=0 | config-AUs=486, AUs-without-SPS/PPS=14048 | reassembly-depth=1/1, bytes=16329/2097152, age=3 ms/500 ms, high-water=120403 bytes/23 ms | SSRC=4011457692, restarts=1
bridge written=14474, dropped=58, connections/errors=107, AU-depth=0/4, bytes=0/4194304, current-age=0ms, max-depth=2, max-age=34ms, reconstruction-to-write-max=46284us
t=00:09:48 | packets=424949/424949 (499996160 bytes) | AUs complete=14564, IDR=487, incomplete=0 | gaps=0, out-of-order=0, bad-packets=0, oversized-datagrams=0, unsupported=0 | PTS-map-mismatch=0, nonmonotonic-PTS=0, key-flag-mismatch=0 | config-AUs=487, AUs-without-SPS/PPS=14077 | reassembly-depth=1/1, bytes=13997/2097152, age=2 ms/500 ms, high-water=120403 bytes/23 ms | SSRC=4011457692, restarts=1
bridge written=14504, dropped=58, connections/errors=107, AU-depth=0/4, bytes=0/4194304, current-age=0ms, max-depth=2, max-age=34ms, reconstruction-to-write-max=46284us
t=00:09:49 | packets=425847/425847 (501052074 bytes) | AUs complete=14595, IDR=488, incomplete=0 | gaps=0, out-of-order=0, bad-packets=0, oversized-datagrams=0, unsupported=0 | PTS-map-mismatch=0, nonmonotonic-PTS=0, key-flag-mismatch=0 | config-AUs=488, AUs-without-SPS/PPS=14107 | reassembly-depth=1/1, bytes=1171/2097152, age=0 ms/500 ms, high-water=120403 bytes/23 ms | SSRC=4011457692, restarts=1
bridge written=14535, dropped=58, connections/errors=107, AU-depth=0/4, bytes=0/4194304, current-age=0ms, max-depth=2, max-age=34ms, reconstruction-to-write-max=46284us
t=00:09:50 | packets=426718/426718 (502075136 bytes) | AUs complete=14625, IDR=489, incomplete=0 | gaps=0, out-of-order=0, bad-packets=0, oversized-datagrams=0, unsupported=0 | PTS-map-mismatch=0, nonmonotonic-PTS=0, key-flag-mismatch=0 | config-AUs=489, AUs-without-SPS/PPS=14136 | reassembly-depth=1/1, bytes=3503/2097152, age=1 ms/500 ms, high-water=120403 bytes/23 ms | SSRC=4011457692, restarts=1
bridge written=14565, dropped=58, connections/errors=107, AU-depth=0/4, bytes=0/4194304, current-age=0ms, max-depth=2, max-age=34ms, reconstruction-to-write-max=46284us
t=00:09:51 | packets=427605/427605 (503113171 bytes) | AUs complete=14655, IDR=490, incomplete=0 | gaps=0, out-of-order=0, bad-packets=0, oversized-datagrams=0, unsupported=0 | PTS-map-mismatch=0, nonmonotonic-PTS=0, key-flag-mismatch=0 | config-AUs=490, AUs-without-SPS/PPS=14165 | reassembly-depth=1/1, bytes=1171/2097152, age=0 ms/500 ms, high-water=120403 bytes/23 ms | SSRC=4011457692, restarts=1
bridge written=14595, dropped=58, connections/errors=107, AU-depth=0/4, bytes=0/4194304, current-age=0ms, max-depth=2, max-age=34ms, reconstruction-to-write-max=46284us
t=00:09:52 | packets=428497/428497 (504162350 bytes) | AUs complete=14686, IDR=491, incomplete=0 | gaps=0, out-of-order=0, bad-packets=0, oversized-datagrams=0, unsupported=0 | PTS-map-mismatch=0, nonmonotonic-PTS=0, key-flag-mismatch=0 | config-AUs=491, AUs-without-SPS/PPS=14195 | reassembly-depth=1/1, bytes=1171/2097152, age=0 ms/500 ms, high-water=120403 bytes/23 ms | SSRC=4011457692, restarts=1
bridge written=14626, dropped=58, connections/errors=107, AU-depth=0/4, bytes=0/4194304, current-age=0ms, max-depth=2, max-age=34ms, reconstruction-to-write-max=46284us
t=00:09:53 | packets=429392/429392 (505214801 bytes) | AUs complete=14716, IDR=492, incomplete=0 | gaps=0, out-of-order=0, bad-packets=0, oversized-datagrams=0, unsupported=0 | PTS-map-mismatch=0, nonmonotonic-PTS=0, key-flag-mismatch=0 | config-AUs=492, AUs-without-SPS/PPS=14224 | reassembly-depth=1/1, bytes=11665/2097152, age=4 ms/500 ms, high-water=120403 bytes/23 ms | SSRC=4011457692, restarts=1
bridge written=14656, dropped=58, connections/errors=107, AU-depth=0/4, bytes=0/4194304, current-age=0ms, max-depth=2, max-age=34ms, reconstruction-to-write-max=46284us
t=00:09:54 | packets=430250/430250 (506221695 bytes) | AUs complete=14746, IDR=493, incomplete=0 | gaps=0, out-of-order=0, bad-packets=0, oversized-datagrams=0, unsupported=0 | PTS-map-mismatch=0, nonmonotonic-PTS=0, key-flag-mismatch=0 | config-AUs=493, AUs-without-SPS/PPS=14253 | reassembly-depth=1/1, bytes=7001/2097152, age=1 ms/500 ms, high-water=120403 bytes/23 ms | SSRC=4011457692, restarts=1
bridge written=14686, dropped=58, connections/errors=107, AU-depth=0/4, bytes=0/4194304, current-age=0ms, max-depth=2, max-age=34ms, reconstruction-to-write-max=46284us
t=00:09:55 | packets=431157/431157 (507288344 bytes) | AUs complete=14777, IDR=494, incomplete=0 | gaps=0, out-of-order=0, bad-packets=0, oversized-datagrams=0, unsupported=0 | PTS-map-mismatch=0, nonmonotonic-PTS=0, key-flag-mismatch=0 | config-AUs=494, AUs-without-SPS/PPS=14283 | reassembly-depth=1/1, bytes=1171/2097152, age=0 ms/500 ms, high-water=120403 bytes/23 ms | SSRC=4011457692, restarts=1
bridge written=14717, dropped=58, connections/errors=107, AU-depth=0/4, bytes=0/4194304, current-age=0ms, max-depth=2, max-age=34ms, reconstruction-to-write-max=46284us
t=00:09:56 | packets=432021/432021 (508306427 bytes) | AUs complete=14807, IDR=495, incomplete=0 | gaps=0, out-of-order=0, bad-packets=0, oversized-datagrams=0, unsupported=0 | PTS-map-mismatch=0, nonmonotonic-PTS=0, key-flag-mismatch=0 | config-AUs=495, AUs-without-SPS/PPS=14312 | reassembly-depth=1/1, bytes=1171/2097152, age=0 ms/500 ms, high-water=120403 bytes/23 ms | SSRC=4011457692, restarts=1
bridge written=14747, dropped=58, connections/errors=107, AU-depth=0/4, bytes=0/4194304, current-age=0ms, max-depth=2, max-age=34ms, reconstruction-to-write-max=46284us
t=00:09:57 | packets=432931/432931 (509375890 bytes) | AUs complete=14838, IDR=496, incomplete=0 | gaps=0, out-of-order=0, bad-packets=0, oversized-datagrams=0, unsupported=0 | PTS-map-mismatch=0, nonmonotonic-PTS=0, key-flag-mismatch=0 | config-AUs=496, AUs-without-SPS/PPS=14342 | reassembly-depth=1/1, bytes=1171/2097152, age=0 ms/500 ms, high-water=120403 bytes/23 ms | SSRC=4011457692, restarts=1
bridge written=14778, dropped=58, connections/errors=107, AU-depth=0/4, bytes=0/4194304, current-age=0ms, max-depth=2, max-age=34ms, reconstruction-to-write-max=46284us
t=00:09:58 | packets=433811/433811 (510411578 bytes) | AUs complete=14868, IDR=497, incomplete=0 | gaps=0, out-of-order=0, bad-packets=0, oversized-datagrams=0, unsupported=0 | PTS-map-mismatch=0, nonmonotonic-PTS=0, key-flag-mismatch=0 | config-AUs=497, AUs-without-SPS/PPS=14371 | reassembly-depth=1/1, bytes=1171/2097152, age=0 ms/500 ms, high-water=120403 bytes/23 ms | SSRC=4011457692, restarts=1
bridge written=14808, dropped=58, connections/errors=107, AU-depth=0/4, bytes=0/4194304, current-age=0ms, max-depth=2, max-age=34ms, reconstruction-to-write-max=46284us
t=00:09:59 | packets=434703/434703 (511459051 bytes) | AUs complete=14899, IDR=498, incomplete=0 | gaps=0, out-of-order=0, bad-packets=0, oversized-datagrams=0, unsupported=0 | PTS-map-mismatch=0, nonmonotonic-PTS=0, key-flag-mismatch=0 | config-AUs=498, AUs-without-SPS/PPS=14401 | reassembly-depth=1/1, bytes=1171/2097152, age=0 ms/500 ms, high-water=120403 bytes/23 ms | SSRC=4011457692, restarts=1
bridge written=14839, dropped=58, connections/errors=107, AU-depth=0/4, bytes=0/4194304, current-age=0ms, max-depth=2, max-age=34ms, reconstruction-to-write-max=46284us
t=00:10:00 | packets=435601/435601 (512512222 bytes) | AUs complete=14929, IDR=499, incomplete=0 | gaps=0, out-of-order=0, bad-packets=0, oversized-datagrams=0, unsupported=0 | PTS-map-mismatch=0, nonmonotonic-PTS=0, key-flag-mismatch=0 | config-AUs=499, AUs-without-SPS/PPS=14430 | reassembly-depth=1/1, bytes=13997/2097152, age=3 ms/500 ms, high-water=120403 bytes/23 ms | SSRC=4011457692, restarts=1
bridge written=14869, dropped=58, connections/errors=107, AU-depth=0/4, bytes=0/4194304, current-age=0ms, max-depth=2, max-age=34ms, reconstruction-to-write-max=46284us
t=00:10:01 | packets=436475/436475 (513535088 bytes) | AUs complete=14959, IDR=500, incomplete=0 | gaps=0, out-of-order=0, bad-packets=0, oversized-datagrams=0, unsupported=0 | PTS-map-mismatch=0, nonmonotonic-PTS=0, key-flag-mismatch=0 | config-AUs=500, AUs-without-SPS/PPS=14459 | reassembly-depth=1/1, bytes=16329/2097152, age=2 ms/500 ms, high-water=120403 bytes/23 ms | SSRC=4011457692, restarts=1
bridge written=14899, dropped=58, connections/errors=107, AU-depth=0/4, bytes=0/4194304, current-age=0ms, max-depth=2, max-age=34ms, reconstruction-to-write-max=46284us
t=00:10:02 | packets=437381/437381 (514595445 bytes) | AUs complete=14990, IDR=501, incomplete=0 | gaps=0, out-of-order=0, bad-packets=0, oversized-datagrams=0, unsupported=0 | PTS-map-mismatch=0, nonmonotonic-PTS=0, key-flag-mismatch=0 | config-AUs=501, AUs-without-SPS/PPS=14489 | reassembly-depth=1/1, bytes=1171/2097152, age=0 ms/500 ms, high-water=120403 bytes/23 ms | SSRC=4011457692, restarts=1
bridge written=14930, dropped=58, connections/errors=107, AU-depth=0/4, bytes=0/4194304, current-age=0ms, max-depth=2, max-age=34ms, reconstruction-to-write-max=46284us
t=00:10:03 | packets=438273/438273 (515641827 bytes) | AUs complete=15020, IDR=502, incomplete=0 | gaps=0, out-of-order=0, bad-packets=0, oversized-datagrams=0, unsupported=0 | PTS-map-mismatch=0, nonmonotonic-PTS=0, key-flag-mismatch=0 | config-AUs=502, AUs-without-SPS/PPS=14518 | reassembly-depth=1/1, bytes=24491/2097152, age=1 ms/500 ms, high-water=120403 bytes/23 ms | SSRC=4011457692, restarts=1
bridge written=14960, dropped=58, connections/errors=107, AU-depth=0/4, bytes=0/4194304, current-age=0ms, max-depth=2, max-age=34ms, reconstruction-to-write-max=46284us
t=00:10:04 | packets=439146/439146 (516668314 bytes) | AUs complete=15050, IDR=503, incomplete=0 | gaps=0, out-of-order=0, bad-packets=0, oversized-datagrams=0, unsupported=0 | PTS-map-mismatch=0, nonmonotonic-PTS=0, key-flag-mismatch=0 | config-AUs=503, AUs-without-SPS/PPS=14547 | reassembly-depth=1/1, bytes=13997/2097152, age=2 ms/500 ms, high-water=120403 bytes/23 ms | SSRC=4011457692, restarts=1
bridge written=14990, dropped=58, connections/errors=107, AU-depth=0/4, bytes=0/4194304, current-age=0ms, max-depth=2, max-age=34ms, reconstruction-to-write-max=46284us
t=00:10:05 | packets=440023/440023 (517693758 bytes) | AUs complete=15080, IDR=504, incomplete=0 | gaps=0, out-of-order=0, bad-packets=0, oversized-datagrams=0, unsupported=0 | PTS-map-mismatch=0, nonmonotonic-PTS=0, key-flag-mismatch=0 | config-AUs=504, AUs-without-SPS/PPS=14576 | reassembly-depth=1/1, bytes=1171/2097152, age=0 ms/500 ms, high-water=120403 bytes/23 ms | SSRC=4011457692, restarts=1
bridge written=15020, dropped=58, connections/errors=107, AU-depth=0/4, bytes=0/4194304, current-age=0ms, max-depth=2, max-age=34ms, reconstruction-to-write-max=46284us
t=00:10:06 | packets=440907/440907 (518730826 bytes) | AUs complete=15110, IDR=505, incomplete=0 | gaps=0, out-of-order=0, bad-packets=0, oversized-datagrams=0, unsupported=0 | PTS-map-mismatch=0, nonmonotonic-PTS=0, key-flag-mismatch=0 | config-AUs=505, AUs-without-SPS/PPS=14605 | reassembly-depth=1/1, bytes=25657/2097152, age=3 ms/500 ms, high-water=120403 bytes/23 ms | SSRC=4011457692, restarts=1
bridge written=15050, dropped=58, connections/errors=107, AU-depth=0/4, bytes=0/4194304, current-age=0ms, max-depth=2, max-age=34ms, reconstruction-to-write-max=46284us
t=00:10:07 | packets=441796/441796 (519775887 bytes) | AUs complete=15141, IDR=506, incomplete=0 | gaps=0, out-of-order=0, bad-packets=0, oversized-datagrams=0, unsupported=0 | PTS-map-mismatch=0, nonmonotonic-PTS=0, key-flag-mismatch=0 | config-AUs=506, AUs-without-SPS/PPS=14635 | reassembly-depth=1/1, bytes=1171/2097152, age=0 ms/500 ms, high-water=120403 bytes/23 ms | SSRC=4011457692, restarts=1
bridge written=15081, dropped=58, connections/errors=107, AU-depth=0/4, bytes=0/4194304, current-age=0ms, max-depth=2, max-age=34ms, reconstruction-to-write-max=46284us
t=00:10:08 | packets=442710/442710 (520847248 bytes) | AUs complete=15172, IDR=507, incomplete=0 | gaps=0, out-of-order=0, bad-packets=0, oversized-datagrams=0, unsupported=0 | PTS-map-mismatch=0, nonmonotonic-PTS=0, key-flag-mismatch=0 | config-AUs=507, AUs-without-SPS/PPS=14665 | reassembly-depth=1/1, bytes=1171/2097152, age=0 ms/500 ms, high-water=120403 bytes/23 ms | SSRC=4011457692, restarts=1
bridge written=15112, dropped=58, connections/errors=107, AU-depth=0/4, bytes=0/4194304, current-age=0ms, max-depth=2, max-age=34ms, reconstruction-to-write-max=46284us
t=00:10:09 | packets=443575/443575 (521861187 bytes) | AUs complete=15202, IDR=508, incomplete=0 | gaps=0, out-of-order=0, bad-packets=0, oversized-datagrams=0, unsupported=0 | PTS-map-mismatch=0, nonmonotonic-PTS=0, key-flag-mismatch=0 | config-AUs=508, AUs-without-SPS/PPS=14694 | reassembly-depth=1/1, bytes=1171/2097152, age=0 ms/500 ms, high-water=120403 bytes/23 ms | SSRC=4011457692, restarts=1
bridge written=15142, dropped=58, connections/errors=107, AU-depth=0/4, bytes=0/4194304, current-age=0ms, max-depth=2, max-age=34ms, reconstruction-to-write-max=46284us
t=00:10:10 | packets=444458/444458 (522898139 bytes) | AUs complete=15232, IDR=509, incomplete=0 | gaps=0, out-of-order=0, bad-packets=0, oversized-datagrams=0, unsupported=0 | PTS-map-mismatch=0, nonmonotonic-PTS=0, key-flag-mismatch=0 | config-AUs=509, AUs-without-SPS/PPS=14723 | reassembly-depth=1/1, bytes=1171/2097152, age=0 ms/500 ms, high-water=120403 bytes/23 ms | SSRC=4011457692, restarts=1
bridge written=15172, dropped=58, connections/errors=107, AU-depth=0/4, bytes=0/4194304, current-age=0ms, max-depth=2, max-age=34ms, reconstruction-to-write-max=46284us
t=00:10:11 | packets=445355/445355 (523947854 bytes) | AUs complete=15263, IDR=510, incomplete=0 | gaps=0, out-of-order=0, bad-packets=0, oversized-datagrams=0, unsupported=0 | PTS-map-mismatch=0, nonmonotonic-PTS=0, key-flag-mismatch=0 | config-AUs=510, AUs-without-SPS/PPS=14753 | reassembly-depth=1/1, bytes=1171/2097152, age=0 ms/500 ms, high-water=120403 bytes/23 ms | SSRC=4011457692, restarts=1
bridge written=15203, dropped=58, connections/errors=107, AU-depth=0/4, bytes=0/4194304, current-age=0ms, max-depth=2, max-age=34ms, reconstruction-to-write-max=46284us
t=00:10:12 | packets=446243/446243 (524990348 bytes) | AUs complete=15293, IDR=511, incomplete=0 | gaps=0, out-of-order=0, bad-packets=0, oversized-datagrams=0, unsupported=0 | PTS-map-mismatch=0, nonmonotonic-PTS=0, key-flag-mismatch=0 | config-AUs=511, AUs-without-SPS/PPS=14782 | reassembly-depth=1/1, bytes=7001/2097152, age=1 ms/500 ms, high-water=120403 bytes/23 ms | SSRC=4011457692, restarts=1
bridge written=15233, dropped=58, connections/errors=107, AU-depth=0/4, bytes=0/4194304, current-age=0ms, max-depth=2, max-age=34ms, reconstruction-to-write-max=46284us
t=00:10:13 | packets=447150/447150 (526052850 bytes) | AUs complete=15323, IDR=512, incomplete=0 | gaps=0, out-of-order=0, bad-packets=0, oversized-datagrams=0, unsupported=0 | PTS-map-mismatch=0, nonmonotonic-PTS=0, key-flag-mismatch=0 | config-AUs=512, AUs-without-SPS/PPS=14811 | reassembly-depth=1/1, bytes=29155/2097152, age=4 ms/500 ms, high-water=120403 bytes/23 ms | SSRC=4011457692, restarts=1
bridge written=15263, dropped=58, connections/errors=107, AU-depth=0/4, bytes=0/4194304, current-age=0ms, max-depth=2, max-age=34ms, reconstruction-to-write-max=46284us
t=00:10:14 | packets=448004/448004 (527053745 bytes) | AUs complete=15353, IDR=513, incomplete=0 | gaps=0, out-of-order=0, bad-packets=0, oversized-datagrams=0, unsupported=0 | PTS-map-mismatch=0, nonmonotonic-PTS=0, key-flag-mismatch=0 | config-AUs=513, AUs-without-SPS/PPS=14840 | reassembly-depth=1/1, bytes=9333/2097152, age=3 ms/500 ms, high-water=120403 bytes/23 ms | SSRC=4011457692, restarts=1
bridge written=15293, dropped=58, connections/errors=107, AU-depth=0/4, bytes=0/4194304, current-age=0ms, max-depth=2, max-age=34ms, reconstruction-to-write-max=46284us
t=00:10:15 | packets=448892/448892 (528094020 bytes) | AUs complete=15383, IDR=514, incomplete=0 | gaps=0, out-of-order=0, bad-packets=0, oversized-datagrams=0, unsupported=0 | PTS-map-mismatch=0, nonmonotonic-PTS=0, key-flag-mismatch=0 | config-AUs=514, AUs-without-SPS/PPS=14869 | reassembly-depth=1/1, bytes=10499/2097152, age=3 ms/500 ms, high-water=120403 bytes/23 ms | SSRC=4011457692, restarts=1
bridge written=15323, dropped=58, connections/errors=107, AU-depth=0/4, bytes=0/4194304, current-age=0ms, max-depth=2, max-age=34ms, reconstruction-to-write-max=46284us
t=00:10:16 | packets=449755/449755 (529109565 bytes) | AUs complete=15413, IDR=515, incomplete=0 | gaps=0, out-of-order=0, bad-packets=0, oversized-datagrams=0, unsupported=0 | PTS-map-mismatch=0, nonmonotonic-PTS=0, key-flag-mismatch=0 | config-AUs=515, AUs-without-SPS/PPS=14898 | reassembly-depth=1/1, bytes=11665/2097152, age=4 ms/500 ms, high-water=120403 bytes/23 ms | SSRC=4011457692, restarts=1
bridge written=15353, dropped=58, connections/errors=107, AU-depth=0/4, bytes=0/4194304, current-age=0ms, max-depth=2, max-age=34ms, reconstruction-to-write-max=46284us
t=00:10:17 | packets=450661/450661 (530173409 bytes) | AUs complete=15444, IDR=516, incomplete=0 | gaps=0, out-of-order=0, bad-packets=0, oversized-datagrams=0, unsupported=0 | PTS-map-mismatch=0, nonmonotonic-PTS=0, key-flag-mismatch=0 | config-AUs=516, AUs-without-SPS/PPS=14928 | reassembly-depth=1/1, bytes=1171/2097152, age=0 ms/500 ms, high-water=120403 bytes/23 ms | SSRC=4011457692, restarts=1
bridge written=15384, dropped=58, connections/errors=107, AU-depth=0/4, bytes=0/4194304, current-age=0ms, max-depth=2, max-age=34ms, reconstruction-to-write-max=46284us
t=00:10:18 | packets=451558/451558 (531224137 bytes) | AUs complete=15474, IDR=517, incomplete=0 | gaps=0, out-of-order=0, bad-packets=0, oversized-datagrams=0, unsupported=0 | PTS-map-mismatch=0, nonmonotonic-PTS=0, key-flag-mismatch=0 | config-AUs=517, AUs-without-SPS/PPS=14957 | reassembly-depth=1/1, bytes=12831/2097152, age=0 ms/500 ms, high-water=120403 bytes/23 ms | SSRC=4011457692, restarts=1
bridge written=15414, dropped=58, connections/errors=107, AU-depth=0/4, bytes=0/4194304, current-age=0ms, max-depth=2, max-age=34ms, reconstruction-to-write-max=46284us
t=00:10:19 | packets=452416/452416 (532232217 bytes) | AUs complete=15504, IDR=518, incomplete=0 | gaps=0, out-of-order=0, bad-packets=0, oversized-datagrams=0, unsupported=0 | PTS-map-mismatch=0, nonmonotonic-PTS=0, key-flag-mismatch=0 | config-AUs=518, AUs-without-SPS/PPS=14986 | reassembly-depth=1/1, bytes=10499/2097152, age=3 ms/500 ms, high-water=120403 bytes/23 ms | SSRC=4011457692, restarts=1
bridge written=15444, dropped=58, connections/errors=107, AU-depth=0/4, bytes=0/4194304, current-age=0ms, max-depth=2, max-age=34ms, reconstruction-to-write-max=46284us
t=00:10:20 | packets=453298/453298 (533269904 bytes) | AUs complete=15534, IDR=519, incomplete=0 | gaps=0, out-of-order=0, bad-packets=0, oversized-datagrams=0, unsupported=0 | PTS-map-mismatch=0, nonmonotonic-PTS=0, key-flag-mismatch=0 | config-AUs=519, AUs-without-SPS/PPS=15015 | reassembly-depth=1/1, bytes=10499/2097152, age=2 ms/500 ms, high-water=120403 bytes/23 ms | SSRC=4011457692, restarts=1
bridge written=15474, dropped=58, connections/errors=107, AU-depth=0/4, bytes=0/4194304, current-age=0ms, max-depth=2, max-age=34ms, reconstruction-to-write-max=46284us
t=00:10:21 | packets=454187/454187 (534314617 bytes) | AUs complete=15565, IDR=520, incomplete=0 | gaps=0, out-of-order=0, bad-packets=0, oversized-datagrams=0, unsupported=0 | PTS-map-mismatch=0, nonmonotonic-PTS=0, key-flag-mismatch=0 | config-AUs=520, AUs-without-SPS/PPS=15045 | reassembly-depth=0/1, bytes=0/2097152, age=0 ms/500 ms, high-water=120403 bytes/23 ms | SSRC=4011457692, restarts=1
bridge written=15504, dropped=58, connections/errors=107, AU-depth=1/4, bytes=31423/4194304, current-age=0ms, max-depth=2, max-age=34ms, reconstruction-to-write-max=46284us
t=00:10:22 | packets=455057/455057 (535337278 bytes) | AUs complete=15594, IDR=521, incomplete=0 | gaps=0, out-of-order=0, bad-packets=0, oversized-datagrams=0, unsupported=0 | PTS-map-mismatch=0, nonmonotonic-PTS=0, key-flag-mismatch=0 | config-AUs=521, AUs-without-SPS/PPS=15073 | reassembly-depth=1/1, bytes=13997/2097152, age=2 ms/500 ms, high-water=120403 bytes/23 ms | SSRC=4011457692, restarts=1
bridge written=15534, dropped=58, connections/errors=107, AU-depth=0/4, bytes=0/4194304, current-age=0ms, max-depth=2, max-age=34ms, reconstruction-to-write-max=46284us
t=00:10:23 | packets=455942/455942 (536375460 bytes) | AUs complete=15625, IDR=522, incomplete=0 | gaps=0, out-of-order=0, bad-packets=0, oversized-datagrams=0, unsupported=0 | PTS-map-mismatch=0, nonmonotonic-PTS=0, key-flag-mismatch=0 | config-AUs=522, AUs-without-SPS/PPS=15103 | reassembly-depth=1/1, bytes=1171/2097152, age=0 ms/500 ms, high-water=120403 bytes/23 ms | SSRC=4011457692, restarts=1
bridge written=15565, dropped=58, connections/errors=107, AU-depth=0/4, bytes=0/4194304, current-age=0ms, max-depth=2, max-age=34ms, reconstruction-to-write-max=46284us
t=00:10:24 | packets=456831/456831 (537419539 bytes) | AUs complete=15655, IDR=523, incomplete=0 | gaps=0, out-of-order=0, bad-packets=0, oversized-datagrams=0, unsupported=0 | PTS-map-mismatch=0, nonmonotonic-PTS=0, key-flag-mismatch=0 | config-AUs=523, AUs-without-SPS/PPS=15132 | reassembly-depth=1/1, bytes=1171/2097152, age=0 ms/500 ms, high-water=120403 bytes/23 ms | SSRC=4011457692, restarts=1
bridge written=15595, dropped=58, connections/errors=107, AU-depth=0/4, bytes=0/4194304, current-age=0ms, max-depth=2, max-age=34ms, reconstruction-to-write-max=46284us
t=00:10:25 | packets=457713/457713 (538451570 bytes) | AUs complete=15685, IDR=524, incomplete=0 | gaps=0, out-of-order=0, bad-packets=0, oversized-datagrams=0, unsupported=0 | PTS-map-mismatch=0, nonmonotonic-PTS=0, key-flag-mismatch=0 | config-AUs=524, AUs-without-SPS/PPS=15161 | reassembly-depth=1/1, bytes=13997/2097152, age=2 ms/500 ms, high-water=120403 bytes/23 ms | SSRC=4011457692, restarts=1
bridge written=15625, dropped=58, connections/errors=107, AU-depth=0/4, bytes=0/4194304, current-age=0ms, max-depth=2, max-age=34ms, reconstruction-to-write-max=46284us
t=00:10:26 | packets=458598/458598 (539489484 bytes) | AUs complete=15715, IDR=525, incomplete=0 | gaps=0, out-of-order=0, bad-packets=0, oversized-datagrams=0, unsupported=0 | PTS-map-mismatch=0, nonmonotonic-PTS=0, key-flag-mismatch=0 | config-AUs=525, AUs-without-SPS/PPS=15190 | reassembly-depth=1/1, bytes=13997/2097152, age=3 ms/500 ms, high-water=120403 bytes/23 ms | SSRC=4011457692, restarts=1
bridge written=15655, dropped=58, connections/errors=107, AU-depth=0/4, bytes=0/4194304, current-age=0ms, max-depth=2, max-age=34ms, reconstruction-to-write-max=46284us
t=00:10:27 | packets=459491/459491 (540536470 bytes) | AUs complete=15745, IDR=526, incomplete=0 | gaps=0, out-of-order=0, bad-packets=0, oversized-datagrams=0, unsupported=0 | PTS-map-mismatch=0, nonmonotonic-PTS=0, key-flag-mismatch=0 | config-AUs=526, AUs-without-SPS/PPS=15219 | reassembly-depth=1/1, bytes=23325/2097152, age=8 ms/500 ms, high-water=120403 bytes/23 ms | SSRC=4011457692, restarts=1
bridge written=15685, dropped=58, connections/errors=107, AU-depth=0/4, bytes=0/4194304, current-age=0ms, max-depth=2, max-age=34ms, reconstruction-to-write-max=46284us
t=00:10:28 | packets=460356/460356 (541550270 bytes) | AUs complete=15775, IDR=527, incomplete=0 | gaps=0, out-of-order=0, bad-packets=0, oversized-datagrams=0, unsupported=0 | PTS-map-mismatch=0, nonmonotonic-PTS=0, key-flag-mismatch=0 | config-AUs=527, AUs-without-SPS/PPS=15248 | reassembly-depth=1/1, bytes=24491/2097152, age=5 ms/500 ms, high-water=120403 bytes/23 ms | SSRC=4011457692, restarts=1
bridge written=15715, dropped=58, connections/errors=107, AU-depth=0/4, bytes=0/4194304, current-age=0ms, max-depth=2, max-age=34ms, reconstruction-to-write-max=46284us
t=00:10:29 | packets=461250/461250 (542598518 bytes) | AUs complete=15806, IDR=528, incomplete=0 | gaps=0, out-of-order=0, bad-packets=0, oversized-datagrams=0, unsupported=0 | PTS-map-mismatch=0, nonmonotonic-PTS=0, key-flag-mismatch=0 | config-AUs=528, AUs-without-SPS/PPS=15278 | reassembly-depth=1/1, bytes=1171/2097152, age=0 ms/500 ms, high-water=120403 bytes/23 ms | SSRC=4011457692, restarts=1
bridge written=15746, dropped=58, connections/errors=107, AU-depth=0/4, bytes=0/4194304, current-age=0ms, max-depth=2, max-age=34ms, reconstruction-to-write-max=46284us
t=00:10:30 | packets=462121/462121 (543618597 bytes) | AUs complete=15836, IDR=529, incomplete=0 | gaps=0, out-of-order=0, bad-packets=0, oversized-datagrams=0, unsupported=0 | PTS-map-mismatch=0, nonmonotonic-PTS=0, key-flag-mismatch=0 | config-AUs=529, AUs-without-SPS/PPS=15307 | reassembly-depth=1/1, bytes=1171/2097152, age=0 ms/500 ms, high-water=120403 bytes/23 ms | SSRC=4011457692, restarts=1
bridge written=15776, dropped=58, connections/errors=107, AU-depth=0/4, bytes=0/4194304, current-age=0ms, max-depth=2, max-age=34ms, reconstruction-to-write-max=46284us
t=00:10:31 | packets=463011/463011 (544663236 bytes) | AUs complete=15866, IDR=530, incomplete=0 | gaps=0, out-of-order=0, bad-packets=0, oversized-datagrams=0, unsupported=0 | PTS-map-mismatch=0, nonmonotonic-PTS=0, key-flag-mismatch=0 | config-AUs=530, AUs-without-SPS/PPS=15336 | reassembly-depth=1/1, bytes=5835/2097152, age=1 ms/500 ms, high-water=120403 bytes/23 ms | SSRC=4011457692, restarts=1
bridge written=15806, dropped=58, connections/errors=107, AU-depth=0/4, bytes=0/4194304, current-age=0ms, max-depth=2, max-age=34ms, reconstruction-to-write-max=46284us
t=00:10:32 | packets=463882/463882 (545687387 bytes) | AUs complete=15896, IDR=531, incomplete=0 | gaps=0, out-of-order=0, bad-packets=0, oversized-datagrams=0, unsupported=0 | PTS-map-mismatch=0, nonmonotonic-PTS=0, key-flag-mismatch=0 | config-AUs=531, AUs-without-SPS/PPS=15365 | reassembly-depth=1/1, bytes=10499/2097152, age=2 ms/500 ms, high-water=120403 bytes/23 ms | SSRC=4011457692, restarts=1
bridge written=15836, dropped=58, connections/errors=107, AU-depth=0/4, bytes=0/4194304, current-age=0ms, max-depth=2, max-age=34ms, reconstruction-to-write-max=46284us
t=00:10:33 | packets=464788/464788 (546751835 bytes) | AUs complete=15926, IDR=532, incomplete=0 | gaps=0, out-of-order=0, bad-packets=0, oversized-datagrams=0, unsupported=0 | PTS-map-mismatch=0, nonmonotonic-PTS=0, key-flag-mismatch=0 | config-AUs=532, AUs-without-SPS/PPS=15394 | reassembly-depth=1/1, bytes=31487/2097152, age=3 ms/500 ms, high-water=120403 bytes/23 ms | SSRC=4011457692, restarts=1
bridge written=15866, dropped=58, connections/errors=107, AU-depth=0/4, bytes=0/4194304, current-age=0ms, max-depth=2, max-age=34ms, reconstruction-to-write-max=46284us
t=00:10:34 | packets=465646/465646 (547758438 bytes) | AUs complete=15956, IDR=533, incomplete=0 | gaps=0, out-of-order=0, bad-packets=0, oversized-datagrams=0, unsupported=0 | PTS-map-mismatch=0, nonmonotonic-PTS=0, key-flag-mismatch=0 | config-AUs=533, AUs-without-SPS/PPS=15423 | reassembly-depth=1/1, bytes=25657/2097152, age=5 ms/500 ms, high-water=120403 bytes/23 ms | SSRC=4011457692, restarts=1
bridge written=15896, dropped=58, connections/errors=107, AU-depth=0/4, bytes=0/4194304, current-age=0ms, max-depth=2, max-age=34ms, reconstruction-to-write-max=46284us
t=00:10:35 | packets=466531/466531 (548795588 bytes) | AUs complete=15986, IDR=534, incomplete=0 | gaps=0, out-of-order=0, bad-packets=0, oversized-datagrams=0, unsupported=0 | PTS-map-mismatch=0, nonmonotonic-PTS=0, key-flag-mismatch=0 | config-AUs=534, AUs-without-SPS/PPS=15452 | reassembly-depth=1/1, bytes=22159/2097152, age=5 ms/500 ms, high-water=120403 bytes/23 ms | SSRC=4011457692, restarts=1
bridge written=15926, dropped=58, connections/errors=107, AU-depth=0/4, bytes=0/4194304, current-age=0ms, max-depth=2, max-age=34ms, reconstruction-to-write-max=46284us
t=00:10:36 | packets=467393/467393 (549809039 bytes) | AUs complete=16016, IDR=535, incomplete=0 | gaps=0, out-of-order=0, bad-packets=0, oversized-datagrams=0, unsupported=0 | PTS-map-mismatch=0, nonmonotonic-PTS=0, key-flag-mismatch=0 | config-AUs=535, AUs-without-SPS/PPS=15481 | reassembly-depth=1/1, bytes=15163/2097152, age=6 ms/500 ms, high-water=120403 bytes/23 ms | SSRC=4011457692, restarts=1
bridge written=15956, dropped=58, connections/errors=107, AU-depth=0/4, bytes=0/4194304, current-age=0ms, max-depth=2, max-age=34ms, reconstruction-to-write-max=46284us
t=00:10:37 | packets=468290/468290 (550861080 bytes) | AUs complete=16046, IDR=536, incomplete=0 | gaps=0, out-of-order=0, bad-packets=0, oversized-datagrams=0, unsupported=0 | PTS-map-mismatch=0, nonmonotonic-PTS=0, key-flag-mismatch=0 | config-AUs=536, AUs-without-SPS/PPS=15510 | reassembly-depth=1/1, bytes=23325/2097152, age=3 ms/500 ms, high-water=120403 bytes/23 ms | SSRC=4011457692, restarts=1
bridge written=15986, dropped=58, connections/errors=107, AU-depth=0/4, bytes=0/4194304, current-age=0ms, max-depth=2, max-age=34ms, reconstruction-to-write-max=46284us
t=00:10:38 | packets=469161/469161 (551880439 bytes) | AUs complete=16076, IDR=537, incomplete=0 | gaps=0, out-of-order=0, bad-packets=0, oversized-datagrams=0, unsupported=0 | PTS-map-mismatch=0, nonmonotonic-PTS=0, key-flag-mismatch=0 | config-AUs=537, AUs-without-SPS/PPS=15539 | reassembly-depth=1/1, bytes=24491/2097152, age=3 ms/500 ms, high-water=120403 bytes/23 ms | SSRC=4011457692, restarts=1
bridge written=16016, dropped=58, connections/errors=107, AU-depth=0/4, bytes=0/4194304, current-age=0ms, max-depth=2, max-age=34ms, reconstruction-to-write-max=46284us
t=00:10:39 | packets=470035/470035 (552907000 bytes) | AUs complete=16106, IDR=538, incomplete=0 | gaps=0, out-of-order=0, bad-packets=0, oversized-datagrams=0, unsupported=0 | PTS-map-mismatch=0, nonmonotonic-PTS=0, key-flag-mismatch=0 | config-AUs=538, AUs-without-SPS/PPS=15568 | reassembly-depth=1/1, bytes=11665/2097152, age=2 ms/500 ms, high-water=120403 bytes/23 ms | SSRC=4011457692, restarts=1
bridge written=16046, dropped=58, connections/errors=107, AU-depth=0/4, bytes=0/4194304, current-age=0ms, max-depth=2, max-age=34ms, reconstruction-to-write-max=46284us
t=00:10:41 | packets=470919/470919 (553944935 bytes) | AUs complete=16137, IDR=539, incomplete=0 | gaps=0, out-of-order=0, bad-packets=0, oversized-datagrams=0, unsupported=0 | PTS-map-mismatch=0, nonmonotonic-PTS=0, key-flag-mismatch=0 | config-AUs=539, AUs-without-SPS/PPS=15598 | reassembly-depth=1/1, bytes=1171/2097152, age=0 ms/500 ms, high-water=120403 bytes/23 ms | SSRC=4011457692, restarts=1
bridge written=16077, dropped=58, connections/errors=107, AU-depth=0/4, bytes=0/4194304, current-age=0ms, max-depth=2, max-age=34ms, reconstruction-to-write-max=46284us
t=00:10:42 | packets=471807/471807 (554989529 bytes) | AUs complete=16167, IDR=540, incomplete=0 | gaps=0, out-of-order=0, bad-packets=0, oversized-datagrams=0, unsupported=0 | PTS-map-mismatch=0, nonmonotonic-PTS=0, key-flag-mismatch=0 | config-AUs=540, AUs-without-SPS/PPS=15627 | reassembly-depth=1/1, bytes=7001/2097152, age=1 ms/500 ms, high-water=120403 bytes/23 ms | SSRC=4011457692, restarts=1
bridge written=16107, dropped=58, connections/errors=107, AU-depth=0/4, bytes=0/4194304, current-age=0ms, max-depth=2, max-age=34ms, reconstruction-to-write-max=46284us
t=00:10:43 | packets=472670/472670 (556003747 bytes) | AUs complete=16197, IDR=541, incomplete=0 | gaps=0, out-of-order=0, bad-packets=0, oversized-datagrams=0, unsupported=0 | PTS-map-mismatch=0, nonmonotonic-PTS=0, key-flag-mismatch=0 | config-AUs=541, AUs-without-SPS/PPS=15656 | reassembly-depth=1/1, bytes=1171/2097152, age=0 ms/500 ms, high-water=120403 bytes/23 ms | SSRC=4011457692, restarts=1
bridge written=16137, dropped=58, connections/errors=107, AU-depth=0/4, bytes=0/4194304, current-age=0ms, max-depth=2, max-age=34ms, reconstruction-to-write-max=46284us
t=00:10:44 | packets=473568/473568 (557061330 bytes) | AUs complete=16227, IDR=542, incomplete=0 | gaps=0, out-of-order=0, bad-packets=0, oversized-datagrams=0, unsupported=0 | PTS-map-mismatch=0, nonmonotonic-PTS=0, key-flag-mismatch=0 | config-AUs=542, AUs-without-SPS/PPS=15685 | reassembly-depth=1/1, bytes=19827/2097152, age=5 ms/500 ms, high-water=120403 bytes/23 ms | SSRC=4011457692, restarts=1
bridge written=16167, dropped=58, connections/errors=107, AU-depth=0/4, bytes=0/4194304, current-age=0ms, max-depth=2, max-age=34ms, reconstruction-to-write-max=46284us
t=00:10:45 | packets=474422/474422 (558064297 bytes) | AUs complete=16257, IDR=543, incomplete=0 | gaps=0, out-of-order=0, bad-packets=0, oversized-datagrams=0, unsupported=0 | PTS-map-mismatch=0, nonmonotonic-PTS=0, key-flag-mismatch=0 | config-AUs=543, AUs-without-SPS/PPS=15714 | reassembly-depth=1/1, bytes=3503/2097152, age=1 ms/500 ms, high-water=120403 bytes/23 ms | SSRC=4011457692, restarts=1
bridge written=16197, dropped=58, connections/errors=107, AU-depth=0/4, bytes=0/4194304, current-age=0ms, max-depth=2, max-age=34ms, reconstruction-to-write-max=46284us
t=00:10:46 | packets=475317/475317 (559116996 bytes) | AUs complete=16287, IDR=544, incomplete=0 | gaps=0, out-of-order=0, bad-packets=0, oversized-datagrams=0, unsupported=0 | PTS-map-mismatch=0, nonmonotonic-PTS=0, key-flag-mismatch=0 | config-AUs=544, AUs-without-SPS/PPS=15743 | reassembly-depth=1/1, bytes=16329/2097152, age=4 ms/500 ms, high-water=120403 bytes/23 ms | SSRC=4011457692, restarts=1
bridge written=16227, dropped=58, connections/errors=107, AU-depth=0/4, bytes=0/4194304, current-age=0ms, max-depth=2, max-age=34ms, reconstruction-to-write-max=46284us
t=00:10:47 | packets=476196/476196 (560149184 bytes) | AUs complete=16318, IDR=545, incomplete=0 | gaps=0, out-of-order=0, bad-packets=0, oversized-datagrams=0, unsupported=0 | PTS-map-mismatch=0, nonmonotonic-PTS=0, key-flag-mismatch=0 | config-AUs=545, AUs-without-SPS/PPS=15773 | reassembly-depth=1/1, bytes=1171/2097152, age=0 ms/500 ms, high-water=120403 bytes/23 ms | SSRC=4011457692, restarts=1
bridge written=16258, dropped=58, connections/errors=107, AU-depth=0/4, bytes=0/4194304, current-age=0ms, max-depth=2, max-age=34ms, reconstruction-to-write-max=46284us
t=00:10:48 | packets=477083/477083 (561187686 bytes) | AUs complete=16348, IDR=546, incomplete=0 | gaps=0, out-of-order=0, bad-packets=0, oversized-datagrams=0, unsupported=0 | PTS-map-mismatch=0, nonmonotonic-PTS=0, key-flag-mismatch=0 | config-AUs=546, AUs-without-SPS/PPS=15802 | reassembly-depth=1/1, bytes=2337/2097152, age=0 ms/500 ms, high-water=120403 bytes/23 ms | SSRC=4011457692, restarts=1
bridge written=16288, dropped=58, connections/errors=107, AU-depth=0/4, bytes=0/4194304, current-age=0ms, max-depth=2, max-age=34ms, reconstruction-to-write-max=46284us
t=00:10:49 | packets=477974/477974 (562233245 bytes) | AUs complete=16378, IDR=547, incomplete=0 | gaps=0, out-of-order=0, bad-packets=0, oversized-datagrams=0, unsupported=0 | PTS-map-mismatch=0, nonmonotonic-PTS=0, key-flag-mismatch=0 | config-AUs=547, AUs-without-SPS/PPS=15831 | reassembly-depth=1/1, bytes=7001/2097152, age=1 ms/500 ms, high-water=120403 bytes/23 ms | SSRC=4011457692, restarts=1
bridge written=16318, dropped=58, connections/errors=107, AU-depth=0/4, bytes=0/4194304, current-age=0ms, max-depth=2, max-age=34ms, reconstruction-to-write-max=46284us
t=00:10:50 | packets=478857/478857 (563270591 bytes) | AUs complete=16409, IDR=548, incomplete=0 | gaps=0, out-of-order=0, bad-packets=0, oversized-datagrams=0, unsupported=0 | PTS-map-mismatch=0, nonmonotonic-PTS=0, key-flag-mismatch=0 | config-AUs=548, AUs-without-SPS/PPS=15861 | reassembly-depth=1/1, bytes=1171/2097152, age=0 ms/500 ms, high-water=120403 bytes/23 ms | SSRC=4011457692, restarts=1
bridge written=16349, dropped=58, connections/errors=107, AU-depth=0/4, bytes=0/4194304, current-age=0ms, max-depth=2, max-age=34ms, reconstruction-to-write-max=46284us
t=00:10:51 | packets=479753/479753 (564322183 bytes) | AUs complete=16439, IDR=549, incomplete=0 | gaps=0, out-of-order=0, bad-packets=0, oversized-datagrams=0, unsupported=0 | PTS-map-mismatch=0, nonmonotonic-PTS=0, key-flag-mismatch=0 | config-AUs=549, AUs-without-SPS/PPS=15890 | reassembly-depth=1/1, bytes=13997/2097152, age=4 ms/500 ms, high-water=120403 bytes/23 ms | SSRC=4011457692, restarts=1
bridge written=16379, dropped=58, connections/errors=107, AU-depth=0/4, bytes=0/4194304, current-age=0ms, max-depth=2, max-age=34ms, reconstruction-to-write-max=46284us
t=00:10:52 | packets=480634/480634 (565351950 bytes) | AUs complete=16469, IDR=550, incomplete=0 | gaps=0, out-of-order=0, bad-packets=0, oversized-datagrams=0, unsupported=0 | PTS-map-mismatch=0, nonmonotonic-PTS=0, key-flag-mismatch=0 | config-AUs=550, AUs-without-SPS/PPS=15919 | reassembly-depth=1/1, bytes=4669/2097152, age=3 ms/500 ms, high-water=120403 bytes/23 ms | SSRC=4011457692, restarts=1
bridge written=16409, dropped=58, connections/errors=107, AU-depth=0/4, bytes=0/4194304, current-age=0ms, max-depth=2, max-age=34ms, reconstruction-to-write-max=46284us
t=00:10:53 | packets=481507/481507 (566377433 bytes) | AUs complete=16499, IDR=551, incomplete=0 | gaps=0, out-of-order=0, bad-packets=0, oversized-datagrams=0, unsupported=0 | PTS-map-mismatch=0, nonmonotonic-PTS=0, key-flag-mismatch=0 | config-AUs=551, AUs-without-SPS/PPS=15948 | reassembly-depth=1/1, bytes=10499/2097152, age=1 ms/500 ms, high-water=120403 bytes/23 ms | SSRC=4011457692, restarts=1
bridge written=16439, dropped=58, connections/errors=107, AU-depth=0/4, bytes=0/4194304, current-age=0ms, max-depth=2, max-age=34ms, reconstruction-to-write-max=46284us
t=00:10:54 | packets=482414/482414 (567440335 bytes) | AUs complete=16530, IDR=552, incomplete=0 | gaps=0, out-of-order=0, bad-packets=0, oversized-datagrams=0, unsupported=0 | PTS-map-mismatch=0, nonmonotonic-PTS=0, key-flag-mismatch=0 | config-AUs=552, AUs-without-SPS/PPS=15978 | reassembly-depth=1/1, bytes=1171/2097152, age=0 ms/500 ms, high-water=120403 bytes/23 ms | SSRC=4011457692, restarts=1
bridge written=16470, dropped=58, connections/errors=107, AU-depth=0/4, bytes=0/4194304, current-age=0ms, max-depth=2, max-age=34ms, reconstruction-to-write-max=46284us
t=00:10:55 | packets=483285/483285 (568461444 bytes) | AUs complete=16560, IDR=553, incomplete=0 | gaps=0, out-of-order=0, bad-packets=0, oversized-datagrams=0, unsupported=0 | PTS-map-mismatch=0, nonmonotonic-PTS=0, key-flag-mismatch=0 | config-AUs=553, AUs-without-SPS/PPS=16007 | reassembly-depth=1/1, bytes=1171/2097152, age=0 ms/500 ms, high-water=120403 bytes/23 ms | SSRC=4011457692, restarts=1
bridge written=16500, dropped=58, connections/errors=107, AU-depth=0/4, bytes=0/4194304, current-age=0ms, max-depth=2, max-age=34ms, reconstruction-to-write-max=46284us
t=00:10:56 | packets=484173/484173 (569506251 bytes) | AUs complete=16590, IDR=554, incomplete=0 | gaps=0, out-of-order=0, bad-packets=0, oversized-datagrams=0, unsupported=0 | PTS-map-mismatch=0, nonmonotonic-PTS=0, key-flag-mismatch=0 | config-AUs=554, AUs-without-SPS/PPS=16036 | reassembly-depth=1/1, bytes=5835/2097152, age=1 ms/500 ms, high-water=120403 bytes/23 ms | SSRC=4011457692, restarts=1
bridge written=16530, dropped=58, connections/errors=107, AU-depth=0/4, bytes=0/4194304, current-age=0ms, max-depth=2, max-age=34ms, reconstruction-to-write-max=46284us
t=00:10:57 | packets=485060/485060 (570548000 bytes) | AUs complete=16621, IDR=555, incomplete=0 | gaps=0, out-of-order=0, bad-packets=0, oversized-datagrams=0, unsupported=0 | PTS-map-mismatch=0, nonmonotonic-PTS=0, key-flag-mismatch=0 | config-AUs=555, AUs-without-SPS/PPS=16066 | reassembly-depth=1/1, bytes=25/2097152, age=0 ms/500 ms, high-water=120403 bytes/23 ms | SSRC=4011457692, restarts=1
bridge written=16561, dropped=58, connections/errors=107, AU-depth=0/4, bytes=0/4194304, current-age=0ms, max-depth=2, max-age=34ms, reconstruction-to-write-max=46284us
t=00:10:58 | packets=485951/485951 (571593679 bytes) | AUs complete=16651, IDR=556, incomplete=0 | gaps=0, out-of-order=0, bad-packets=0, oversized-datagrams=0, unsupported=0 | PTS-map-mismatch=0, nonmonotonic-PTS=0, key-flag-mismatch=0 | config-AUs=556, AUs-without-SPS/PPS=16095 | reassembly-depth=1/1, bytes=9366/2097152, age=2 ms/500 ms, high-water=120403 bytes/23 ms | SSRC=4011457692, restarts=1
bridge written=16591, dropped=58, connections/errors=107, AU-depth=0/4, bytes=0/4194304, current-age=0ms, max-depth=2, max-age=34ms, reconstruction-to-write-max=46284us
t=00:10:59 | packets=486824/486824 (572621205 bytes) | AUs complete=16681, IDR=557, incomplete=0 | gaps=0, out-of-order=0, bad-packets=0, oversized-datagrams=0, unsupported=0 | PTS-map-mismatch=0, nonmonotonic-PTS=0, key-flag-mismatch=0 | config-AUs=557, AUs-without-SPS/PPS=16124 | reassembly-depth=1/1, bytes=25/2097152, age=0 ms/500 ms, high-water=120403 bytes/23 ms | SSRC=4011457692, restarts=1
bridge written=16621, dropped=58, connections/errors=107, AU-depth=0/4, bytes=0/4194304, current-age=0ms, max-depth=2, max-age=34ms, reconstruction-to-write-max=46284us
t=00:11:00 | packets=487687/487687 (573637055 bytes) | AUs complete=16711, IDR=558, incomplete=0 | gaps=0, out-of-order=0, bad-packets=0, oversized-datagrams=0, unsupported=0 | PTS-map-mismatch=0, nonmonotonic-PTS=0, key-flag-mismatch=0 | config-AUs=558, AUs-without-SPS/PPS=16153 | reassembly-depth=1/1, bytes=25/2097152, age=0 ms/500 ms, high-water=120403 bytes/23 ms | SSRC=4011457692, restarts=1
bridge written=16651, dropped=58, connections/errors=107, AU-depth=0/4, bytes=0/4194304, current-age=0ms, max-depth=2, max-age=34ms, reconstruction-to-write-max=46284us
t=00:11:01 | packets=488582/488582 (574687435 bytes) | AUs complete=16741, IDR=559, incomplete=0 | gaps=0, out-of-order=0, bad-packets=0, oversized-datagrams=0, unsupported=0 | PTS-map-mismatch=0, nonmonotonic-PTS=0, key-flag-mismatch=0 | config-AUs=559, AUs-without-SPS/PPS=16182 | reassembly-depth=1/1, bytes=10532/2097152, age=3 ms/500 ms, high-water=120403 bytes/23 ms | SSRC=4011457692, restarts=1
bridge written=16681, dropped=58, connections/errors=107, AU-depth=0/4, bytes=0/4194304, current-age=0ms, max-depth=2, max-age=34ms, reconstruction-to-write-max=46284us
t=00:11:02 | packets=489466/489466 (575723526 bytes) | AUs complete=16771, IDR=560, incomplete=0 | gaps=0, out-of-order=0, bad-packets=0, oversized-datagrams=0, unsupported=0 | PTS-map-mismatch=0, nonmonotonic-PTS=0, key-flag-mismatch=0 | config-AUs=560, AUs-without-SPS/PPS=16211 | reassembly-depth=1/1, bytes=7034/2097152, age=2 ms/500 ms, high-water=120403 bytes/23 ms | SSRC=4011457692, restarts=1
bridge written=16711, dropped=58, connections/errors=107, AU-depth=0/4, bytes=0/4194304, current-age=0ms, max-depth=2, max-age=34ms, reconstruction-to-write-max=46284us
t=00:11:03 | packets=490326/490326 (576733154 bytes) | AUs complete=16801, IDR=561, incomplete=0 | gaps=0, out-of-order=0, bad-packets=0, oversized-datagrams=0, unsupported=0 | PTS-map-mismatch=0, nonmonotonic-PTS=0, key-flag-mismatch=0 | config-AUs=561, AUs-without-SPS/PPS=16240 | reassembly-depth=1/1, bytes=10532/2097152, age=2 ms/500 ms, high-water=120403 bytes/23 ms | SSRC=4011457692, restarts=1
bridge written=16741, dropped=58, connections/errors=107, AU-depth=0/4, bytes=0/4194304, current-age=0ms, max-depth=2, max-age=34ms, reconstruction-to-write-max=46284us
t=00:11:04 | packets=491202/491202 (577766067 bytes) | AUs complete=16831, IDR=562, incomplete=0 | gaps=0, out-of-order=0, bad-packets=0, oversized-datagrams=0, unsupported=0 | PTS-map-mismatch=0, nonmonotonic-PTS=0, key-flag-mismatch=0 | config-AUs=562, AUs-without-SPS/PPS=16269 | reassembly-depth=1/1, bytes=9366/2097152, age=3 ms/500 ms, high-water=120403 bytes/23 ms | SSRC=4011457692, restarts=1
bridge written=16771, dropped=58, connections/errors=107, AU-depth=0/4, bytes=0/4194304, current-age=0ms, max-depth=2, max-age=34ms, reconstruction-to-write-max=46284us
t=00:11:05 | packets=492096/492096 (578812570 bytes) | AUs complete=16861, IDR=563, incomplete=0 | gaps=0, out-of-order=0, bad-packets=0, oversized-datagrams=0, unsupported=0 | PTS-map-mismatch=0, nonmonotonic-PTS=0, key-flag-mismatch=0 | config-AUs=563, AUs-without-SPS/PPS=16298 | reassembly-depth=1/1, bytes=21026/2097152, age=8 ms/500 ms, high-water=120403 bytes/23 ms | SSRC=4011457692, restarts=1
bridge written=16801, dropped=58, connections/errors=107, AU-depth=0/4, bytes=0/4194304, current-age=0ms, max-depth=2, max-age=34ms, reconstruction-to-write-max=46284us
t=00:11:06 | packets=493026/493026 (579905637 bytes) | AUs complete=16891, IDR=564, incomplete=0 | gaps=0, out-of-order=0, bad-packets=0, oversized-datagrams=0, unsupported=0 | PTS-map-mismatch=0, nonmonotonic-PTS=0, key-flag-mismatch=0 | config-AUs=564, AUs-without-SPS/PPS=16327 | reassembly-depth=1/1, bytes=78160/2097152, age=6 ms/500 ms, high-water=120403 bytes/23 ms | SSRC=4011457692, restarts=1
bridge written=16831, dropped=58, connections/errors=107, AU-depth=0/4, bytes=0/4194304, current-age=0ms, max-depth=2, max-age=34ms, reconstruction-to-write-max=46284us
t=00:11:07 | packets=493842/493842 (580866355 bytes) | AUs complete=16921, IDR=565, incomplete=0 | gaps=0, out-of-order=0, bad-packets=0, oversized-datagrams=0, unsupported=0 | PTS-map-mismatch=0, nonmonotonic-PTS=0, key-flag-mismatch=0 | config-AUs=565, AUs-without-SPS/PPS=16356 | reassembly-depth=1/1, bytes=10532/2097152, age=3 ms/500 ms, high-water=120403 bytes/23 ms | SSRC=4011457692, restarts=1
bridge written=16861, dropped=58, connections/errors=107, AU-depth=0/4, bytes=0/4194304, current-age=0ms, max-depth=2, max-age=34ms, reconstruction-to-write-max=46284us
t=00:11:08 | packets=494779/494779 (581970710 bytes) | AUs complete=16951, IDR=566, incomplete=0 | gaps=0, out-of-order=0, bad-packets=0, oversized-datagrams=0, unsupported=0 | PTS-map-mismatch=0, nonmonotonic-PTS=0, key-flag-mismatch=0 | config-AUs=566, AUs-without-SPS/PPS=16385 | reassembly-depth=1/1, bytes=78160/2097152, age=12 ms/500 ms, high-water=120403 bytes/23 ms | SSRC=4011457692, restarts=1
bridge written=16891, dropped=58, connections/errors=107, AU-depth=0/4, bytes=0/4194304, current-age=0ms, max-depth=2, max-age=34ms, reconstruction-to-write-max=46284us
t=00:11:09 | packets=495598/495598 (582932885 bytes) | AUs complete=16981, IDR=567, incomplete=0 | gaps=0, out-of-order=0, bad-packets=0, oversized-datagrams=0, unsupported=0 | PTS-map-mismatch=0, nonmonotonic-PTS=0, key-flag-mismatch=0 | config-AUs=567, AUs-without-SPS/PPS=16414 | reassembly-depth=1/1, bytes=9366/2097152, age=3 ms/500 ms, high-water=120403 bytes/23 ms | SSRC=4011457692, restarts=1
bridge written=16921, dropped=58, connections/errors=107, AU-depth=0/4, bytes=0/4194304, current-age=0ms, max-depth=2, max-age=34ms, reconstruction-to-write-max=46284us
t=00:11:10 | packets=496493/496493 (583984143 bytes) | AUs complete=17011, IDR=568, incomplete=0 | gaps=0, out-of-order=0, bad-packets=0, oversized-datagrams=0, unsupported=0 | PTS-map-mismatch=0, nonmonotonic-PTS=0, key-flag-mismatch=0 | config-AUs=568, AUs-without-SPS/PPS=16443 | reassembly-depth=1/1, bytes=45512/2097152, age=10 ms/500 ms, high-water=120403 bytes/23 ms | SSRC=4011457692, restarts=1
bridge written=16951, dropped=58, connections/errors=107, AU-depth=0/4, bytes=0/4194304, current-age=0ms, max-depth=2, max-age=34ms, reconstruction-to-write-max=46284us
t=00:11:11 | packets=497352/497352 (584991372 bytes) | AUs complete=17041, IDR=569, incomplete=0 | gaps=0, out-of-order=0, bad-packets=0, oversized-datagrams=0, unsupported=0 | PTS-map-mismatch=0, nonmonotonic-PTS=0, key-flag-mismatch=0 | config-AUs=569, AUs-without-SPS/PPS=16472 | reassembly-depth=1/1, bytes=18694/2097152, age=5 ms/500 ms, high-water=120403 bytes/23 ms | SSRC=4011457692, restarts=1
bridge written=16981, dropped=58, connections/errors=107, AU-depth=0/4, bytes=0/4194304, current-age=0ms, max-depth=2, max-age=34ms, reconstruction-to-write-max=46284us
t=00:11:12 | packets=498212/498212 (586001501 bytes) | AUs complete=17071, IDR=570, incomplete=0 | gaps=0, out-of-order=0, bad-packets=0, oversized-datagrams=0, unsupported=0 | PTS-map-mismatch=0, nonmonotonic-PTS=0, key-flag-mismatch=0 | config-AUs=570, AUs-without-SPS/PPS=16501 | reassembly-depth=1/1, bytes=43180/2097152, age=10 ms/500 ms, high-water=120403 bytes/23 ms | SSRC=4011457692, restarts=1
bridge written=17011, dropped=58, connections/errors=107, AU-depth=0/4, bytes=0/4194304, current-age=0ms, max-depth=2, max-age=34ms, reconstruction-to-write-max=46284us
t=00:11:13 | packets=499075/499075 (587017710 bytes) | AUs complete=17101, IDR=571, incomplete=0 | gaps=0, out-of-order=0, bad-packets=0, oversized-datagrams=0, unsupported=0 | PTS-map-mismatch=0, nonmonotonic-PTS=0, key-flag-mismatch=0 | config-AUs=571, AUs-without-SPS/PPS=16530 | reassembly-depth=1/1, bytes=30354/2097152, age=4 ms/500 ms, high-water=120403 bytes/23 ms | SSRC=4011457692, restarts=1
bridge written=17041, dropped=58, connections/errors=107, AU-depth=0/4, bytes=0/4194304, current-age=0ms, max-depth=2, max-age=34ms, reconstruction-to-write-max=46284us
t=00:11:14 | packets=499968/499968 (588070725 bytes) | AUs complete=17132, IDR=573, incomplete=0 | gaps=0, out-of-order=0, bad-packets=0, oversized-datagrams=0, unsupported=0 | PTS-map-mismatch=0, nonmonotonic-PTS=0, key-flag-mismatch=0 | config-AUs=573, AUs-without-SPS/PPS=16559 | reassembly-depth=1/1, bytes=1171/2097152, age=0 ms/500 ms, high-water=120403 bytes/23 ms | SSRC=4011457692, restarts=1
bridge written=17072, dropped=58, connections/errors=107, AU-depth=0/4, bytes=0/4194304, current-age=0ms, max-depth=2, max-age=34ms, reconstruction-to-write-max=46284us
t=00:11:15 | packets=500844/500844 (589099518 bytes) | AUs complete=17162, IDR=574, incomplete=0 | gaps=0, out-of-order=0, bad-packets=0, oversized-datagrams=0, unsupported=0 | PTS-map-mismatch=0, nonmonotonic-PTS=0, key-flag-mismatch=0 | config-AUs=574, AUs-without-SPS/PPS=16588 | reassembly-depth=1/1, bytes=13997/2097152, age=1 ms/500 ms, high-water=120403 bytes/23 ms | SSRC=4011457692, restarts=1
bridge written=17102, dropped=58, connections/errors=107, AU-depth=0/4, bytes=0/4194304, current-age=0ms, max-depth=2, max-age=34ms, reconstruction-to-write-max=46284us
t=00:11:16 | packets=501751/501751 (590165088 bytes) | AUs complete=17193, IDR=575, incomplete=0 | gaps=0, out-of-order=0, bad-packets=0, oversized-datagrams=0, unsupported=0 | PTS-map-mismatch=0, nonmonotonic-PTS=0, key-flag-mismatch=0 | config-AUs=575, AUs-without-SPS/PPS=16618 | reassembly-depth=1/1, bytes=1171/2097152, age=0 ms/500 ms, high-water=120403 bytes/23 ms | SSRC=4011457692, restarts=1
bridge written=17133, dropped=58, connections/errors=107, AU-depth=0/4, bytes=0/4194304, current-age=0ms, max-depth=2, max-age=34ms, reconstruction-to-write-max=46284us
t=00:11:17 | packets=502626/502626 (591193431 bytes) | AUs complete=17223, IDR=576, incomplete=0 | gaps=0, out-of-order=0, bad-packets=0, oversized-datagrams=0, unsupported=0 | PTS-map-mismatch=0, nonmonotonic-PTS=0, key-flag-mismatch=0 | config-AUs=576, AUs-without-SPS/PPS=16647 | reassembly-depth=1/1, bytes=1171/2097152, age=0 ms/500 ms, high-water=120403 bytes/23 ms | SSRC=4011457692, restarts=1
bridge written=17163, dropped=58, connections/errors=107, AU-depth=0/4, bytes=0/4194304, current-age=0ms, max-depth=2, max-age=34ms, reconstruction-to-write-max=46284us
t=00:11:18 | packets=503495/503495 (592217100 bytes) | AUs complete=17253, IDR=577, incomplete=0 | gaps=0, out-of-order=0, bad-packets=0, oversized-datagrams=0, unsupported=0 | PTS-map-mismatch=0, nonmonotonic-PTS=0, key-flag-mismatch=0 | config-AUs=577, AUs-without-SPS/PPS=16676 | reassembly-depth=1/1, bytes=1171/2097152, age=0 ms/500 ms, high-water=120403 bytes/23 ms | SSRC=4011457692, restarts=1
bridge written=17193, dropped=58, connections/errors=107, AU-depth=0/4, bytes=0/4194304, current-age=0ms, max-depth=2, max-age=34ms, reconstruction-to-write-max=46284us
t=00:11:19 | packets=504427/504427 (593316297 bytes) | AUs complete=17284, IDR=578, incomplete=0 | gaps=0, out-of-order=0, bad-packets=0, oversized-datagrams=0, unsupported=0 | PTS-map-mismatch=0, nonmonotonic-PTS=0, key-flag-mismatch=0 | config-AUs=578, AUs-without-SPS/PPS=16706 | reassembly-depth=1/1, bytes=1171/2097152, age=0 ms/500 ms, high-water=120403 bytes/23 ms | SSRC=4011457692, restarts=1
bridge written=17224, dropped=58, connections/errors=107, AU-depth=0/4, bytes=0/4194304, current-age=0ms, max-depth=2, max-age=34ms, reconstruction-to-write-max=46284us
t=00:11:20 | packets=505311/505311 (594356846 bytes) | AUs complete=17315, IDR=579, incomplete=0 | gaps=0, out-of-order=0, bad-packets=0, oversized-datagrams=0, unsupported=0 | PTS-map-mismatch=0, nonmonotonic-PTS=0, key-flag-mismatch=0 | config-AUs=579, AUs-without-SPS/PPS=16736 | reassembly-depth=1/1, bytes=1171/2097152, age=0 ms/500 ms, high-water=120403 bytes/23 ms | SSRC=4011457692, restarts=1
bridge written=17255, dropped=58, connections/errors=107, AU-depth=0/4, bytes=0/4194304, current-age=0ms, max-depth=2, max-age=34ms, reconstruction-to-write-max=46284us
t=00:11:21 | packets=506199/506199 (595401169 bytes) | AUs complete=17345, IDR=580, incomplete=0 | gaps=0, out-of-order=0, bad-packets=0, oversized-datagrams=0, unsupported=0 | PTS-map-mismatch=0, nonmonotonic-PTS=0, key-flag-mismatch=0 | config-AUs=580, AUs-without-SPS/PPS=16765 | reassembly-depth=1/1, bytes=2337/2097152, age=0 ms/500 ms, high-water=120403 bytes/23 ms | SSRC=4011457692, restarts=1
bridge written=17285, dropped=58, connections/errors=107, AU-depth=0/4, bytes=0/4194304, current-age=0ms, max-depth=2, max-age=34ms, reconstruction-to-write-max=46284us
t=00:11:22 | packets=507074/507074 (596430548 bytes) | AUs complete=17375, IDR=581, incomplete=0 | gaps=0, out-of-order=0, bad-packets=0, oversized-datagrams=0, unsupported=0 | PTS-map-mismatch=0, nonmonotonic-PTS=0, key-flag-mismatch=0 | config-AUs=581, AUs-without-SPS/PPS=16794 | reassembly-depth=1/1, bytes=1171/2097152, age=0 ms/500 ms, high-water=120403 bytes/23 ms | SSRC=4011457692, restarts=1
bridge written=17315, dropped=58, connections/errors=107, AU-depth=0/4, bytes=0/4194304, current-age=0ms, max-depth=2, max-age=34ms, reconstruction-to-write-max=46284us
t=00:11:23 | packets=507958/507958 (597471224 bytes) | AUs complete=17405, IDR=582, incomplete=0 | gaps=0, out-of-order=0, bad-packets=0, oversized-datagrams=0, unsupported=0 | PTS-map-mismatch=0, nonmonotonic-PTS=0, key-flag-mismatch=0 | config-AUs=582, AUs-without-SPS/PPS=16823 | reassembly-depth=1/1, bytes=1171/2097152, age=0 ms/500 ms, high-water=120403 bytes/23 ms | SSRC=4011457692, restarts=1
bridge written=17345, dropped=58, connections/errors=107, AU-depth=0/4, bytes=0/4194304, current-age=0ms, max-depth=2, max-age=34ms, reconstruction-to-write-max=46284us
t=00:11:24 | packets=508852/508852 (598525066 bytes) | AUs complete=17435, IDR=583, incomplete=0 | gaps=0, out-of-order=0, bad-packets=0, oversized-datagrams=0, unsupported=0 | PTS-map-mismatch=0, nonmonotonic-PTS=0, key-flag-mismatch=0 | config-AUs=583, AUs-without-SPS/PPS=16852 | reassembly-depth=1/1, bytes=2337/2097152, age=0 ms/500 ms, high-water=120403 bytes/23 ms | SSRC=4011457692, restarts=1
bridge written=17375, dropped=58, connections/errors=107, AU-depth=0/4, bytes=0/4194304, current-age=0ms, max-depth=2, max-age=34ms, reconstruction-to-write-max=46284us
t=00:11:25 | packets=509737/509737 (599569251 bytes) | AUs complete=17465, IDR=584, incomplete=0 | gaps=0, out-of-order=0, bad-packets=0, oversized-datagrams=0, unsupported=0 | PTS-map-mismatch=0, nonmonotonic-PTS=0, key-flag-mismatch=0 | config-AUs=584, AUs-without-SPS/PPS=16881 | reassembly-depth=1/1, bytes=16329/2097152, age=7 ms/500 ms, high-water=120403 bytes/23 ms | SSRC=4011457692, restarts=1
bridge written=17405, dropped=58, connections/errors=107, AU-depth=0/4, bytes=0/4194304, current-age=0ms, max-depth=2, max-age=34ms, reconstruction-to-write-max=46284us
t=00:11:26 | packets=510590/510590 (600572878 bytes) | AUs complete=17495, IDR=585, incomplete=0 | gaps=0, out-of-order=0, bad-packets=0, oversized-datagrams=0, unsupported=0 | PTS-map-mismatch=0, nonmonotonic-PTS=0, key-flag-mismatch=0 | config-AUs=585, AUs-without-SPS/PPS=16910 | reassembly-depth=1/1, bytes=23325/2097152, age=3 ms/500 ms, high-water=120403 bytes/23 ms | SSRC=4011457692, restarts=1
bridge written=17435, dropped=58, connections/errors=107, AU-depth=0/4, bytes=0/4194304, current-age=0ms, max-depth=2, max-age=34ms, reconstruction-to-write-max=46284us
t=00:11:27 | packets=511479/511479 (601618800 bytes) | AUs complete=17525, IDR=586, incomplete=0 | gaps=0, out-of-order=0, bad-packets=0, oversized-datagrams=0, unsupported=0 | PTS-map-mismatch=0, nonmonotonic-PTS=0, key-flag-mismatch=0 | config-AUs=586, AUs-without-SPS/PPS=16939 | reassembly-depth=1/1, bytes=3503/2097152, age=0 ms/500 ms, high-water=120403 bytes/23 ms | SSRC=4011457692, restarts=1
bridge written=17465, dropped=58, connections/errors=107, AU-depth=0/4, bytes=0/4194304, current-age=0ms, max-depth=2, max-age=34ms, reconstruction-to-write-max=46284us
t=00:11:28 | packets=512394/512394 (602694812 bytes) | AUs complete=17556, IDR=587, incomplete=0 | gaps=0, out-of-order=0, bad-packets=0, oversized-datagrams=0, unsupported=0 | PTS-map-mismatch=0, nonmonotonic-PTS=0, key-flag-mismatch=0 | config-AUs=587, AUs-without-SPS/PPS=16969 | reassembly-depth=1/1, bytes=1171/2097152, age=0 ms/500 ms, high-water=120403 bytes/23 ms | SSRC=4011457692, restarts=1
bridge written=17496, dropped=58, connections/errors=107, AU-depth=0/4, bytes=0/4194304, current-age=0ms, max-depth=2, max-age=34ms, reconstruction-to-write-max=46284us
t=00:11:29 | packets=513250/513250 (603701818 bytes) | AUs complete=17586, IDR=588, incomplete=0 | gaps=0, out-of-order=0, bad-packets=0, oversized-datagrams=0, unsupported=0 | PTS-map-mismatch=0, nonmonotonic-PTS=0, key-flag-mismatch=0 | config-AUs=588, AUs-without-SPS/PPS=16998 | reassembly-depth=1/1, bytes=1171/2097152, age=0 ms/500 ms, high-water=120403 bytes/23 ms | SSRC=4011457692, restarts=1
bridge written=17526, dropped=58, connections/errors=107, AU-depth=0/4, bytes=0/4194304, current-age=0ms, max-depth=2, max-age=34ms, reconstruction-to-write-max=46284us
t=00:11:30 | packets=514091/514091 (604688596 bytes) | AUs complete=17616, IDR=589, incomplete=0 | gaps=0, out-of-order=0, bad-packets=0, oversized-datagrams=0, unsupported=0 | PTS-map-mismatch=0, nonmonotonic-PTS=0, key-flag-mismatch=0 | config-AUs=589, AUs-without-SPS/PPS=17027 | reassembly-depth=1/1, bytes=1171/2097152, age=0 ms/500 ms, high-water=120403 bytes/23 ms | SSRC=4011457692, restarts=1
bridge written=17556, dropped=58, connections/errors=107, AU-depth=0/4, bytes=0/4194304, current-age=0ms, max-depth=2, max-age=34ms, reconstruction-to-write-max=46284us
t=00:11:31 | packets=515008/515008 (605769785 bytes) | AUs complete=17646, IDR=590, incomplete=0 | gaps=0, out-of-order=0, bad-packets=0, oversized-datagrams=0, unsupported=0 | PTS-map-mismatch=0, nonmonotonic-PTS=0, key-flag-mismatch=0 | config-AUs=590, AUs-without-SPS/PPS=17056 | reassembly-depth=1/1, bytes=20993/2097152, age=3 ms/500 ms, high-water=120403 bytes/23 ms | SSRC=4011457692, restarts=1
bridge written=17586, dropped=58, connections/errors=107, AU-depth=0/4, bytes=0/4194304, current-age=0ms, max-depth=2, max-age=34ms, reconstruction-to-write-max=46284us
t=00:11:32 | packets=515861/515861 (606773101 bytes) | AUs complete=17677, IDR=591, incomplete=0 | gaps=0, out-of-order=0, bad-packets=0, oversized-datagrams=0, unsupported=0 | PTS-map-mismatch=0, nonmonotonic-PTS=0, key-flag-mismatch=0 | config-AUs=591, AUs-without-SPS/PPS=17086 | reassembly-depth=1/1, bytes=1171/2097152, age=0 ms/500 ms, high-water=120403 bytes/23 ms | SSRC=4011457692, restarts=1
bridge written=17617, dropped=58, connections/errors=107, AU-depth=0/4, bytes=0/4194304, current-age=0ms, max-depth=2, max-age=34ms, reconstruction-to-write-max=46284us
t=00:11:33 | packets=516727/516727 (607791872 bytes) | AUs complete=17707, IDR=592, incomplete=0 | gaps=0, out-of-order=0, bad-packets=0, oversized-datagrams=0, unsupported=0 | PTS-map-mismatch=0, nonmonotonic-PTS=0, key-flag-mismatch=0 | config-AUs=592, AUs-without-SPS/PPS=17115 | reassembly-depth=1/1, bytes=1171/2097152, age=0 ms/500 ms, high-water=120403 bytes/23 ms | SSRC=4011457692, restarts=1
bridge written=17647, dropped=58, connections/errors=107, AU-depth=0/4, bytes=0/4194304, current-age=0ms, max-depth=2, max-age=34ms, reconstruction-to-write-max=46284us
t=00:11:34 | packets=517637/517637 (608863400 bytes) | AUs complete=17738, IDR=593, incomplete=0 | gaps=0, out-of-order=0, bad-packets=0, oversized-datagrams=0, unsupported=0 | PTS-map-mismatch=0, nonmonotonic-PTS=0, key-flag-mismatch=0 | config-AUs=593, AUs-without-SPS/PPS=17145 | reassembly-depth=1/1, bytes=1171/2097152, age=0 ms/500 ms, high-water=120403 bytes/23 ms | SSRC=4011457692, restarts=1
bridge written=17678, dropped=58, connections/errors=107, AU-depth=0/4, bytes=0/4194304, current-age=0ms, max-depth=2, max-age=34ms, reconstruction-to-write-max=46284us
t=00:11:35 | packets=518534/518534 (609919033 bytes) | AUs complete=17768, IDR=594, incomplete=0 | gaps=0, out-of-order=0, bad-packets=0, oversized-datagrams=0, unsupported=0 | PTS-map-mismatch=0, nonmonotonic-PTS=0, key-flag-mismatch=0 | config-AUs=594, AUs-without-SPS/PPS=17174 | reassembly-depth=1/1, bytes=8167/2097152, age=1 ms/500 ms, high-water=120403 bytes/23 ms | SSRC=4011457692, restarts=1
bridge written=17708, dropped=58, connections/errors=107, AU-depth=0/4, bytes=0/4194304, current-age=0ms, max-depth=2, max-age=34ms, reconstruction-to-write-max=46284us
t=00:11:36 | packets=519366/519366 (610896861 bytes) | AUs complete=17798, IDR=595, incomplete=0 | gaps=0, out-of-order=0, bad-packets=0, oversized-datagrams=0, unsupported=0 | PTS-map-mismatch=0, nonmonotonic-PTS=0, key-flag-mismatch=0 | config-AUs=595, AUs-without-SPS/PPS=17203 | reassembly-depth=1/1, bytes=1171/2097152, age=0 ms/500 ms, high-water=120403 bytes/23 ms | SSRC=4011457692, restarts=1
bridge written=17738, dropped=58, connections/errors=107, AU-depth=0/4, bytes=0/4194304, current-age=0ms, max-depth=2, max-age=34ms, reconstruction-to-write-max=46284us
t=00:11:37 | packets=520290/520290 (611984163 bytes) | AUs complete=17829, IDR=596, incomplete=0 | gaps=0, out-of-order=0, bad-packets=0, oversized-datagrams=0, unsupported=0 | PTS-map-mismatch=0, nonmonotonic-PTS=0, key-flag-mismatch=0 | config-AUs=596, AUs-without-SPS/PPS=17233 | reassembly-depth=1/1, bytes=1171/2097152, age=0 ms/500 ms, high-water=120403 bytes/23 ms | SSRC=4011457692, restarts=1
bridge written=17769, dropped=58, connections/errors=107, AU-depth=0/4, bytes=0/4194304, current-age=0ms, max-depth=2, max-age=34ms, reconstruction-to-write-max=46284us
t=00:11:38 | packets=521192/521192 (613050464 bytes) | AUs complete=17860, IDR=597, incomplete=0 | gaps=0, out-of-order=0, bad-packets=0, oversized-datagrams=0, unsupported=0 | PTS-map-mismatch=0, nonmonotonic-PTS=0, key-flag-mismatch=0 | config-AUs=597, AUs-without-SPS/PPS=17263 | reassembly-depth=1/1, bytes=1171/2097152, age=0 ms/500 ms, high-water=120403 bytes/23 ms | SSRC=4011457692, restarts=1
bridge written=17800, dropped=58, connections/errors=107, AU-depth=0/4, bytes=0/4194304, current-age=0ms, max-depth=2, max-age=34ms, reconstruction-to-write-max=46284us
t=00:11:39 | packets=522084/522084 (614097426 bytes) | AUs complete=17890, IDR=598, incomplete=0 | gaps=0, out-of-order=0, bad-packets=0, oversized-datagrams=0, unsupported=0 | PTS-map-mismatch=0, nonmonotonic-PTS=0, key-flag-mismatch=0 | config-AUs=598, AUs-without-SPS/PPS=17292 | reassembly-depth=1/1, bytes=1171/2097152, age=0 ms/500 ms, high-water=120403 bytes/23 ms | SSRC=4011457692, restarts=1
bridge written=17830, dropped=58, connections/errors=107, AU-depth=0/4, bytes=0/4194304, current-age=0ms, max-depth=2, max-age=34ms, reconstruction-to-write-max=46284us
t=00:11:40 | packets=522943/522943 (615109916 bytes) | AUs complete=17920, IDR=599, incomplete=0 | gaps=0, out-of-order=0, bad-packets=0, oversized-datagrams=0, unsupported=0 | PTS-map-mismatch=0, nonmonotonic-PTS=0, key-flag-mismatch=0 | config-AUs=599, AUs-without-SPS/PPS=17321 | reassembly-depth=1/1, bytes=11665/2097152, age=3 ms/500 ms, high-water=120403 bytes/23 ms | SSRC=4011457692, restarts=1
bridge written=17860, dropped=58, connections/errors=107, AU-depth=0/4, bytes=0/4194304, current-age=0ms, max-depth=2, max-age=34ms, reconstruction-to-write-max=46284us
t=00:11:41 | packets=523805/523805 (616123242 bytes) | AUs complete=17950, IDR=600, incomplete=0 | gaps=0, out-of-order=0, bad-packets=0, oversized-datagrams=0, unsupported=0 | PTS-map-mismatch=0, nonmonotonic-PTS=0, key-flag-mismatch=0 | config-AUs=600, AUs-without-SPS/PPS=17350 | reassembly-depth=1/1, bytes=17495/2097152, age=3 ms/500 ms, high-water=120403 bytes/23 ms | SSRC=4011457692, restarts=1
bridge written=17890, dropped=58, connections/errors=107, AU-depth=0/4, bytes=0/4194304, current-age=0ms, max-depth=2, max-age=34ms, reconstruction-to-write-max=46284us
t=00:11:42 | packets=524701/524701 (617181289 bytes) | AUs complete=17980, IDR=601, incomplete=0 | gaps=0, out-of-order=0, bad-packets=0, oversized-datagrams=0, unsupported=0 | PTS-map-mismatch=0, nonmonotonic-PTS=0, key-flag-mismatch=0 | config-AUs=601, AUs-without-SPS/PPS=17379 | reassembly-depth=1/1, bytes=23325/2097152, age=9 ms/500 ms, high-water=120403 bytes/23 ms | SSRC=4011457692, restarts=1
bridge written=17920, dropped=58, connections/errors=107, AU-depth=0/4, bytes=0/4194304, current-age=0ms, max-depth=2, max-age=34ms, reconstruction-to-write-max=46284us
t=00:11:43 | packets=525591/525591 (618226675 bytes) | AUs complete=18011, IDR=602, incomplete=0 | gaps=0, out-of-order=0, bad-packets=0, oversized-datagrams=0, unsupported=0 | PTS-map-mismatch=0, nonmonotonic-PTS=0, key-flag-mismatch=0 | config-AUs=602, AUs-without-SPS/PPS=17409 | reassembly-depth=1/1, bytes=1171/2097152, age=0 ms/500 ms, high-water=120403 bytes/23 ms | SSRC=4011457692, restarts=1
bridge written=17951, dropped=58, connections/errors=107, AU-depth=0/4, bytes=0/4194304, current-age=0ms, max-depth=2, max-age=34ms, reconstruction-to-write-max=46284us
t=00:11:44 | packets=526486/526486 (619279959 bytes) | AUs complete=18041, IDR=603, incomplete=0 | gaps=0, out-of-order=0, bad-packets=0, oversized-datagrams=0, unsupported=0 | PTS-map-mismatch=0, nonmonotonic-PTS=0, key-flag-mismatch=0 | config-AUs=603, AUs-without-SPS/PPS=17438 | reassembly-depth=1/1, bytes=7001/2097152, age=0 ms/500 ms, high-water=120403 bytes/23 ms | SSRC=4011457692, restarts=1
bridge written=17981, dropped=58, connections/errors=107, AU-depth=0/4, bytes=0/4194304, current-age=0ms, max-depth=2, max-age=34ms, reconstruction-to-write-max=46284us
t=00:11:45 | packets=527349/527349 (620292637 bytes) | AUs complete=18071, IDR=604, incomplete=0 | gaps=0, out-of-order=0, bad-packets=0, oversized-datagrams=0, unsupported=0 | PTS-map-mismatch=0, nonmonotonic-PTS=0, key-flag-mismatch=0 | config-AUs=604, AUs-without-SPS/PPS=17467 | reassembly-depth=1/1, bytes=7001/2097152, age=1 ms/500 ms, high-water=120403 bytes/23 ms | SSRC=4011457692, restarts=1
bridge written=18011, dropped=58, connections/errors=107, AU-depth=0/4, bytes=0/4194304, current-age=0ms, max-depth=2, max-age=34ms, reconstruction-to-write-max=46284us
t=00:11:46 | packets=528219/528219 (621313776 bytes) | AUs complete=18101, IDR=605, incomplete=0 | gaps=0, out-of-order=0, bad-packets=0, oversized-datagrams=0, unsupported=0 | PTS-map-mismatch=0, nonmonotonic-PTS=0, key-flag-mismatch=0 | config-AUs=605, AUs-without-SPS/PPS=17496 | reassembly-depth=1/1, bytes=19827/2097152, age=6 ms/500 ms, high-water=120403 bytes/23 ms | SSRC=4011457692, restarts=1
bridge written=18041, dropped=58, connections/errors=107, AU-depth=0/4, bytes=0/4194304, current-age=0ms, max-depth=2, max-age=34ms, reconstruction-to-write-max=46284us
t=00:11:47 | packets=529125/529125 (622381285 bytes) | AUs complete=18132, IDR=606, incomplete=0 | gaps=0, out-of-order=0, bad-packets=0, oversized-datagrams=0, unsupported=0 | PTS-map-mismatch=0, nonmonotonic-PTS=0, key-flag-mismatch=0 | config-AUs=606, AUs-without-SPS/PPS=17526 | reassembly-depth=1/1, bytes=1171/2097152, age=0 ms/500 ms, high-water=120403 bytes/23 ms | SSRC=4011457692, restarts=1
bridge written=18072, dropped=58, connections/errors=107, AU-depth=0/4, bytes=0/4194304, current-age=0ms, max-depth=2, max-age=34ms, reconstruction-to-write-max=46284us
t=00:11:48 | packets=530019/530019 (623434116 bytes) | AUs complete=18162, IDR=607, incomplete=0 | gaps=0, out-of-order=0, bad-packets=0, oversized-datagrams=0, unsupported=0 | PTS-map-mismatch=0, nonmonotonic-PTS=0, key-flag-mismatch=0 | config-AUs=607, AUs-without-SPS/PPS=17555 | reassembly-depth=1/1, bytes=24491/2097152, age=9 ms/500 ms, high-water=120403 bytes/23 ms | SSRC=4011457692, restarts=1
bridge written=18102, dropped=58, connections/errors=107, AU-depth=0/4, bytes=0/4194304, current-age=0ms, max-depth=2, max-age=34ms, reconstruction-to-write-max=46284us
t=00:11:49 | packets=530916/530916 (624488837 bytes) | AUs complete=18193, IDR=608, incomplete=0 | gaps=0, out-of-order=0, bad-packets=0, oversized-datagrams=0, unsupported=0 | PTS-map-mismatch=0, nonmonotonic-PTS=0, key-flag-mismatch=0 | config-AUs=608, AUs-without-SPS/PPS=17585 | reassembly-depth=1/1, bytes=1171/2097152, age=0 ms/500 ms, high-water=130802 bytes/23 ms | SSRC=4011457692, restarts=1
bridge written=18133, dropped=58, connections/errors=107, AU-depth=0/4, bytes=0/4194304, current-age=0ms, max-depth=2, max-age=34ms, reconstruction-to-write-max=46284us
t=00:11:50 | packets=531790/531790 (625516076 bytes) | AUs complete=18223, IDR=609, incomplete=0 | gaps=0, out-of-order=0, bad-packets=0, oversized-datagrams=0, unsupported=0 | PTS-map-mismatch=0, nonmonotonic-PTS=0, key-flag-mismatch=0 | config-AUs=609, AUs-without-SPS/PPS=17614 | reassembly-depth=1/1, bytes=4669/2097152, age=1 ms/500 ms, high-water=130802 bytes/23 ms | SSRC=4011457692, restarts=1
bridge written=18163, dropped=58, connections/errors=107, AU-depth=0/4, bytes=0/4194304, current-age=0ms, max-depth=2, max-age=34ms, reconstruction-to-write-max=46284us
t=00:11:51 | packets=532659/532659 (626539946 bytes) | AUs complete=18253, IDR=610, incomplete=0 | gaps=0, out-of-order=0, bad-packets=0, oversized-datagrams=0, unsupported=0 | PTS-map-mismatch=0, nonmonotonic-PTS=0, key-flag-mismatch=0 | config-AUs=610, AUs-without-SPS/PPS=17643 | reassembly-depth=1/1, bytes=1171/2097152, age=0 ms/500 ms, high-water=130802 bytes/23 ms | SSRC=4011457692, restarts=1
bridge written=18193, dropped=58, connections/errors=107, AU-depth=0/4, bytes=0/4194304, current-age=0ms, max-depth=2, max-age=34ms, reconstruction-to-write-max=46284us
t=00:11:52 | packets=533513/533513 (627546765 bytes) | AUs complete=18283, IDR=611, incomplete=0 | gaps=0, out-of-order=0, bad-packets=0, oversized-datagrams=0, unsupported=0 | PTS-map-mismatch=0, nonmonotonic-PTS=0, key-flag-mismatch=0 | config-AUs=611, AUs-without-SPS/PPS=17672 | reassembly-depth=1/1, bytes=1171/2097152, age=0 ms/500 ms, high-water=130802 bytes/23 ms | SSRC=4011457692, restarts=1
bridge written=18223, dropped=58, connections/errors=107, AU-depth=0/4, bytes=0/4194304, current-age=0ms, max-depth=2, max-age=34ms, reconstruction-to-write-max=46284us
t=00:11:53 | packets=533933/533933 (628041307 bytes) | AUs complete=18298, IDR=611, incomplete=0 | gaps=0, out-of-order=0, bad-packets=0, oversized-datagrams=0, unsupported=0 | PTS-map-mismatch=0, nonmonotonic-PTS=0, key-flag-mismatch=0 | config-AUs=611, AUs-without-SPS/PPS=17687 | reassembly-depth=0/1, bytes=0/2097152, age=0 ms/500 ms, high-water=130802 bytes/23 ms | SSRC=4011457692, restarts=1
bridge written=18238, dropped=58, connections/errors=107, AU-depth=0/4, bytes=0/4194304, current-age=0ms, max-depth=3, max-age=34ms, reconstruction-to-write-max=46284us
t=00:11:54 | packets=533933/533933 (628041307 bytes) | AUs complete=18298, IDR=611, incomplete=0 | gaps=0, out-of-order=0, bad-packets=0, oversized-datagrams=0, unsupported=0 | PTS-map-mismatch=0, nonmonotonic-PTS=0, key-flag-mismatch=0 | config-AUs=611, AUs-without-SPS/PPS=17687 | reassembly-depth=0/1, bytes=0/2097152, age=0 ms/500 ms, high-water=130802 bytes/23 ms | SSRC=4011457692, restarts=1
bridge written=18238, dropped=58, connections/errors=107, AU-depth=0/4, bytes=0/4194304, current-age=0ms, max-depth=3, max-age=34ms, reconstruction-to-write-max=46284us
t=00:11:55 | packets=533933/533933 (628041307 bytes) | AUs complete=18298, IDR=611, incomplete=0 | gaps=0, out-of-order=0, bad-packets=0, oversized-datagrams=0, unsupported=0 | PTS-map-mismatch=0, nonmonotonic-PTS=0, key-flag-mismatch=0 | config-AUs=611, AUs-without-SPS/PPS=17687 | reassembly-depth=0/1, bytes=0/2097152, age=0 ms/500 ms, high-water=130802 bytes/23 ms | SSRC=4011457692, restarts=1
bridge written=18238, dropped=58, connections/errors=107, AU-depth=0/4, bytes=0/4194304, current-age=0ms, max-depth=3, max-age=34ms, reconstruction-to-write-max=46284us
t=00:11:56 | packets=533933/533933 (628041307 bytes) | AUs complete=18298, IDR=611, incomplete=0 | gaps=0, out-of-order=0, bad-packets=0, oversized-datagrams=0, unsupported=0 | PTS-map-mismatch=0, nonmonotonic-PTS=0, key-flag-mismatch=0 | config-AUs=611, AUs-without-SPS/PPS=17687 | reassembly-depth=0/1, bytes=0/2097152, age=0 ms/500 ms, high-water=130802 bytes/23 ms | SSRC=4011457692, restarts=1
bridge written=18238, dropped=58, connections/errors=107, AU-depth=0/4, bytes=0/4194304, current-age=0ms, max-depth=3, max-age=34ms, reconstruction-to-write-max=46284us
t=00:11:57 | packets=533933/533933 (628041307 bytes) | AUs complete=18298, IDR=611, incomplete=0 | gaps=0, out-of-order=0, bad-packets=0, oversized-datagrams=0, unsupported=0 | PTS-map-mismatch=0, nonmonotonic-PTS=0, key-flag-mismatch=0 | config-AUs=611, AUs-without-SPS/PPS=17687 | reassembly-depth=0/1, bytes=0/2097152, age=0 ms/500 ms, high-water=130802 bytes/23 ms | SSRC=4011457692, restarts=1
bridge written=18238, dropped=58, connections/errors=107, AU-depth=0/4, bytes=0/4194304, current-age=0ms, max-depth=3, max-age=34ms, reconstruction-to-write-max=46284us
t=00:11:59 | packets=533933/533933 (628041307 bytes) | AUs complete=18298, IDR=611, incomplete=0 | gaps=0, out-of-order=0, bad-packets=0, oversized-datagrams=0, unsupported=0 | PTS-map-mismatch=0, nonmonotonic-PTS=0, key-flag-mismatch=0 | config-AUs=611, AUs-without-SPS/PPS=17687 | reassembly-depth=0/1, bytes=0/2097152, age=0 ms/500 ms, high-water=130802 bytes/23 ms | SSRC=4011457692, restarts=1
bridge written=18238, dropped=58, connections/errors=107, AU-depth=0/4, bytes=0/4194304, current-age=0ms, max-depth=3, max-age=34ms, reconstruction-to-write-max=46284us
t=00:12:00 | packets=533933/533933 (628041307 bytes) | AUs complete=18298, IDR=611, incomplete=0 | gaps=0, out-of-order=0, bad-packets=0, oversized-datagrams=0, unsupported=0 | PTS-map-mismatch=0, nonmonotonic-PTS=0, key-flag-mismatch=0 | config-AUs=611, AUs-without-SPS/PPS=17687 | reassembly-depth=0/1, bytes=0/2097152, age=0 ms/500 ms, high-water=130802 bytes/23 ms | SSRC=4011457692, restarts=1
bridge written=18238, dropped=58, connections/errors=107, AU-depth=0/4, bytes=0/4194304, current-age=0ms, max-depth=3, max-age=34ms, reconstruction-to-write-max=46284us
t=00:12:01 | packets=533933/533933 (628041307 bytes) | AUs complete=18298, IDR=611, incomplete=0 | gaps=0, out-of-order=0, bad-packets=0, oversized-datagrams=0, unsupported=0 | PTS-map-mismatch=0, nonmonotonic-PTS=0, key-flag-mismatch=0 | config-AUs=611, AUs-without-SPS/PPS=17687 | reassembly-depth=0/1, bytes=0/2097152, age=0 ms/500 ms, high-water=130802 bytes/23 ms | SSRC=4011457692, restarts=1
bridge written=18238, dropped=58, connections/errors=107, AU-depth=0/4, bytes=0/4194304, current-age=0ms, max-depth=3, max-age=34ms, reconstruction-to-write-max=46284us
t=00:12:02 | packets=533933/533933 (628041307 bytes) | AUs complete=18298, IDR=611, incomplete=0 | gaps=0, out-of-order=0, bad-packets=0, oversized-datagrams=0, unsupported=0 | PTS-map-mismatch=0, nonmonotonic-PTS=0, key-flag-mismatch=0 | config-AUs=611, AUs-without-SPS/PPS=17687 | reassembly-depth=0/1, bytes=0/2097152, age=0 ms/500 ms, high-water=130802 bytes/23 ms | SSRC=4011457692, restarts=1
bridge written=18238, dropped=58, connections/errors=107, AU-depth=0/4, bytes=0/4194304, current-age=0ms, max-depth=3, max-age=34ms, reconstruction-to-write-max=46284us
t=00:12:03 | packets=533933/533933 (628041307 bytes) | AUs complete=18298, IDR=611, incomplete=0 | gaps=0, out-of-order=0, bad-packets=0, oversized-datagrams=0, unsupported=0 | PTS-map-mismatch=0, nonmonotonic-PTS=0, key-flag-mismatch=0 | config-AUs=611, AUs-without-SPS/PPS=17687 | reassembly-depth=0/1, bytes=0/2097152, age=0 ms/500 ms, high-water=130802 bytes/23 ms | SSRC=4011457692, restarts=1
bridge written=18238, dropped=58, connections/errors=107, AU-depth=0/4, bytes=0/4194304, current-age=0ms, max-depth=3, max-age=34ms, reconstruction-to-write-max=46284us
t=00:12:04 | packets=533933/533933 (628041307 bytes) | AUs complete=18298, IDR=611, incomplete=0 | gaps=0, out-of-order=0, bad-packets=0, oversized-datagrams=0, unsupported=0 | PTS-map-mismatch=0, nonmonotonic-PTS=0, key-flag-mismatch=0 | config-AUs=611, AUs-without-SPS/PPS=17687 | reassembly-depth=0/1, bytes=0/2097152, age=0 ms/500 ms, high-water=130802 bytes/23 ms | SSRC=4011457692, restarts=1
bridge written=18238, dropped=58, connections/errors=107, AU-depth=0/4, bytes=0/4194304, current-age=0ms, max-depth=3, max-age=34ms, reconstruction-to-write-max=46284us
t=00:12:05 | packets=533933/533933 (628041307 bytes) | AUs complete=18298, IDR=611, incomplete=0 | gaps=0, out-of-order=0, bad-packets=0, oversized-datagrams=0, unsupported=0 | PTS-map-mismatch=0, nonmonotonic-PTS=0, key-flag-mismatch=0 | config-AUs=611, AUs-without-SPS/PPS=17687 | reassembly-depth=0/1, bytes=0/2097152, age=0 ms/500 ms, high-water=130802 bytes/23 ms | SSRC=4011457692, restarts=1
bridge written=18238, dropped=58, connections/errors=107, AU-depth=0/4, bytes=0/4194304, current-age=0ms, max-depth=3, max-age=34ms, reconstruction-to-write-max=46284us
t=00:12:06 | packets=533933/533933 (628041307 bytes) | AUs complete=18298, IDR=611, incomplete=0 | gaps=0, out-of-order=0, bad-packets=0, oversized-datagrams=0, unsupported=0 | PTS-map-mismatch=0, nonmonotonic-PTS=0, key-flag-mismatch=0 | config-AUs=611, AUs-without-SPS/PPS=17687 | reassembly-depth=0/1, bytes=0/2097152, age=0 ms/500 ms, high-water=130802 bytes/23 ms | SSRC=4011457692, restarts=1
bridge written=18238, dropped=58, connections/errors=107, AU-depth=0/4, bytes=0/4194304, current-age=0ms, max-depth=3, max-age=34ms, reconstruction-to-write-max=46284us
t=00:12:07 | packets=533933/533933 (628041307 bytes) | AUs complete=18298, IDR=611, incomplete=0 | gaps=0, out-of-order=0, bad-packets=0, oversized-datagrams=0, unsupported=0 | PTS-map-mismatch=0, nonmonotonic-PTS=0, key-flag-mismatch=0 | config-AUs=611, AUs-without-SPS/PPS=17687 | reassembly-depth=0/1, bytes=0/2097152, age=0 ms/500 ms, high-water=130802 bytes/23 ms | SSRC=4011457692, restarts=1
bridge written=18238, dropped=58, connections/errors=107, AU-depth=0/4, bytes=0/4194304, current-age=0ms, max-depth=3, max-age=34ms, reconstruction-to-write-max=46284us
t=00:12:08 | packets=533933/533933 (628041307 bytes) | AUs complete=18298, IDR=611, incomplete=0 | gaps=0, out-of-order=0, bad-packets=0, oversized-datagrams=0, unsupported=0 | PTS-map-mismatch=0, nonmonotonic-PTS=0, key-flag-mismatch=0 | config-AUs=611, AUs-without-SPS/PPS=17687 | reassembly-depth=0/1, bytes=0/2097152, age=0 ms/500 ms, high-water=130802 bytes/23 ms | SSRC=4011457692, restarts=1
bridge written=18238, dropped=58, connections/errors=107, AU-depth=0/4, bytes=0/4194304, current-age=0ms, max-depth=3, max-age=34ms, reconstruction-to-write-max=46284us
t=00:12:10 | packets=533933/533933 (628041307 bytes) | AUs complete=18298, IDR=611, incomplete=0 | gaps=0, out-of-order=0, bad-packets=0, oversized-datagrams=0, unsupported=0 | PTS-map-mismatch=0, nonmonotonic-PTS=0, key-flag-mismatch=0 | config-AUs=611, AUs-without-SPS/PPS=17687 | reassembly-depth=0/1, bytes=0/2097152, age=0 ms/500 ms, high-water=130802 bytes/23 ms | SSRC=4011457692, restarts=1
bridge written=18238, dropped=58, connections/errors=107, AU-depth=0/4, bytes=0/4194304, current-age=0ms, max-depth=3, max-age=34ms, reconstruction-to-write-max=46284us
t=00:12:11 | packets=533933/533933 (628041307 bytes) | AUs complete=18298, IDR=611, incomplete=0 | gaps=0, out-of-order=0, bad-packets=0, oversized-datagrams=0, unsupported=0 | PTS-map-mismatch=0, nonmonotonic-PTS=0, key-flag-mismatch=0 | config-AUs=611, AUs-without-SPS/PPS=17687 | reassembly-depth=0/1, bytes=0/2097152, age=0 ms/500 ms, high-water=130802 bytes/23 ms | SSRC=4011457692, restarts=1
bridge written=18238, dropped=58, connections/errors=107, AU-depth=0/4, bytes=0/4194304, current-age=0ms, max-depth=3, max-age=34ms, reconstruction-to-write-max=46284us
t=00:12:12 | packets=533933/533933 (628041307 bytes) | AUs complete=18298, IDR=611, incomplete=0 | gaps=0, out-of-order=0, bad-packets=0, oversized-datagrams=0, unsupported=0 | PTS-map-mismatch=0, nonmonotonic-PTS=0, key-flag-mismatch=0 | config-AUs=611, AUs-without-SPS/PPS=17687 | reassembly-depth=0/1, bytes=0/2097152, age=0 ms/500 ms, high-water=130802 bytes/23 ms | SSRC=4011457692, restarts=1
bridge written=18238, dropped=58, connections/errors=107, AU-depth=0/4, bytes=0/4194304, current-age=0ms, max-depth=3, max-age=34ms, reconstruction-to-write-max=46284us
t=00:12:13 | packets=533933/533933 (628041307 bytes) | AUs complete=18298, IDR=611, incomplete=0 | gaps=0, out-of-order=0, bad-packets=0, oversized-datagrams=0, unsupported=0 | PTS-map-mismatch=0, nonmonotonic-PTS=0, key-flag-mismatch=0 | config-AUs=611, AUs-without-SPS/PPS=17687 | reassembly-depth=0/1, bytes=0/2097152, age=0 ms/500 ms, high-water=130802 bytes/23 ms | SSRC=4011457692, restarts=1
bridge written=18238, dropped=58, connections/errors=107, AU-depth=0/4, bytes=0/4194304, current-age=0ms, max-depth=3, max-age=34ms, reconstruction-to-write-max=46284us
t=00:12:14 | packets=533933/533933 (628041307 bytes) | AUs complete=18298, IDR=611, incomplete=0 | gaps=0, out-of-order=0, bad-packets=0, oversized-datagrams=0, unsupported=0 | PTS-map-mismatch=0, nonmonotonic-PTS=0, key-flag-mismatch=0 | config-AUs=611, AUs-without-SPS/PPS=17687 | reassembly-depth=0/1, bytes=0/2097152, age=0 ms/500 ms, high-water=130802 bytes/23 ms | SSRC=4011457692, restarts=1
bridge written=18238, dropped=58, connections/errors=107, AU-depth=0/4, bytes=0/4194304, current-age=0ms, max-depth=3, max-age=34ms, reconstruction-to-write-max=46284us
t=00:12:15 | packets=533933/533933 (628041307 bytes) | AUs complete=18298, IDR=611, incomplete=0 | gaps=0, out-of-order=0, bad-packets=0, oversized-datagrams=0, unsupported=0 | PTS-map-mismatch=0, nonmonotonic-PTS=0, key-flag-mismatch=0 | config-AUs=611, AUs-without-SPS/PPS=17687 | reassembly-depth=0/1, bytes=0/2097152, age=0 ms/500 ms, high-water=130802 bytes/23 ms | SSRC=4011457692, restarts=1
bridge written=18238, dropped=58, connections/errors=107, AU-depth=0/4, bytes=0/4194304, current-age=0ms, max-depth=3, max-age=34ms, reconstruction-to-write-max=46284us
t=00:12:16 | packets=533933/533933 (628041307 bytes) | AUs complete=18298, IDR=611, incomplete=0 | gaps=0, out-of-order=0, bad-packets=0, oversized-datagrams=0, unsupported=0 | PTS-map-mismatch=0, nonmonotonic-PTS=0, key-flag-mismatch=0 | config-AUs=611, AUs-without-SPS/PPS=17687 | reassembly-depth=0/1, bytes=0/2097152, age=0 ms/500 ms, high-water=130802 bytes/23 ms | SSRC=4011457692, restarts=1
bridge written=18238, dropped=58, connections/errors=107, AU-depth=0/4, bytes=0/4194304, current-age=0ms, max-depth=3, max-age=34ms, reconstruction-to-write-max=46284us
t=00:12:17 | packets=533933/533933 (628041307 bytes) | AUs complete=18298, IDR=611, incomplete=0 | gaps=0, out-of-order=0, bad-packets=0, oversized-datagrams=0, unsupported=0 | PTS-map-mismatch=0, nonmonotonic-PTS=0, key-flag-mismatch=0 | config-AUs=611, AUs-without-SPS/PPS=17687 | reassembly-depth=0/1, bytes=0/2097152, age=0 ms/500 ms, high-water=130802 bytes/23 ms | SSRC=4011457692, restarts=1
bridge written=18238, dropped=58, connections/errors=107, AU-depth=0/4, bytes=0/4194304, current-age=0ms, max-depth=3, max-age=34ms, reconstruction-to-write-max=46284us
t=00:12:18 | packets=533933/533933 (628041307 bytes) | AUs complete=18298, IDR=611, incomplete=0 | gaps=0, out-of-order=0, bad-packets=0, oversized-datagrams=0, unsupported=0 | PTS-map-mismatch=0, nonmonotonic-PTS=0, key-flag-mismatch=0 | config-AUs=611, AUs-without-SPS/PPS=17687 | reassembly-depth=0/1, bytes=0/2097152, age=0 ms/500 ms, high-water=130802 bytes/23 ms | SSRC=4011457692, restarts=1
bridge written=18238, dropped=58, connections/errors=107, AU-depth=0/4, bytes=0/4194304, current-age=0ms, max-depth=3, max-age=34ms, reconstruction-to-write-max=46284us
t=00:12:19 | packets=533933/533933 (628041307 bytes) | AUs complete=18298, IDR=611, incomplete=0 | gaps=0, out-of-order=0, bad-packets=0, oversized-datagrams=0, unsupported=0 | PTS-map-mismatch=0, nonmonotonic-PTS=0, key-flag-mismatch=0 | config-AUs=611, AUs-without-SPS/PPS=17687 | reassembly-depth=0/1, bytes=0/2097152, age=0 ms/500 ms, high-water=130802 bytes/23 ms | SSRC=4011457692, restarts=1
bridge written=18238, dropped=58, connections/errors=107, AU-depth=0/4, bytes=0/4194304, current-age=0ms, max-depth=3, max-age=34ms, reconstruction-to-write-max=46284us
t=00:12:20 | packets=533933/533933 (628041307 bytes) | AUs complete=18298, IDR=611, incomplete=0 | gaps=0, out-of-order=0, bad-packets=0, oversized-datagrams=0, unsupported=0 | PTS-map-mismatch=0, nonmonotonic-PTS=0, key-flag-mismatch=0 | config-AUs=611, AUs-without-SPS/PPS=17687 | reassembly-depth=0/1, bytes=0/2097152, age=0 ms/500 ms, high-water=130802 bytes/23 ms | SSRC=4011457692, restarts=1
bridge written=18238, dropped=58, connections/errors=107, AU-depth=0/4, bytes=0/4194304, current-age=0ms, max-depth=3, max-age=34ms, reconstruction-to-write-max=46284us
t=00:12:22 | packets=533933/533933 (628041307 bytes) | AUs complete=18298, IDR=611, incomplete=0 | gaps=0, out-of-order=0, bad-packets=0, oversized-datagrams=0, unsupported=0 | PTS-map-mismatch=0, nonmonotonic-PTS=0, key-flag-mismatch=0 | config-AUs=611, AUs-without-SPS/PPS=17687 | reassembly-depth=0/1, bytes=0/2097152, age=0 ms/500 ms, high-water=130802 bytes/23 ms | SSRC=4011457692, restarts=1
bridge written=18238, dropped=58, connections/errors=107, AU-depth=0/4, bytes=0/4194304, current-age=0ms, max-depth=3, max-age=34ms, reconstruction-to-write-max=46284us
t=00:12:23 | packets=533933/533933 (628041307 bytes) | AUs complete=18298, IDR=611, incomplete=0 | gaps=0, out-of-order=0, bad-packets=0, oversized-datagrams=0, unsupported=0 | PTS-map-mismatch=0, nonmonotonic-PTS=0, key-flag-mismatch=0 | config-AUs=611, AUs-without-SPS/PPS=17687 | reassembly-depth=0/1, bytes=0/2097152, age=0 ms/500 ms, high-water=130802 bytes/23 ms | SSRC=4011457692, restarts=1
bridge written=18238, dropped=58, connections/errors=107, AU-depth=0/4, bytes=0/4194304, current-age=0ms, max-depth=3, max-age=34ms, reconstruction-to-write-max=46284us
t=00:12:24 | packets=533933/533933 (628041307 bytes) | AUs complete=18298, IDR=611, incomplete=0 | gaps=0, out-of-order=0, bad-packets=0, oversized-datagrams=0, unsupported=0 | PTS-map-mismatch=0, nonmonotonic-PTS=0, key-flag-mismatch=0 | config-AUs=611, AUs-without-SPS/PPS=17687 | reassembly-depth=0/1, bytes=0/2097152, age=0 ms/500 ms, high-water=130802 bytes/23 ms | SSRC=4011457692, restarts=1
bridge written=18238, dropped=58, connections/errors=107, AU-depth=0/4, bytes=0/4194304, current-age=0ms, max-depth=3, max-age=34ms, reconstruction-to-write-max=46284us
t=00:12:25 | packets=533933/533933 (628041307 bytes) | AUs complete=18298, IDR=611, incomplete=0 | gaps=0, out-of-order=0, bad-packets=0, oversized-datagrams=0, unsupported=0 | PTS-map-mismatch=0, nonmonotonic-PTS=0, key-flag-mismatch=0 | config-AUs=611, AUs-without-SPS/PPS=17687 | reassembly-depth=0/1, bytes=0/2097152, age=0 ms/500 ms, high-water=130802 bytes/23 ms | SSRC=4011457692, restarts=1
bridge written=18238, dropped=58, connections/errors=107, AU-depth=0/4, bytes=0/4194304, current-age=0ms, max-depth=3, max-age=34ms, reconstruction-to-write-max=46284us
t=00:12:26 | packets=533933/533933 (628041307 bytes) | AUs complete=18298, IDR=611, incomplete=0 | gaps=0, out-of-order=0, bad-packets=0, oversized-datagrams=0, unsupported=0 | PTS-map-mismatch=0, nonmonotonic-PTS=0, key-flag-mismatch=0 | config-AUs=611, AUs-without-SPS/PPS=17687 | reassembly-depth=0/1, bytes=0/2097152, age=0 ms/500 ms, high-water=130802 bytes/23 ms | SSRC=4011457692, restarts=1
bridge written=18238, dropped=58, connections/errors=107, AU-depth=0/4, bytes=0/4194304, current-age=0ms, max-depth=3, max-age=34ms, reconstruction-to-write-max=46284us
t=00:12:27 | packets=533933/533933 (628041307 bytes) | AUs complete=18298, IDR=611, incomplete=0 | gaps=0, out-of-order=0, bad-packets=0, oversized-datagrams=0, unsupported=0 | PTS-map-mismatch=0, nonmonotonic-PTS=0, key-flag-mismatch=0 | config-AUs=611, AUs-without-SPS/PPS=17687 | reassembly-depth=0/1, bytes=0/2097152, age=0 ms/500 ms, high-water=130802 bytes/23 ms | SSRC=4011457692, restarts=1
bridge written=18238, dropped=58, connections/errors=107, AU-depth=0/4, bytes=0/4194304, current-age=0ms, max-depth=3, max-age=34ms, reconstruction-to-write-max=46284us
t=00:12:28 | packets=533933/533933 (628041307 bytes) | AUs complete=18298, IDR=611, incomplete=0 | gaps=0, out-of-order=0, bad-packets=0, oversized-datagrams=0, unsupported=0 | PTS-map-mismatch=0, nonmonotonic-PTS=0, key-flag-mismatch=0 | config-AUs=611, AUs-without-SPS/PPS=17687 | reassembly-depth=0/1, bytes=0/2097152, age=0 ms/500 ms, high-water=130802 bytes/23 ms | SSRC=4011457692, restarts=1
bridge written=18238, dropped=58, connections/errors=107, AU-depth=0/4, bytes=0/4194304, current-age=0ms, max-depth=3, max-age=34ms, reconstruction-to-write-max=46284us
t=00:12:29 | packets=533933/533933 (628041307 bytes) | AUs complete=18298, IDR=611, incomplete=0 | gaps=0, out-of-order=0, bad-packets=0, oversized-datagrams=0, unsupported=0 | PTS-map-mismatch=0, nonmonotonic-PTS=0, key-flag-mismatch=0 | config-AUs=611, AUs-without-SPS/PPS=17687 | reassembly-depth=0/1, bytes=0/2097152, age=0 ms/500 ms, high-water=130802 bytes/23 ms | SSRC=4011457692, restarts=1
bridge written=18238, dropped=58, connections/errors=107, AU-depth=0/4, bytes=0/4194304, current-age=0ms, max-depth=3, max-age=34ms, reconstruction-to-write-max=46284us
t=00:12:30 | packets=533933/533933 (628041307 bytes) | AUs complete=18298, IDR=611, incomplete=0 | gaps=0, out-of-order=0, bad-packets=0, oversized-datagrams=0, unsupported=0 | PTS-map-mismatch=0, nonmonotonic-PTS=0, key-flag-mismatch=0 | config-AUs=611, AUs-without-SPS/PPS=17687 | reassembly-depth=0/1, bytes=0/2097152, age=0 ms/500 ms, high-water=130802 bytes/23 ms | SSRC=4011457692, restarts=1
bridge written=18238, dropped=58, connections/errors=107, AU-depth=0/4, bytes=0/4194304, current-age=0ms, max-depth=3, max-age=34ms, reconstruction-to-write-max=46284us
t=00:12:31 | packets=533933/533933 (628041307 bytes) | AUs complete=18298, IDR=611, incomplete=0 | gaps=0, out-of-order=0, bad-packets=0, oversized-datagrams=0, unsupported=0 | PTS-map-mismatch=0, nonmonotonic-PTS=0, key-flag-mismatch=0 | config-AUs=611, AUs-without-SPS/PPS=17687 | reassembly-depth=0/1, bytes=0/2097152, age=0 ms/500 ms, high-water=130802 bytes/23 ms | SSRC=4011457692, restarts=1
bridge written=18238, dropped=58, connections/errors=107, AU-depth=0/4, bytes=0/4194304, current-age=0ms, max-depth=3, max-age=34ms, reconstruction-to-write-max=46284us
t=00:12:32 | packets=533933/533933 (628041307 bytes) | AUs complete=18298, IDR=611, incomplete=0 | gaps=0, out-of-order=0, bad-packets=0, oversized-datagrams=0, unsupported=0 | PTS-map-mismatch=0, nonmonotonic-PTS=0, key-flag-mismatch=0 | config-AUs=611, AUs-without-SPS/PPS=17687 | reassembly-depth=0/1, bytes=0/2097152, age=0 ms/500 ms, high-water=130802 bytes/23 ms | SSRC=4011457692, restarts=1
bridge written=18238, dropped=58, connections/errors=107, AU-depth=0/4, bytes=0/4194304, current-age=0ms, max-depth=3, max-age=34ms, reconstruction-to-write-max=46284us
t=00:12:34 | packets=533933/533933 (628041307 bytes) | AUs complete=18298, IDR=611, incomplete=0 | gaps=0, out-of-order=0, bad-packets=0, oversized-datagrams=0, unsupported=0 | PTS-map-mismatch=0, nonmonotonic-PTS=0, key-flag-mismatch=0 | config-AUs=611, AUs-without-SPS/PPS=17687 | reassembly-depth=0/1, bytes=0/2097152, age=0 ms/500 ms, high-water=130802 bytes/23 ms | SSRC=4011457692, restarts=1
bridge written=18238, dropped=58, connections/errors=107, AU-depth=0/4, bytes=0/4194304, current-age=0ms, max-depth=3, max-age=34ms, reconstruction-to-write-max=46284us
t=00:12:35 | packets=533933/533933 (628041307 bytes) | AUs complete=18298, IDR=611, incomplete=0 | gaps=0, out-of-order=0, bad-packets=0, oversized-datagrams=0, unsupported=0 | PTS-map-mismatch=0, nonmonotonic-PTS=0, key-flag-mismatch=0 | config-AUs=611, AUs-without-SPS/PPS=17687 | reassembly-depth=0/1, bytes=0/2097152, age=0 ms/500 ms, high-water=130802 bytes/23 ms | SSRC=4011457692, restarts=1
bridge written=18238, dropped=58, connections/errors=107, AU-depth=0/4, bytes=0/4194304, current-age=0ms, max-depth=3, max-age=34ms, reconstruction-to-write-max=46284us
t=00:12:36 | packets=533933/533933 (628041307 bytes) | AUs complete=18298, IDR=611, incomplete=0 | gaps=0, out-of-order=0, bad-packets=0, oversized-datagrams=0, unsupported=0 | PTS-map-mismatch=0, nonmonotonic-PTS=0, key-flag-mismatch=0 | config-AUs=611, AUs-without-SPS/PPS=17687 | reassembly-depth=0/1, bytes=0/2097152, age=0 ms/500 ms, high-water=130802 bytes/23 ms | SSRC=4011457692, restarts=1
bridge written=18238, dropped=58, connections/errors=107, AU-depth=0/4, bytes=0/4194304, current-age=0ms, max-depth=3, max-age=34ms, reconstruction-to-write-max=46284us
t=00:12:37 | packets=533933/533933 (628041307 bytes) | AUs complete=18298, IDR=611, incomplete=0 | gaps=0, out-of-order=0, bad-packets=0, oversized-datagrams=0, unsupported=0 | PTS-map-mismatch=0, nonmonotonic-PTS=0, key-flag-mismatch=0 | config-AUs=611, AUs-without-SPS/PPS=17687 | reassembly-depth=0/1, bytes=0/2097152, age=0 ms/500 ms, high-water=130802 bytes/23 ms | SSRC=4011457692, restarts=1
bridge written=18238, dropped=58, connections/errors=107, AU-depth=0/4, bytes=0/4194304, current-age=0ms, max-depth=3, max-age=34ms, reconstruction-to-write-max=46284us
t=00:12:38 | packets=533933/533933 (628041307 bytes) | AUs complete=18298, IDR=611, incomplete=0 | gaps=0, out-of-order=0, bad-packets=0, oversized-datagrams=0, unsupported=0 | PTS-map-mismatch=0, nonmonotonic-PTS=0, key-flag-mismatch=0 | config-AUs=611, AUs-without-SPS/PPS=17687 | reassembly-depth=0/1, bytes=0/2097152, age=0 ms/500 ms, high-water=130802 bytes/23 ms | SSRC=4011457692, restarts=1
bridge written=18238, dropped=58, connections/errors=107, AU-depth=0/4, bytes=0/4194304, current-age=0ms, max-depth=3, max-age=34ms, reconstruction-to-write-max=46284us
t=00:12:39 | packets=533933/533933 (628041307 bytes) | AUs complete=18298, IDR=611, incomplete=0 | gaps=0, out-of-order=0, bad-packets=0, oversized-datagrams=0, unsupported=0 | PTS-map-mismatch=0, nonmonotonic-PTS=0, key-flag-mismatch=0 | config-AUs=611, AUs-without-SPS/PPS=17687 | reassembly-depth=0/1, bytes=0/2097152, age=0 ms/500 ms, high-water=130802 bytes/23 ms | SSRC=4011457692, restarts=1
bridge written=18238, dropped=58, connections/errors=107, AU-depth=0/4, bytes=0/4194304, current-age=0ms, max-depth=3, max-age=34ms, reconstruction-to-write-max=46284us
t=00:12:40 | packets=533933/533933 (628041307 bytes) | AUs complete=18298, IDR=611, incomplete=0 | gaps=0, out-of-order=0, bad-packets=0, oversized-datagrams=0, unsupported=0 | PTS-map-mismatch=0, nonmonotonic-PTS=0, key-flag-mismatch=0 | config-AUs=611, AUs-without-SPS/PPS=17687 | reassembly-depth=0/1, bytes=0/2097152, age=0 ms/500 ms, high-water=130802 bytes/23 ms | SSRC=4011457692, restarts=1
bridge written=18238, dropped=58, connections/errors=107, AU-depth=0/4, bytes=0/4194304, current-age=0ms, max-depth=3, max-age=34ms, reconstruction-to-write-max=46284us
t=00:12:41 | packets=533933/533933 (628041307 bytes) | AUs complete=18298, IDR=611, incomplete=0 | gaps=0, out-of-order=0, bad-packets=0, oversized-datagrams=0, unsupported=0 | PTS-map-mismatch=0, nonmonotonic-PTS=0, key-flag-mismatch=0 | config-AUs=611, AUs-without-SPS/PPS=17687 | reassembly-depth=0/1, bytes=0/2097152, age=0 ms/500 ms, high-water=130802 bytes/23 ms | SSRC=4011457692, restarts=1
bridge written=18238, dropped=58, connections/errors=107, AU-depth=0/4, bytes=0/4194304, current-age=0ms, max-depth=3, max-age=34ms, reconstruction-to-write-max=46284us
t=00:12:42 | packets=533933/533933 (628041307 bytes) | AUs complete=18298, IDR=611, incomplete=0 | gaps=0, out-of-order=0, bad-packets=0, oversized-datagrams=0, unsupported=0 | PTS-map-mismatch=0, nonmonotonic-PTS=0, key-flag-mismatch=0 | config-AUs=611, AUs-without-SPS/PPS=17687 | reassembly-depth=0/1, bytes=0/2097152, age=0 ms/500 ms, high-water=130802 bytes/23 ms | SSRC=4011457692, restarts=1
bridge written=18238, dropped=58, connections/errors=107, AU-depth=0/4, bytes=0/4194304, current-age=0ms, max-depth=3, max-age=34ms, reconstruction-to-write-max=46284us
t=00:12:43 | packets=533933/533933 (628041307 bytes) | AUs complete=18298, IDR=611, incomplete=0 | gaps=0, out-of-order=0, bad-packets=0, oversized-datagrams=0, unsupported=0 | PTS-map-mismatch=0, nonmonotonic-PTS=0, key-flag-mismatch=0 | config-AUs=611, AUs-without-SPS/PPS=17687 | reassembly-depth=0/1, bytes=0/2097152, age=0 ms/500 ms, high-water=130802 bytes/23 ms | SSRC=4011457692, restarts=1
bridge written=18238, dropped=58, connections/errors=107, AU-depth=0/4, bytes=0/4194304, current-age=0ms, max-depth=3, max-age=34ms, reconstruction-to-write-max=46284us
t=00:12:45 | packets=533933/533933 (628041307 bytes) | AUs complete=18298, IDR=611, incomplete=0 | gaps=0, out-of-order=0, bad-packets=0, oversized-datagrams=0, unsupported=0 | PTS-map-mismatch=0, nonmonotonic-PTS=0, key-flag-mismatch=0 | config-AUs=611, AUs-without-SPS/PPS=17687 | reassembly-depth=0/1, bytes=0/2097152, age=0 ms/500 ms, high-water=130802 bytes/23 ms | SSRC=4011457692, restarts=1
bridge written=18238, dropped=58, connections/errors=107, AU-depth=0/4, bytes=0/4194304, current-age=0ms, max-depth=3, max-age=34ms, reconstruction-to-write-max=46284us
t=00:12:46 | packets=533933/533933 (628041307 bytes) | AUs complete=18298, IDR=611, incomplete=0 | gaps=0, out-of-order=0, bad-packets=0, oversized-datagrams=0, unsupported=0 | PTS-map-mismatch=0, nonmonotonic-PTS=0, key-flag-mismatch=0 | config-AUs=611, AUs-without-SPS/PPS=17687 | reassembly-depth=0/1, bytes=0/2097152, age=0 ms/500 ms, high-water=130802 bytes/23 ms | SSRC=4011457692, restarts=1
bridge written=18238, dropped=58, connections/errors=107, AU-depth=0/4, bytes=0/4194304, current-age=0ms, max-depth=3, max-age=34ms, reconstruction-to-write-max=46284us
t=00:12:47 | packets=533933/533933 (628041307 bytes) | AUs complete=18298, IDR=611, incomplete=0 | gaps=0, out-of-order=0, bad-packets=0, oversized-datagrams=0, unsupported=0 | PTS-map-mismatch=0, nonmonotonic-PTS=0, key-flag-mismatch=0 | config-AUs=611, AUs-without-SPS/PPS=17687 | reassembly-depth=0/1, bytes=0/2097152, age=0 ms/500 ms, high-water=130802 bytes/23 ms | SSRC=4011457692, restarts=1
bridge written=18238, dropped=58, connections/errors=107, AU-depth=0/4, bytes=0/4194304, current-age=0ms, max-depth=3, max-age=34ms, reconstruction-to-write-max=46284us
t=00:12:48 | packets=533933/533933 (628041307 bytes) | AUs complete=18298, IDR=611, incomplete=0 | gaps=0, out-of-order=0, bad-packets=0, oversized-datagrams=0, unsupported=0 | PTS-map-mismatch=0, nonmonotonic-PTS=0, key-flag-mismatch=0 | config-AUs=611, AUs-without-SPS/PPS=17687 | reassembly-depth=0/1, bytes=0/2097152, age=0 ms/500 ms, high-water=130802 bytes/23 ms | SSRC=4011457692, restarts=1
bridge written=18238, dropped=58, connections/errors=107, AU-depth=0/4, bytes=0/4194304, current-age=0ms, max-depth=3, max-age=34ms, reconstruction-to-write-max=46284us
t=00:12:49 | packets=533933/533933 (628041307 bytes) | AUs complete=18298, IDR=611, incomplete=0 | gaps=0, out-of-order=0, bad-packets=0, oversized-datagrams=0, unsupported=0 | PTS-map-mismatch=0, nonmonotonic-PTS=0, key-flag-mismatch=0 | config-AUs=611, AUs-without-SPS/PPS=17687 | reassembly-depth=0/1, bytes=0/2097152, age=0 ms/500 ms, high-water=130802 bytes/23 ms | SSRC=4011457692, restarts=1
bridge written=18238, dropped=58, connections/errors=107, AU-depth=0/4, bytes=0/4194304, current-age=0ms, max-depth=3, max-age=34ms, reconstruction-to-write-max=46284us
t=00:12:50 | packets=533933/533933 (628041307 bytes) | AUs complete=18298, IDR=611, incomplete=0 | gaps=0, out-of-order=0, bad-packets=0, oversized-datagrams=0, unsupported=0 | PTS-map-mismatch=0, nonmonotonic-PTS=0, key-flag-mismatch=0 | config-AUs=611, AUs-without-SPS/PPS=17687 | reassembly-depth=0/1, bytes=0/2097152, age=0 ms/500 ms, high-water=130802 bytes/23 ms | SSRC=4011457692, restarts=1
bridge written=18238, dropped=58, connections/errors=107, AU-depth=0/4, bytes=0/4194304, current-age=0ms, max-depth=3, max-age=34ms, reconstruction-to-write-max=46284us
t=00:12:51 | packets=533933/533933 (628041307 bytes) | AUs complete=18298, IDR=611, incomplete=0 | gaps=0, out-of-order=0, bad-packets=0, oversized-datagrams=0, unsupported=0 | PTS-map-mismatch=0, nonmonotonic-PTS=0, key-flag-mismatch=0 | config-AUs=611, AUs-without-SPS/PPS=17687 | reassembly-depth=0/1, bytes=0/2097152, age=0 ms/500 ms, high-water=130802 bytes/23 ms | SSRC=4011457692, restarts=1
bridge written=18238, dropped=58, connections/errors=107, AU-depth=0/4, bytes=0/4194304, current-age=0ms, max-depth=3, max-age=34ms, reconstruction-to-write-max=46284us
t=00:12:52 | packets=533933/533933 (628041307 bytes) | AUs complete=18298, IDR=611, incomplete=0 | gaps=0, out-of-order=0, bad-packets=0, oversized-datagrams=0, unsupported=0 | PTS-map-mismatch=0, nonmonotonic-PTS=0, key-flag-mismatch=0 | config-AUs=611, AUs-without-SPS/PPS=17687 | reassembly-depth=0/1, bytes=0/2097152, age=0 ms/500 ms, high-water=130802 bytes/23 ms | SSRC=4011457692, restarts=1
bridge written=18238, dropped=58, connections/errors=107, AU-depth=0/4, bytes=0/4194304, current-age=0ms, max-depth=3, max-age=34ms, reconstruction-to-write-max=46284us
t=00:12:53 | packets=533933/533933 (628041307 bytes) | AUs complete=18298, IDR=611, incomplete=0 | gaps=0, out-of-order=0, bad-packets=0, oversized-datagrams=0, unsupported=0 | PTS-map-mismatch=0, nonmonotonic-PTS=0, key-flag-mismatch=0 | config-AUs=611, AUs-without-SPS/PPS=17687 | reassembly-depth=0/1, bytes=0/2097152, age=0 ms/500 ms, high-water=130802 bytes/23 ms | SSRC=4011457692, restarts=1
bridge written=18238, dropped=58, connections/errors=107, AU-depth=0/4, bytes=0/4194304, current-age=0ms, max-depth=3, max-age=34ms, reconstruction-to-write-max=46284us
t=00:12:54 | packets=533933/533933 (628041307 bytes) | AUs complete=18298, IDR=611, incomplete=0 | gaps=0, out-of-order=0, bad-packets=0, oversized-datagrams=0, unsupported=0 | PTS-map-mismatch=0, nonmonotonic-PTS=0, key-flag-mismatch=0 | config-AUs=611, AUs-without-SPS/PPS=17687 | reassembly-depth=0/1, bytes=0/2097152, age=0 ms/500 ms, high-water=130802 bytes/23 ms | SSRC=4011457692, restarts=1
bridge written=18238, dropped=58, connections/errors=107, AU-depth=0/4, bytes=0/4194304, current-age=0ms, max-depth=3, max-age=34ms, reconstruction-to-write-max=46284us
t=00:12:55 | packets=533933/533933 (628041307 bytes) | AUs complete=18298, IDR=611, incomplete=0 | gaps=0, out-of-order=0, bad-packets=0, oversized-datagrams=0, unsupported=0 | PTS-map-mismatch=0, nonmonotonic-PTS=0, key-flag-mismatch=0 | config-AUs=611, AUs-without-SPS/PPS=17687 | reassembly-depth=0/1, bytes=0/2097152, age=0 ms/500 ms, high-water=130802 bytes/23 ms | SSRC=4011457692, restarts=1
bridge written=18238, dropped=58, connections/errors=107, AU-depth=0/4, bytes=0/4194304, current-age=0ms, max-depth=3, max-age=34ms, reconstruction-to-write-max=46284us
t=00:12:57 | packets=533933/533933 (628041307 bytes) | AUs complete=18298, IDR=611, incomplete=0 | gaps=0, out-of-order=0, bad-packets=0, oversized-datagrams=0, unsupported=0 | PTS-map-mismatch=0, nonmonotonic-PTS=0, key-flag-mismatch=0 | config-AUs=611, AUs-without-SPS/PPS=17687 | reassembly-depth=0/1, bytes=0/2097152, age=0 ms/500 ms, high-water=130802 bytes/23 ms | SSRC=4011457692, restarts=1
bridge written=18238, dropped=58, connections/errors=107, AU-depth=0/4, bytes=0/4194304, current-age=0ms, max-depth=3, max-age=34ms, reconstruction-to-write-max=46284us
t=00:12:58 | packets=533933/533933 (628041307 bytes) | AUs complete=18298, IDR=611, incomplete=0 | gaps=0, out-of-order=0, bad-packets=0, oversized-datagrams=0, unsupported=0 | PTS-map-mismatch=0, nonmonotonic-PTS=0, key-flag-mismatch=0 | config-AUs=611, AUs-without-SPS/PPS=17687 | reassembly-depth=0/1, bytes=0/2097152, age=0 ms/500 ms, high-water=130802 bytes/23 ms | SSRC=4011457692, restarts=1
bridge written=18238, dropped=58, connections/errors=107, AU-depth=0/4, bytes=0/4194304, current-age=0ms, max-depth=3, max-age=34ms, reconstruction-to-write-max=46284us
t=00:12:59 | packets=533933/533933 (628041307 bytes) | AUs complete=18298, IDR=611, incomplete=0 | gaps=0, out-of-order=0, bad-packets=0, oversized-datagrams=0, unsupported=0 | PTS-map-mismatch=0, nonmonotonic-PTS=0, key-flag-mismatch=0 | config-AUs=611, AUs-without-SPS/PPS=17687 | reassembly-depth=0/1, bytes=0/2097152, age=0 ms/500 ms, high-water=130802 bytes/23 ms | SSRC=4011457692, restarts=1
bridge written=18238, dropped=58, connections/errors=107, AU-depth=0/4, bytes=0/4194304, current-age=0ms, max-depth=3, max-age=34ms, reconstruction-to-write-max=46284us
t=00:13:00 | packets=533933/533933 (628041307 bytes) | AUs complete=18298, IDR=611, incomplete=0 | gaps=0, out-of-order=0, bad-packets=0, oversized-datagrams=0, unsupported=0 | PTS-map-mismatch=0, nonmonotonic-PTS=0, key-flag-mismatch=0 | config-AUs=611, AUs-without-SPS/PPS=17687 | reassembly-depth=0/1, bytes=0/2097152, age=0 ms/500 ms, high-water=130802 bytes/23 ms | SSRC=4011457692, restarts=1
bridge written=18238, dropped=58, connections/errors=107, AU-depth=0/4, bytes=0/4194304, current-age=0ms, max-depth=3, max-age=34ms, reconstruction-to-write-max=46284us
t=00:13:01 | packets=533933/533933 (628041307 bytes) | AUs complete=18298, IDR=611, incomplete=0 | gaps=0, out-of-order=0, bad-packets=0, oversized-datagrams=0, unsupported=0 | PTS-map-mismatch=0, nonmonotonic-PTS=0, key-flag-mismatch=0 | config-AUs=611, AUs-without-SPS/PPS=17687 | reassembly-depth=0/1, bytes=0/2097152, age=0 ms/500 ms, high-water=130802 bytes/23 ms | SSRC=4011457692, restarts=1
bridge written=18238, dropped=58, connections/errors=107, AU-depth=0/4, bytes=0/4194304, current-age=0ms, max-depth=3, max-age=34ms, reconstruction-to-write-max=46284us
t=00:13:02 | packets=533933/533933 (628041307 bytes) | AUs complete=18298, IDR=611, incomplete=0 | gaps=0, out-of-order=0, bad-packets=0, oversized-datagrams=0, unsupported=0 | PTS-map-mismatch=0, nonmonotonic-PTS=0, key-flag-mismatch=0 | config-AUs=611, AUs-without-SPS/PPS=17687 | reassembly-depth=0/1, bytes=0/2097152, age=0 ms/500 ms, high-water=130802 bytes/23 ms | SSRC=4011457692, restarts=1
bridge written=18238, dropped=58, connections/errors=107, AU-depth=0/4, bytes=0/4194304, current-age=0ms, max-depth=3, max-age=34ms, reconstruction-to-write-max=46284us
t=00:13:03 | packets=533933/533933 (628041307 bytes) | AUs complete=18298, IDR=611, incomplete=0 | gaps=0, out-of-order=0, bad-packets=0, oversized-datagrams=0, unsupported=0 | PTS-map-mismatch=0, nonmonotonic-PTS=0, key-flag-mismatch=0 | config-AUs=611, AUs-without-SPS/PPS=17687 | reassembly-depth=0/1, bytes=0/2097152, age=0 ms/500 ms, high-water=130802 bytes/23 ms | SSRC=4011457692, restarts=1
bridge written=18238, dropped=58, connections/errors=107, AU-depth=0/4, bytes=0/4194304, current-age=0ms, max-depth=3, max-age=34ms, reconstruction-to-write-max=46284us
t=00:13:04 | packets=533933/533933 (628041307 bytes) | AUs complete=18298, IDR=611, incomplete=0 | gaps=0, out-of-order=0, bad-packets=0, oversized-datagrams=0, unsupported=0 | PTS-map-mismatch=0, nonmonotonic-PTS=0, key-flag-mismatch=0 | config-AUs=611, AUs-without-SPS/PPS=17687 | reassembly-depth=0/1, bytes=0/2097152, age=0 ms/500 ms, high-water=130802 bytes/23 ms | SSRC=4011457692, restarts=1
bridge written=18238, dropped=58, connections/errors=107, AU-depth=0/4, bytes=0/4194304, current-age=0ms, max-depth=3, max-age=34ms, reconstruction-to-write-max=46284us
t=00:13:05 | packets=533933/533933 (628041307 bytes) | AUs complete=18298, IDR=611, incomplete=0 | gaps=0, out-of-order=0, bad-packets=0, oversized-datagrams=0, unsupported=0 | PTS-map-mismatch=0, nonmonotonic-PTS=0, key-flag-mismatch=0 | config-AUs=611, AUs-without-SPS/PPS=17687 | reassembly-depth=0/1, bytes=0/2097152, age=0 ms/500 ms, high-water=130802 bytes/23 ms | SSRC=4011457692, restarts=1
bridge written=18238, dropped=58, connections/errors=107, AU-depth=0/4, bytes=0/4194304, current-age=0ms, max-depth=3, max-age=34ms, reconstruction-to-write-max=46284us
t=00:13:06 | packets=533933/533933 (628041307 bytes) | AUs complete=18298, IDR=611, incomplete=0 | gaps=0, out-of-order=0, bad-packets=0, oversized-datagrams=0, unsupported=0 | PTS-map-mismatch=0, nonmonotonic-PTS=0, key-flag-mismatch=0 | config-AUs=611, AUs-without-SPS/PPS=17687 | reassembly-depth=0/1, bytes=0/2097152, age=0 ms/500 ms, high-water=130802 bytes/23 ms | SSRC=4011457692, restarts=1
bridge written=18238, dropped=58, connections/errors=107, AU-depth=0/4, bytes=0/4194304, current-age=0ms, max-depth=3, max-age=34ms, reconstruction-to-write-max=46284us
t=00:13:07 | packets=533933/533933 (628041307 bytes) | AUs complete=18298, IDR=611, incomplete=0 | gaps=0, out-of-order=0, bad-packets=0, oversized-datagrams=0, unsupported=0 | PTS-map-mismatch=0, nonmonotonic-PTS=0, key-flag-mismatch=0 | config-AUs=611, AUs-without-SPS/PPS=17687 | reassembly-depth=0/1, bytes=0/2097152, age=0 ms/500 ms, high-water=130802 bytes/23 ms | SSRC=4011457692, restarts=1
bridge written=18238, dropped=58, connections/errors=107, AU-depth=0/4, bytes=0/4194304, current-age=0ms, max-depth=3, max-age=34ms, reconstruction-to-write-max=46284us
t=00:13:09 | packets=533933/533933 (628041307 bytes) | AUs complete=18298, IDR=611, incomplete=0 | gaps=0, out-of-order=0, bad-packets=0, oversized-datagrams=0, unsupported=0 | PTS-map-mismatch=0, nonmonotonic-PTS=0, key-flag-mismatch=0 | config-AUs=611, AUs-without-SPS/PPS=17687 | reassembly-depth=0/1, bytes=0/2097152, age=0 ms/500 ms, high-water=130802 bytes/23 ms | SSRC=4011457692, restarts=1
bridge written=18238, dropped=58, connections/errors=107, AU-depth=0/4, bytes=0/4194304, current-age=0ms, max-depth=3, max-age=34ms, reconstruction-to-write-max=46284us
t=00:13:10 | packets=533933/533933 (628041307 bytes) | AUs complete=18298, IDR=611, incomplete=0 | gaps=0, out-of-order=0, bad-packets=0, oversized-datagrams=0, unsupported=0 | PTS-map-mismatch=0, nonmonotonic-PTS=0, key-flag-mismatch=0 | config-AUs=611, AUs-without-SPS/PPS=17687 | reassembly-depth=0/1, bytes=0/2097152, age=0 ms/500 ms, high-water=130802 bytes/23 ms | SSRC=4011457692, restarts=1
bridge written=18238, dropped=58, connections/errors=107, AU-depth=0/4, bytes=0/4194304, current-age=0ms, max-depth=3, max-age=34ms, reconstruction-to-write-max=46284us
t=00:13:11 | packets=533933/533933 (628041307 bytes) | AUs complete=18298, IDR=611, incomplete=0 | gaps=0, out-of-order=0, bad-packets=0, oversized-datagrams=0, unsupported=0 | PTS-map-mismatch=0, nonmonotonic-PTS=0, key-flag-mismatch=0 | config-AUs=611, AUs-without-SPS/PPS=17687 | reassembly-depth=0/1, bytes=0/2097152, age=0 ms/500 ms, high-water=130802 bytes/23 ms | SSRC=4011457692, restarts=1
bridge written=18238, dropped=58, connections/errors=107, AU-depth=0/4, bytes=0/4194304, current-age=0ms, max-depth=3, max-age=34ms, reconstruction-to-write-max=46284us
t=00:13:12 | packets=533933/533933 (628041307 bytes) | AUs complete=18298, IDR=611, incomplete=0 | gaps=0, out-of-order=0, bad-packets=0, oversized-datagrams=0, unsupported=0 | PTS-map-mismatch=0, nonmonotonic-PTS=0, key-flag-mismatch=0 | config-AUs=611, AUs-without-SPS/PPS=17687 | reassembly-depth=0/1, bytes=0/2097152, age=0 ms/500 ms, high-water=130802 bytes/23 ms | SSRC=4011457692, restarts=1
bridge written=18238, dropped=58, connections/errors=107, AU-depth=0/4, bytes=0/4194304, current-age=0ms, max-depth=3, max-age=34ms, reconstruction-to-write-max=46284us
t=00:13:13 | packets=533933/533933 (628041307 bytes) | AUs complete=18298, IDR=611, incomplete=0 | gaps=0, out-of-order=0, bad-packets=0, oversized-datagrams=0, unsupported=0 | PTS-map-mismatch=0, nonmonotonic-PTS=0, key-flag-mismatch=0 | config-AUs=611, AUs-without-SPS/PPS=17687 | reassembly-depth=0/1, bytes=0/2097152, age=0 ms/500 ms, high-water=130802 bytes/23 ms | SSRC=4011457692, restarts=1
bridge written=18238, dropped=58, connections/errors=107, AU-depth=0/4, bytes=0/4194304, current-age=0ms, max-depth=3, max-age=34ms, reconstruction-to-write-max=46284us
t=00:13:14 | packets=533933/533933 (628041307 bytes) | AUs complete=18298, IDR=611, incomplete=0 | gaps=0, out-of-order=0, bad-packets=0, oversized-datagrams=0, unsupported=0 | PTS-map-mismatch=0, nonmonotonic-PTS=0, key-flag-mismatch=0 | config-AUs=611, AUs-without-SPS/PPS=17687 | reassembly-depth=0/1, bytes=0/2097152, age=0 ms/500 ms, high-water=130802 bytes/23 ms | SSRC=4011457692, restarts=1
bridge written=18238, dropped=58, connections/errors=107, AU-depth=0/4, bytes=0/4194304, current-age=0ms, max-depth=3, max-age=34ms, reconstruction-to-write-max=46284us
t=00:13:15 | packets=533933/533933 (628041307 bytes) | AUs complete=18298, IDR=611, incomplete=0 | gaps=0, out-of-order=0, bad-packets=0, oversized-datagrams=0, unsupported=0 | PTS-map-mismatch=0, nonmonotonic-PTS=0, key-flag-mismatch=0 | config-AUs=611, AUs-without-SPS/PPS=17687 | reassembly-depth=0/1, bytes=0/2097152, age=0 ms/500 ms, high-water=130802 bytes/23 ms | SSRC=4011457692, restarts=1
bridge written=18238, dropped=58, connections/errors=107, AU-depth=0/4, bytes=0/4194304, current-age=0ms, max-depth=3, max-age=34ms, reconstruction-to-write-max=46284us
t=00:13:16 | packets=533933/533933 (628041307 bytes) | AUs complete=18298, IDR=611, incomplete=0 | gaps=0, out-of-order=0, bad-packets=0, oversized-datagrams=0, unsupported=0 | PTS-map-mismatch=0, nonmonotonic-PTS=0, key-flag-mismatch=0 | config-AUs=611, AUs-without-SPS/PPS=17687 | reassembly-depth=0/1, bytes=0/2097152, age=0 ms/500 ms, high-water=130802 bytes/23 ms | SSRC=4011457692, restarts=1
bridge written=18238, dropped=58, connections/errors=107, AU-depth=0/4, bytes=0/4194304, current-age=0ms, max-depth=3, max-age=34ms, reconstruction-to-write-max=46284us
t=00:13:17 | packets=533933/533933 (628041307 bytes) | AUs complete=18298, IDR=611, incomplete=0 | gaps=0, out-of-order=0, bad-packets=0, oversized-datagrams=0, unsupported=0 | PTS-map-mismatch=0, nonmonotonic-PTS=0, key-flag-mismatch=0 | config-AUs=611, AUs-without-SPS/PPS=17687 | reassembly-depth=0/1, bytes=0/2097152, age=0 ms/500 ms, high-water=130802 bytes/23 ms | SSRC=4011457692, restarts=1
bridge written=18238, dropped=58, connections/errors=107, AU-depth=0/4, bytes=0/4194304, current-age=0ms, max-depth=3, max-age=34ms, reconstruction-to-write-max=46284us
t=00:13:18 | packets=533933/533933 (628041307 bytes) | AUs complete=18298, IDR=611, incomplete=0 | gaps=0, out-of-order=0, bad-packets=0, oversized-datagrams=0, unsupported=0 | PTS-map-mismatch=0, nonmonotonic-PTS=0, key-flag-mismatch=0 | config-AUs=611, AUs-without-SPS/PPS=17687 | reassembly-depth=0/1, bytes=0/2097152, age=0 ms/500 ms, high-water=130802 bytes/23 ms | SSRC=4011457692, restarts=1
bridge written=18238, dropped=58, connections/errors=107, AU-depth=0/4, bytes=0/4194304, current-age=0ms, max-depth=3, max-age=34ms, reconstruction-to-write-max=46284us
t=00:13:19 | packets=533933/533933 (628041307 bytes) | AUs complete=18298, IDR=611, incomplete=0 | gaps=0, out-of-order=0, bad-packets=0, oversized-datagrams=0, unsupported=0 | PTS-map-mismatch=0, nonmonotonic-PTS=0, key-flag-mismatch=0 | config-AUs=611, AUs-without-SPS/PPS=17687 | reassembly-depth=0/1, bytes=0/2097152, age=0 ms/500 ms, high-water=130802 bytes/23 ms | SSRC=4011457692, restarts=1
bridge written=18238, dropped=58, connections/errors=107, AU-depth=0/4, bytes=0/4194304, current-age=0ms, max-depth=3, max-age=34ms, reconstruction-to-write-max=46284us
t=00:13:21 | packets=533933/533933 (628041307 bytes) | AUs complete=18298, IDR=611, incomplete=0 | gaps=0, out-of-order=0, bad-packets=0, oversized-datagrams=0, unsupported=0 | PTS-map-mismatch=0, nonmonotonic-PTS=0, key-flag-mismatch=0 | config-AUs=611, AUs-without-SPS/PPS=17687 | reassembly-depth=0/1, bytes=0/2097152, age=0 ms/500 ms, high-water=130802 bytes/23 ms | SSRC=4011457692, restarts=1
bridge written=18238, dropped=58, connections/errors=107, AU-depth=0/4, bytes=0/4194304, current-age=0ms, max-depth=3, max-age=34ms, reconstruction-to-write-max=46284us
t=00:13:22 | packets=533933/533933 (628041307 bytes) | AUs complete=18298, IDR=611, incomplete=0 | gaps=0, out-of-order=0, bad-packets=0, oversized-datagrams=0, unsupported=0 | PTS-map-mismatch=0, nonmonotonic-PTS=0, key-flag-mismatch=0 | config-AUs=611, AUs-without-SPS/PPS=17687 | reassembly-depth=0/1, bytes=0/2097152, age=0 ms/500 ms, high-water=130802 bytes/23 ms | SSRC=4011457692, restarts=1
bridge written=18238, dropped=58, connections/errors=107, AU-depth=0/4, bytes=0/4194304, current-age=0ms, max-depth=3, max-age=34ms, reconstruction-to-write-max=46284us
t=00:13:23 | packets=533933/533933 (628041307 bytes) | AUs complete=18298, IDR=611, incomplete=0 | gaps=0, out-of-order=0, bad-packets=0, oversized-datagrams=0, unsupported=0 | PTS-map-mismatch=0, nonmonotonic-PTS=0, key-flag-mismatch=0 | config-AUs=611, AUs-without-SPS/PPS=17687 | reassembly-depth=0/1, bytes=0/2097152, age=0 ms/500 ms, high-water=130802 bytes/23 ms | SSRC=4011457692, restarts=1
bridge written=18238, dropped=58, connections/errors=107, AU-depth=0/4, bytes=0/4194304, current-age=0ms, max-depth=3, max-age=34ms, reconstruction-to-write-max=46284us
t=00:13:24 | packets=533933/533933 (628041307 bytes) | AUs complete=18298, IDR=611, incomplete=0 | gaps=0, out-of-order=0, bad-packets=0, oversized-datagrams=0, unsupported=0 | PTS-map-mismatch=0, nonmonotonic-PTS=0, key-flag-mismatch=0 | config-AUs=611, AUs-without-SPS/PPS=17687 | reassembly-depth=0/1, bytes=0/2097152, age=0 ms/500 ms, high-water=130802 bytes/23 ms | SSRC=4011457692, restarts=1
bridge written=18238, dropped=58, connections/errors=107, AU-depth=0/4, bytes=0/4194304, current-age=0ms, max-depth=3, max-age=34ms, reconstruction-to-write-max=46284us
t=00:13:25 | packets=533933/533933 (628041307 bytes) | AUs complete=18298, IDR=611, incomplete=0 | gaps=0, out-of-order=0, bad-packets=0, oversized-datagrams=0, unsupported=0 | PTS-map-mismatch=0, nonmonotonic-PTS=0, key-flag-mismatch=0 | config-AUs=611, AUs-without-SPS/PPS=17687 | reassembly-depth=0/1, bytes=0/2097152, age=0 ms/500 ms, high-water=130802 bytes/23 ms | SSRC=4011457692, restarts=1
bridge written=18238, dropped=58, connections/errors=107, AU-depth=0/4, bytes=0/4194304, current-age=0ms, max-depth=3, max-age=34ms, reconstruction-to-write-max=46284us
t=00:13:26 | packets=533933/533933 (628041307 bytes) | AUs complete=18298, IDR=611, incomplete=0 | gaps=0, out-of-order=0, bad-packets=0, oversized-datagrams=0, unsupported=0 | PTS-map-mismatch=0, nonmonotonic-PTS=0, key-flag-mismatch=0 | config-AUs=611, AUs-without-SPS/PPS=17687 | reassembly-depth=0/1, bytes=0/2097152, age=0 ms/500 ms, high-water=130802 bytes/23 ms | SSRC=4011457692, restarts=1
bridge written=18238, dropped=58, connections/errors=107, AU-depth=0/4, bytes=0/4194304, current-age=0ms, max-depth=3, max-age=34ms, reconstruction-to-write-max=46284us
t=00:13:27 | packets=533933/533933 (628041307 bytes) | AUs complete=18298, IDR=611, incomplete=0 | gaps=0, out-of-order=0, bad-packets=0, oversized-datagrams=0, unsupported=0 | PTS-map-mismatch=0, nonmonotonic-PTS=0, key-flag-mismatch=0 | config-AUs=611, AUs-without-SPS/PPS=17687 | reassembly-depth=0/1, bytes=0/2097152, age=0 ms/500 ms, high-water=130802 bytes/23 ms | SSRC=4011457692, restarts=1
bridge written=18238, dropped=58, connections/errors=107, AU-depth=0/4, bytes=0/4194304, current-age=0ms, max-depth=3, max-age=34ms, reconstruction-to-write-max=46284us
t=00:13:28 | packets=533933/533933 (628041307 bytes) | AUs complete=18298, IDR=611, incomplete=0 | gaps=0, out-of-order=0, bad-packets=0, oversized-datagrams=0, unsupported=0 | PTS-map-mismatch=0, nonmonotonic-PTS=0, key-flag-mismatch=0 | config-AUs=611, AUs-without-SPS/PPS=17687 | reassembly-depth=0/1, bytes=0/2097152, age=0 ms/500 ms, high-water=130802 bytes/23 ms | SSRC=4011457692, restarts=1
bridge written=18238, dropped=58, connections/errors=107, AU-depth=0/4, bytes=0/4194304, current-age=0ms, max-depth=3, max-age=34ms, reconstruction-to-write-max=46284us
t=00:13:29 | packets=533933/533933 (628041307 bytes) | AUs complete=18298, IDR=611, incomplete=0 | gaps=0, out-of-order=0, bad-packets=0, oversized-datagrams=0, unsupported=0 | PTS-map-mismatch=0, nonmonotonic-PTS=0, key-flag-mismatch=0 | config-AUs=611, AUs-without-SPS/PPS=17687 | reassembly-depth=0/1, bytes=0/2097152, age=0 ms/500 ms, high-water=130802 bytes/23 ms | SSRC=4011457692, restarts=1
bridge written=18238, dropped=58, connections/errors=107, AU-depth=0/4, bytes=0/4194304, current-age=0ms, max-depth=3, max-age=34ms, reconstruction-to-write-max=46284us
t=00:13:30 | packets=533933/533933 (628041307 bytes) | AUs complete=18298, IDR=611, incomplete=0 | gaps=0, out-of-order=0, bad-packets=0, oversized-datagrams=0, unsupported=0 | PTS-map-mismatch=0, nonmonotonic-PTS=0, key-flag-mismatch=0 | config-AUs=611, AUs-without-SPS/PPS=17687 | reassembly-depth=0/1, bytes=0/2097152, age=0 ms/500 ms, high-water=130802 bytes/23 ms | SSRC=4011457692, restarts=1
bridge written=18238, dropped=58, connections/errors=107, AU-depth=0/4, bytes=0/4194304, current-age=0ms, max-depth=3, max-age=34ms, reconstruction-to-write-max=46284us
t=00:13:32 | packets=533933/533933 (628041307 bytes) | AUs complete=18298, IDR=611, incomplete=0 | gaps=0, out-of-order=0, bad-packets=0, oversized-datagrams=0, unsupported=0 | PTS-map-mismatch=0, nonmonotonic-PTS=0, key-flag-mismatch=0 | config-AUs=611, AUs-without-SPS/PPS=17687 | reassembly-depth=0/1, bytes=0/2097152, age=0 ms/500 ms, high-water=130802 bytes/23 ms | SSRC=4011457692, restarts=1
bridge written=18238, dropped=58, connections/errors=107, AU-depth=0/4, bytes=0/4194304, current-age=0ms, max-depth=3, max-age=34ms, reconstruction-to-write-max=46284us
t=00:13:33 | packets=533933/533933 (628041307 bytes) | AUs complete=18298, IDR=611, incomplete=0 | gaps=0, out-of-order=0, bad-packets=0, oversized-datagrams=0, unsupported=0 | PTS-map-mismatch=0, nonmonotonic-PTS=0, key-flag-mismatch=0 | config-AUs=611, AUs-without-SPS/PPS=17687 | reassembly-depth=0/1, bytes=0/2097152, age=0 ms/500 ms, high-water=130802 bytes/23 ms | SSRC=4011457692, restarts=1
bridge written=18238, dropped=58, connections/errors=107, AU-depth=0/4, bytes=0/4194304, current-age=0ms, max-depth=3, max-age=34ms, reconstruction-to-write-max=46284us
t=00:13:34 | packets=533933/533933 (628041307 bytes) | AUs complete=18298, IDR=611, incomplete=0 | gaps=0, out-of-order=0, bad-packets=0, oversized-datagrams=0, unsupported=0 | PTS-map-mismatch=0, nonmonotonic-PTS=0, key-flag-mismatch=0 | config-AUs=611, AUs-without-SPS/PPS=17687 | reassembly-depth=0/1, bytes=0/2097152, age=0 ms/500 ms, high-water=130802 bytes/23 ms | SSRC=4011457692, restarts=1
bridge written=18238, dropped=58, connections/errors=107, AU-depth=0/4, bytes=0/4194304, current-age=0ms, max-depth=3, max-age=34ms, reconstruction-to-write-max=46284us
t=00:13:35 | packets=533933/533933 (628041307 bytes) | AUs complete=18298, IDR=611, incomplete=0 | gaps=0, out-of-order=0, bad-packets=0, oversized-datagrams=0, unsupported=0 | PTS-map-mismatch=0, nonmonotonic-PTS=0, key-flag-mismatch=0 | config-AUs=611, AUs-without-SPS/PPS=17687 | reassembly-depth=0/1, bytes=0/2097152, age=0 ms/500 ms, high-water=130802 bytes/23 ms | SSRC=4011457692, restarts=1
bridge written=18238, dropped=58, connections/errors=107, AU-depth=0/4, bytes=0/4194304, current-age=0ms, max-depth=3, max-age=34ms, reconstruction-to-write-max=46284us
t=00:13:36 | packets=533933/533933 (628041307 bytes) | AUs complete=18298, IDR=611, incomplete=0 | gaps=0, out-of-order=0, bad-packets=0, oversized-datagrams=0, unsupported=0 | PTS-map-mismatch=0, nonmonotonic-PTS=0, key-flag-mismatch=0 | config-AUs=611, AUs-without-SPS/PPS=17687 | reassembly-depth=0/1, bytes=0/2097152, age=0 ms/500 ms, high-water=130802 bytes/23 ms | SSRC=4011457692, restarts=1
bridge written=18238, dropped=58, connections/errors=107, AU-depth=0/4, bytes=0/4194304, current-age=0ms, max-depth=3, max-age=34ms, reconstruction-to-write-max=46284us
t=00:13:37 | packets=533933/533933 (628041307 bytes) | AUs complete=18298, IDR=611, incomplete=0 | gaps=0, out-of-order=0, bad-packets=0, oversized-datagrams=0, unsupported=0 | PTS-map-mismatch=0, nonmonotonic-PTS=0, key-flag-mismatch=0 | config-AUs=611, AUs-without-SPS/PPS=17687 | reassembly-depth=0/1, bytes=0/2097152, age=0 ms/500 ms, high-water=130802 bytes/23 ms | SSRC=4011457692, restarts=1
bridge written=18238, dropped=58, connections/errors=107, AU-depth=0/4, bytes=0/4194304, current-age=0ms, max-depth=3, max-age=34ms, reconstruction-to-write-max=46284us
t=00:13:38 | packets=533933/533933 (628041307 bytes) | AUs complete=18298, IDR=611, incomplete=0 | gaps=0, out-of-order=0, bad-packets=0, oversized-datagrams=0, unsupported=0 | PTS-map-mismatch=0, nonmonotonic-PTS=0, key-flag-mismatch=0 | config-AUs=611, AUs-without-SPS/PPS=17687 | reassembly-depth=0/1, bytes=0/2097152, age=0 ms/500 ms, high-water=130802 bytes/23 ms | SSRC=4011457692, restarts=1
bridge written=18238, dropped=58, connections/errors=107, AU-depth=0/4, bytes=0/4194304, current-age=0ms, max-depth=3, max-age=34ms, reconstruction-to-write-max=46284us
t=00:13:39 | packets=533933/533933 (628041307 bytes) | AUs complete=18298, IDR=611, incomplete=0 | gaps=0, out-of-order=0, bad-packets=0, oversized-datagrams=0, unsupported=0 | PTS-map-mismatch=0, nonmonotonic-PTS=0, key-flag-mismatch=0 | config-AUs=611, AUs-without-SPS/PPS=17687 | reassembly-depth=0/1, bytes=0/2097152, age=0 ms/500 ms, high-water=130802 bytes/23 ms | SSRC=4011457692, restarts=1
bridge written=18238, dropped=58, connections/errors=107, AU-depth=0/4, bytes=0/4194304, current-age=0ms, max-depth=3, max-age=34ms, reconstruction-to-write-max=46284us
t=00:13:40 | packets=533933/533933 (628041307 bytes) | AUs complete=18298, IDR=611, incomplete=0 | gaps=0, out-of-order=0, bad-packets=0, oversized-datagrams=0, unsupported=0 | PTS-map-mismatch=0, nonmonotonic-PTS=0, key-flag-mismatch=0 | config-AUs=611, AUs-without-SPS/PPS=17687 | reassembly-depth=0/1, bytes=0/2097152, age=0 ms/500 ms, high-water=130802 bytes/23 ms | SSRC=4011457692, restarts=1
bridge written=18238, dropped=58, connections/errors=107, AU-depth=0/4, bytes=0/4194304, current-age=0ms, max-depth=3, max-age=34ms, reconstruction-to-write-max=46284us
t=00:13:41 | packets=533933/533933 (628041307 bytes) | AUs complete=18298, IDR=611, incomplete=0 | gaps=0, out-of-order=0, bad-packets=0, oversized-datagrams=0, unsupported=0 | PTS-map-mismatch=0, nonmonotonic-PTS=0, key-flag-mismatch=0 | config-AUs=611, AUs-without-SPS/PPS=17687 | reassembly-depth=0/1, bytes=0/2097152, age=0 ms/500 ms, high-water=130802 bytes/23 ms | SSRC=4011457692, restarts=1
bridge written=18238, dropped=58, connections/errors=107, AU-depth=0/4, bytes=0/4194304, current-age=0ms, max-depth=3, max-age=34ms, reconstruction-to-write-max=46284us
t=00:13:42 | packets=533933/533933 (628041307 bytes) | AUs complete=18298, IDR=611, incomplete=0 | gaps=0, out-of-order=0, bad-packets=0, oversized-datagrams=0, unsupported=0 | PTS-map-mismatch=0, nonmonotonic-PTS=0, key-flag-mismatch=0 | config-AUs=611, AUs-without-SPS/PPS=17687 | reassembly-depth=0/1, bytes=0/2097152, age=0 ms/500 ms, high-water=130802 bytes/23 ms | SSRC=4011457692, restarts=1
bridge written=18238, dropped=58, connections/errors=107, AU-depth=0/4, bytes=0/4194304, current-age=0ms, max-depth=3, max-age=34ms, reconstruction-to-write-max=46284us
t=00:13:44 | packets=533933/533933 (628041307 bytes) | AUs complete=18298, IDR=611, incomplete=0 | gaps=0, out-of-order=0, bad-packets=0, oversized-datagrams=0, unsupported=0 | PTS-map-mismatch=0, nonmonotonic-PTS=0, key-flag-mismatch=0 | config-AUs=611, AUs-without-SPS/PPS=17687 | reassembly-depth=0/1, bytes=0/2097152, age=0 ms/500 ms, high-water=130802 bytes/23 ms | SSRC=4011457692, restarts=1
bridge written=18238, dropped=58, connections/errors=107, AU-depth=0/4, bytes=0/4194304, current-age=0ms, max-depth=3, max-age=34ms, reconstruction-to-write-max=46284us
t=00:13:45 | packets=533933/533933 (628041307 bytes) | AUs complete=18298, IDR=611, incomplete=0 | gaps=0, out-of-order=0, bad-packets=0, oversized-datagrams=0, unsupported=0 | PTS-map-mismatch=0, nonmonotonic-PTS=0, key-flag-mismatch=0 | config-AUs=611, AUs-without-SPS/PPS=17687 | reassembly-depth=0/1, bytes=0/2097152, age=0 ms/500 ms, high-water=130802 bytes/23 ms | SSRC=4011457692, restarts=1
bridge written=18238, dropped=58, connections/errors=107, AU-depth=0/4, bytes=0/4194304, current-age=0ms, max-depth=3, max-age=34ms, reconstruction-to-write-max=46284us
t=00:13:46 | packets=533933/533933 (628041307 bytes) | AUs complete=18298, IDR=611, incomplete=0 | gaps=0, out-of-order=0, bad-packets=0, oversized-datagrams=0, unsupported=0 | PTS-map-mismatch=0, nonmonotonic-PTS=0, key-flag-mismatch=0 | config-AUs=611, AUs-without-SPS/PPS=17687 | reassembly-depth=0/1, bytes=0/2097152, age=0 ms/500 ms, high-water=130802 bytes/23 ms | SSRC=4011457692, restarts=1
bridge written=18238, dropped=58, connections/errors=107, AU-depth=0/4, bytes=0/4194304, current-age=0ms, max-depth=3, max-age=34ms, reconstruction-to-write-max=46284us
t=00:13:47 | packets=533933/533933 (628041307 bytes) | AUs complete=18298, IDR=611, incomplete=0 | gaps=0, out-of-order=0, bad-packets=0, oversized-datagrams=0, unsupported=0 | PTS-map-mismatch=0, nonmonotonic-PTS=0, key-flag-mismatch=0 | config-AUs=611, AUs-without-SPS/PPS=17687 | reassembly-depth=0/1, bytes=0/2097152, age=0 ms/500 ms, high-water=130802 bytes/23 ms | SSRC=4011457692, restarts=1
bridge written=18238, dropped=58, connections/errors=107, AU-depth=0/4, bytes=0/4194304, current-age=0ms, max-depth=3, max-age=34ms, reconstruction-to-write-max=46284us
t=00:13:48 | packets=533933/533933 (628041307 bytes) | AUs complete=18298, IDR=611, incomplete=0 | gaps=0, out-of-order=0, bad-packets=0, oversized-datagrams=0, unsupported=0 | PTS-map-mismatch=0, nonmonotonic-PTS=0, key-flag-mismatch=0 | config-AUs=611, AUs-without-SPS/PPS=17687 | reassembly-depth=0/1, bytes=0/2097152, age=0 ms/500 ms, high-water=130802 bytes/23 ms | SSRC=4011457692, restarts=1
bridge written=18238, dropped=58, connections/errors=107, AU-depth=0/4, bytes=0/4194304, current-age=0ms, max-depth=3, max-age=34ms, reconstruction-to-write-max=46284us
t=00:13:49 | packets=533933/533933 (628041307 bytes) | AUs complete=18298, IDR=611, incomplete=0 | gaps=0, out-of-order=0, bad-packets=0, oversized-datagrams=0, unsupported=0 | PTS-map-mismatch=0, nonmonotonic-PTS=0, key-flag-mismatch=0 | config-AUs=611, AUs-without-SPS/PPS=17687 | reassembly-depth=0/1, bytes=0/2097152, age=0 ms/500 ms, high-water=130802 bytes/23 ms | SSRC=4011457692, restarts=1
bridge written=18238, dropped=58, connections/errors=107, AU-depth=0/4, bytes=0/4194304, current-age=0ms, max-depth=3, max-age=34ms, reconstruction-to-write-max=46284us
t=00:13:50 | packets=533933/533933 (628041307 bytes) | AUs complete=18298, IDR=611, incomplete=0 | gaps=0, out-of-order=0, bad-packets=0, oversized-datagrams=0, unsupported=0 | PTS-map-mismatch=0, nonmonotonic-PTS=0, key-flag-mismatch=0 | config-AUs=611, AUs-without-SPS/PPS=17687 | reassembly-depth=0/1, bytes=0/2097152, age=0 ms/500 ms, high-water=130802 bytes/23 ms | SSRC=4011457692, restarts=1
bridge written=18238, dropped=58, connections/errors=107, AU-depth=0/4, bytes=0/4194304, current-age=0ms, max-depth=3, max-age=34ms, reconstruction-to-write-max=46284us
t=00:13:51 | packets=533933/533933 (628041307 bytes) | AUs complete=18298, IDR=611, incomplete=0 | gaps=0, out-of-order=0, bad-packets=0, oversized-datagrams=0, unsupported=0 | PTS-map-mismatch=0, nonmonotonic-PTS=0, key-flag-mismatch=0 | config-AUs=611, AUs-without-SPS/PPS=17687 | reassembly-depth=0/1, bytes=0/2097152, age=0 ms/500 ms, high-water=130802 bytes/23 ms | SSRC=4011457692, restarts=1
bridge written=18238, dropped=58, connections/errors=107, AU-depth=0/4, bytes=0/4194304, current-age=0ms, max-depth=3, max-age=34ms, reconstruction-to-write-max=46284us
t=00:13:52 | packets=533933/533933 (628041307 bytes) | AUs complete=18298, IDR=611, incomplete=0 | gaps=0, out-of-order=0, bad-packets=0, oversized-datagrams=0, unsupported=0 | PTS-map-mismatch=0, nonmonotonic-PTS=0, key-flag-mismatch=0 | config-AUs=611, AUs-without-SPS/PPS=17687 | reassembly-depth=0/1, bytes=0/2097152, age=0 ms/500 ms, high-water=130802 bytes/23 ms | SSRC=4011457692, restarts=1
bridge written=18238, dropped=58, connections/errors=107, AU-depth=0/4, bytes=0/4194304, current-age=0ms, max-depth=3, max-age=34ms, reconstruction-to-write-max=46284us
t=00:13:53 | packets=533933/533933 (628041307 bytes) | AUs complete=18298, IDR=611, incomplete=0 | gaps=0, out-of-order=0, bad-packets=0, oversized-datagrams=0, unsupported=0 | PTS-map-mismatch=0, nonmonotonic-PTS=0, key-flag-mismatch=0 | config-AUs=611, AUs-without-SPS/PPS=17687 | reassembly-depth=0/1, bytes=0/2097152, age=0 ms/500 ms, high-water=130802 bytes/23 ms | SSRC=4011457692, restarts=1
bridge written=18238, dropped=58, connections/errors=107, AU-depth=0/4, bytes=0/4194304, current-age=0ms, max-depth=3, max-age=34ms, reconstruction-to-write-max=46284us
t=00:13:54 | packets=533933/533933 (628041307 bytes) | AUs complete=18298, IDR=611, incomplete=0 | gaps=0, out-of-order=0, bad-packets=0, oversized-datagrams=0, unsupported=0 | PTS-map-mismatch=0, nonmonotonic-PTS=0, key-flag-mismatch=0 | config-AUs=611, AUs-without-SPS/PPS=17687 | reassembly-depth=0/1, bytes=0/2097152, age=0 ms/500 ms, high-water=130802 bytes/23 ms | SSRC=4011457692, restarts=1
bridge written=18238, dropped=58, connections/errors=107, AU-depth=0/4, bytes=0/4194304, current-age=0ms, max-depth=3, max-age=34ms, reconstruction-to-write-max=46284us
t=00:13:56 | packets=533933/533933 (628041307 bytes) | AUs complete=18298, IDR=611, incomplete=0 | gaps=0, out-of-order=0, bad-packets=0, oversized-datagrams=0, unsupported=0 | PTS-map-mismatch=0, nonmonotonic-PTS=0, key-flag-mismatch=0 | config-AUs=611, AUs-without-SPS/PPS=17687 | reassembly-depth=0/1, bytes=0/2097152, age=0 ms/500 ms, high-water=130802 bytes/23 ms | SSRC=4011457692, restarts=1
bridge written=18238, dropped=58, connections/errors=107, AU-depth=0/4, bytes=0/4194304, current-age=0ms, max-depth=3, max-age=34ms, reconstruction-to-write-max=46284us
t=00:13:57 | packets=533933/533933 (628041307 bytes) | AUs complete=18298, IDR=611, incomplete=0 | gaps=0, out-of-order=0, bad-packets=0, oversized-datagrams=0, unsupported=0 | PTS-map-mismatch=0, nonmonotonic-PTS=0, key-flag-mismatch=0 | config-AUs=611, AUs-without-SPS/PPS=17687 | reassembly-depth=0/1, bytes=0/2097152, age=0 ms/500 ms, high-water=130802 bytes/23 ms | SSRC=4011457692, restarts=1
bridge written=18238, dropped=58, connections/errors=107, AU-depth=0/4, bytes=0/4194304, current-age=0ms, max-depth=3, max-age=34ms, reconstruction-to-write-max=46284us
t=00:13:58 | packets=533933/533933 (628041307 bytes) | AUs complete=18298, IDR=611, incomplete=0 | gaps=0, out-of-order=0, bad-packets=0, oversized-datagrams=0, unsupported=0 | PTS-map-mismatch=0, nonmonotonic-PTS=0, key-flag-mismatch=0 | config-AUs=611, AUs-without-SPS/PPS=17687 | reassembly-depth=0/1, bytes=0/2097152, age=0 ms/500 ms, high-water=130802 bytes/23 ms | SSRC=4011457692, restarts=1
bridge written=18238, dropped=58, connections/errors=107, AU-depth=0/4, bytes=0/4194304, current-age=0ms, max-depth=3, max-age=34ms, reconstruction-to-write-max=46284us
t=00:13:59 | packets=533933/533933 (628041307 bytes) | AUs complete=18298, IDR=611, incomplete=0 | gaps=0, out-of-order=0, bad-packets=0, oversized-datagrams=0, unsupported=0 | PTS-map-mismatch=0, nonmonotonic-PTS=0, key-flag-mismatch=0 | config-AUs=611, AUs-without-SPS/PPS=17687 | reassembly-depth=0/1, bytes=0/2097152, age=0 ms/500 ms, high-water=130802 bytes/23 ms | SSRC=4011457692, restarts=1
bridge written=18238, dropped=58, connections/errors=107, AU-depth=0/4, bytes=0/4194304, current-age=0ms, max-depth=3, max-age=34ms, reconstruction-to-write-max=46284us
